[INFO] Initialising O2 Data Processing Layer. Driver PID: 95490.
[INFO] Driver listening on port: 13570
[INFO] Rate limiting set up at 500MB distributed over 1 readers
[INFO] O2 Data Processing Layer initialised. We brake for nobody.
[INFO] Optimised build. O2DEBUG / LOG(debug) / LOGF(debug) / assert statement will not be shown.
[INFO] Redeployment of configuration asked.
[INFO] Starting internal-dpl-clock on pid 95491
[INFO] Starting internal-dpl-aod-reader on pid 95492
[INFO] Starting internal-dpl-aod-spawner on pid 95493
[INFO] Starting internal-dpl-aod-index-builder on pid 95494
[INFO] Starting timestamp-task on pid 95495
[INFO] Starting track-propagation on pid 95496
[INFO] Starting bc-selection-task on pid 95497
[INFO] Starting tof-signal on pid 95498
[INFO] Starting event-selection-task on pid 95499
[INFO] Starting track-selection on pid 95500
[INFO] Starting pid-multiplicity on pid 95501
[INFO] Starting multiplicity-table on pid 95502
[INFO] Starting tpc-pid on pid 95503
[INFO] Starting ft0-corrected-table on pid 95504
[INFO] Starting hf-track-index-skim-creator-tag-sel-collisions on pid 95505
[INFO] Starting track-to-collision-association on pid 95506
[INFO] Starting tof-event-time on pid 95507
[INFO] Starting cascade-preselector on pid 95508
[INFO] Starting lambdakzero-preselector on pid 95509
[INFO] Starting lambdakzero-builder on pid 95510
[INFO] Starting tof-pid-full on pid 95511
[INFO] Starting hf-track-index-skim-creator-tag-sel-tracks on pid 95512
[INFO] Starting lambdakzero-initializer on pid 95513
[INFO] Starting hf-track-index-skim-creator on pid 95514
[INFO] Starting hf-track-index-skim-creator-cascades on pid 95515
[INFO] Starting lambdakzero-v0-data-link-builder on pid 95516
[INFO] Starting cascade-builder on pid 95517
[INFO] Starting cascade-initializer on pid 95518
[INFO] Starting hf-track-index-skim-creator-lf-cascades on pid 95519
[INFO] Starting cascade-link-builder on pid 95520
[INFO] Starting kfcascade-link-builder on pid 95521
[INFO] Starting tracascade-link-builder on pid 95522
[INFO] Starting hf-candidate-creator-xic0-omegac0 on pid 95523
[INFO] Starting hf-candidate-creator-xic0-omegac0-mc on pid 95524
[INFO] Starting hf-candidate-selector-to-xi-pi on pid 95525
[INFO] Starting hf-tree-creator-to-xi-pi on pid 95526
[INFO] Starting internal-dpl-aod-writer on pid 95527
[INFO] Starting internal-dpl-aod-global-analysis-file-sink on pid 95528
[INFO] Starting internal-dpl-injected-dummy-sink on pid 95529
[INFO] Redeployment of configuration done.
[95494:internal-dpl-aod-index-builder]: [INFO] Instrumenting crash signals
[95491:internal-dpl-clock]: [INFO] Instrumenting crash signals
[95493:internal-dpl-aod-spawner]: [INFO] Instrumenting crash signals
[95492:internal-dpl-aod-reader]: [INFO] Instrumenting crash signals
[95496:track-propagation]: [INFO] Instrumenting crash signals
[95495:timestamp-task]: [INFO] Instrumenting crash signals
[95497:bc-selection-task]: [INFO] Instrumenting crash signals
[95493:internal-dpl-aod-spawner]: [INFO] Spawing new device internal-dpl-aod-spawner in process with pid 95493
[95493:internal-dpl-aod-spawner]: [17:26:33][INFO] 
[95493:internal-dpl-aod-spawner]:       ______      _    _______  _________ 
[95493:internal-dpl-aod-spawner]:      / ____/___ _(_)_______   |/  /_  __ \    version 1.9.2
[95493:internal-dpl-aod-spawner]:     / /_  / __ `/ / ___/__  /|_/ /_  / / /    build RELWITHDEBINFO
[95493:internal-dpl-aod-spawner]:    / __/ / /_/ / / /    _  /  / / / /_/ /     https://github.com/FairRootGroup/FairMQ
[95493:internal-dpl-aod-spawner]:   /_/    \__,_/_/_/     /_/  /_/  \___\_\     LGPL-3.0  © 2012-2025 GSI
[95493:internal-dpl-aod-spawner]: 
[95493:internal-dpl-aod-spawner]: [17:26:33][STATE] Starting FairMQ state machine --> IDLE
[95493:internal-dpl-aod-spawner]: [17:26:33][STATE] IDLE ---> INITIALIZING DEVICE
[95494:internal-dpl-aod-index-builder]: [INFO] Spawing new device internal-dpl-aod-index-builder in process with pid 95494
[95494:internal-dpl-aod-index-builder]: [17:26:33][INFO] 
[95494:internal-dpl-aod-index-builder]:       ______      _    _______  _________ 
[95494:internal-dpl-aod-index-builder]:      / ____/___ _(_)_______   |/  /_  __ \    version 1.9.2
[95494:internal-dpl-aod-index-builder]:     / /_  / __ `/ / ___/__  /|_/ /_  / / /    build RELWITHDEBINFO
[95494:internal-dpl-aod-index-builder]:    / __/ / /_/ / / /    _  /  / / / /_/ /     https://github.com/FairRootGroup/FairMQ
[95494:internal-dpl-aod-index-builder]:   /_/    \__,_/_/_/     /_/  /_/  \___\_\     LGPL-3.0  © 2012-2025 GSI
[95494:internal-dpl-aod-index-builder]: 
[95494:internal-dpl-aod-index-builder]: [17:26:33][STATE] Starting FairMQ state machine --> IDLE
[95493:internal-dpl-aod-spawner]: [17:26:33][STATE] INITIALIZING DEVICE ---> INITIALIZED
[95493:internal-dpl-aod-spawner]: [17:26:33][STATE] INITIALIZED ---> BINDING
[95493:internal-dpl-aod-spawner]: [17:26:33][STATE] BINDING ---> BOUND
[95493:internal-dpl-aod-spawner]: [17:26:33][STATE] BOUND ---> CONNECTING
[95493:internal-dpl-aod-spawner]: [17:26:33][STATE] CONNECTING ---> DEVICE READY
[95493:internal-dpl-aod-spawner]: [17:26:33][STATE] DEVICE READY ---> INITIALIZING TASK
[95493:internal-dpl-aod-spawner]: [17:26:33][STATE] INITIALIZING TASK ---> READY
[95493:internal-dpl-aod-spawner]: [17:26:33][STATE] READY ---> RUNNING
[95493:internal-dpl-aod-spawner]: [17:26:33][INFO] fair::mq::Device running...
[95493:internal-dpl-aod-spawner]: [17:26:33][INFO] LHCPeriod is not available, using current month APR
[95493:internal-dpl-aod-spawner]: [17:26:33][INFO] Correctly handshaken websocket connection.
[INFO] Controller for internal-dpl-aod-reader not yet available.
[95491:internal-dpl-clock]: [INFO] Spawing new device internal-dpl-clock in process with pid 95491
[95491:internal-dpl-clock]: [17:26:33][INFO] 
[95491:internal-dpl-clock]:       ______      _    _______  _________ 
[95491:internal-dpl-clock]:      / ____/___ _(_)_______   |/  /_  __ \    version 1.9.2
[95491:internal-dpl-clock]:     / /_  / __ `/ / ___/__  /|_/ /_  / / /    build RELWITHDEBINFO
[95491:internal-dpl-clock]:    / __/ / /_/ / / /    _  /  / / / /_/ /     https://github.com/FairRootGroup/FairMQ
[95491:internal-dpl-clock]:   /_/    \__,_/_/_/     /_/  /_/  \___\_\     LGPL-3.0  © 2012-2025 GSI
[95491:internal-dpl-clock]: 
[95491:internal-dpl-clock]: [17:26:33][STATE] Starting FairMQ state machine --> IDLE
[95494:internal-dpl-aod-index-builder]: [17:26:33][STATE] IDLE ---> INITIALIZING DEVICE
[95494:internal-dpl-aod-index-builder]: [17:26:33][STATE] INITIALIZING DEVICE ---> INITIALIZED
[95494:internal-dpl-aod-index-builder]: [17:26:33][STATE] INITIALIZED ---> BINDING
[95492:internal-dpl-aod-reader]: [INFO] Spawing new device internal-dpl-aod-reader in process with pid 95492
[95494:internal-dpl-aod-index-builder]: [17:26:33][STATE] BINDING ---> BOUND
[95494:internal-dpl-aod-index-builder]: [17:26:33][STATE] BOUND ---> CONNECTING
[95494:internal-dpl-aod-index-builder]: [17:26:33][STATE] CONNECTING ---> DEVICE READY
[95494:internal-dpl-aod-index-builder]: [17:26:33][STATE] DEVICE READY ---> INITIALIZING TASK
[95494:internal-dpl-aod-index-builder]: [17:26:33][STATE] INITIALIZING TASK ---> READY
[95494:internal-dpl-aod-index-builder]: [17:26:33][STATE] READY ---> RUNNING
[95494:internal-dpl-aod-index-builder]: [17:26:33][INFO] fair::mq::Device running...
[95494:internal-dpl-aod-index-builder]: [17:26:33][INFO] LHCPeriod is not available, using current month APR
[95494:internal-dpl-aod-index-builder]: [17:26:33][INFO] Correctly handshaken websocket connection.
[95492:internal-dpl-aod-reader]: [17:26:33][INFO] 
[95492:internal-dpl-aod-reader]:       ______      _    _______  _________ 
[95492:internal-dpl-aod-reader]:      / ____/___ _(_)_______   |/  /_  __ \    version 1.9.2
[95492:internal-dpl-aod-reader]:     / /_  / __ `/ / ___/__  /|_/ /_  / / /    build RELWITHDEBINFO
[95492:internal-dpl-aod-reader]:    / __/ / /_/ / / /    _  /  / / / /_/ /     https://github.com/FairRootGroup/FairMQ
[95492:internal-dpl-aod-reader]:   /_/    \__,_/_/_/     /_/  /_/  \___\_\     LGPL-3.0  © 2012-2025 GSI
[95492:internal-dpl-aod-reader]: 
[95492:internal-dpl-aod-reader]: [17:26:33][STATE] Starting FairMQ state machine --> IDLE
[95498:tof-signal]: [INFO] Instrumenting crash signals
[95492:internal-dpl-aod-reader]: [17:26:33][STATE] IDLE ---> INITIALIZING DEVICE
[95491:internal-dpl-clock]: [17:26:33][STATE] IDLE ---> INITIALIZING DEVICE
[95491:internal-dpl-clock]: [17:26:33][STATE] INITIALIZING DEVICE ---> INITIALIZED
[95491:internal-dpl-clock]: [17:26:33][STATE] INITIALIZED ---> BINDING
[95491:internal-dpl-clock]: [17:26:33][STATE] BINDING ---> BOUND
[95491:internal-dpl-clock]: [17:26:33][STATE] BOUND ---> CONNECTING
[95491:internal-dpl-clock]: [17:26:33][STATE] CONNECTING ---> DEVICE READY
[95491:internal-dpl-clock]: [17:26:33][STATE] DEVICE READY ---> INITIALIZING TASK
[95491:internal-dpl-clock]: [17:26:33][STATE] INITIALIZING TASK ---> READY
[95491:internal-dpl-clock]: [17:26:33][STATE] READY ---> RUNNING
[95491:internal-dpl-clock]: [17:26:33][INFO] fair::mq::Device running...
[95491:internal-dpl-clock]: [17:26:33][INFO] LHCPeriod is not available, using current month APR
[95491:internal-dpl-clock]: [17:26:33][INFO] Correctly handshaken websocket connection.
[95500:track-selection]: [INFO] Instrumenting crash signals
[95501:pid-multiplicity]: [INFO] Instrumenting crash signals
[95499:event-selection-task]: [INFO] Instrumenting crash signals
[95496:track-propagation]: [INFO] Spawing new device track-propagation in process with pid 95496
[95496:track-propagation]: [17:26:33][INFO] 
[95496:track-propagation]:       ______      _    _______  _________ 
[95496:track-propagation]:      / ____/___ _(_)_______   |/  /_  __ \    version 1.9.2
[95496:track-propagation]:     / /_  / __ `/ / ___/__  /|_/ /_  / / /    build RELWITHDEBINFO
[95496:track-propagation]:    / __/ / /_/ / / /    _  /  / / / /_/ /     https://github.com/FairRootGroup/FairMQ
[95496:track-propagation]:   /_/    \__,_/_/_/     /_/  /_/  \___\_\     LGPL-3.0  © 2012-2025 GSI
[95496:track-propagation]: 
[95496:track-propagation]: [17:26:33][STATE] Starting FairMQ state machine --> IDLE
[95496:track-propagation]: [17:26:33][STATE] IDLE ---> INITIALIZING DEVICE
[95495:timestamp-task]: [INFO] Spawing new device timestamp-task in process with pid 95495
[95495:timestamp-task]: [17:26:33][INFO] 
[95495:timestamp-task]:       ______      _    _______  _________ 
[95495:timestamp-task]:      / ____/___ _(_)_______   |/  /_  __ \    version 1.9.2
[95495:timestamp-task]:     / /_  / __ `/ / ___/__  /|_/ /_  / / /    build RELWITHDEBINFO
[95495:timestamp-task]:    / __/ / /_/ / / /    _  /  / / / /_/ /     https://github.com/FairRootGroup/FairMQ
[95495:timestamp-task]:   /_/    \__,_/_/_/     /_/  /_/  \___\_\     LGPL-3.0  © 2012-2025 GSI
[95495:timestamp-task]: 
[95495:timestamp-task]: [17:26:33][STATE] Starting FairMQ state machine --> IDLE
[95495:timestamp-task]: [17:26:33][STATE] IDLE ---> INITIALIZING DEVICE
[95497:bc-selection-task]: [INFO] Spawing new device bc-selection-task in process with pid 95497
[95497:bc-selection-task]: [17:26:33][INFO] 
[95497:bc-selection-task]:       ______      _    _______  _________ 
[95497:bc-selection-task]:      / ____/___ _(_)_______   |/  /_  __ \    version 1.9.2
[95497:bc-selection-task]:     / /_  / __ `/ / ___/__  /|_/ /_  / / /    build RELWITHDEBINFO
[95497:bc-selection-task]:    / __/ / /_/ / / /    _  /  / / / /_/ /     https://github.com/FairRootGroup/FairMQ
[95497:bc-selection-task]:   /_/    \__,_/_/_/     /_/  /_/  \___\_\     LGPL-3.0  © 2012-2025 GSI
[95497:bc-selection-task]: 
[95497:bc-selection-task]: [17:26:33][STATE] Starting FairMQ state machine --> IDLE
[95502:multiplicity-table]: [INFO] Instrumenting crash signals
[95497:bc-selection-task]: [17:26:33][STATE] IDLE ---> INITIALIZING DEVICE
[95495:timestamp-task]: [17:26:33][INFO] Init CcdApi with UserAgentID: jinhyun-MacBook-Pro-2.local-1744964793-1B3Pxd, Host: http://alice-ccdb.cern.ch/, Curl timeouts: upload:20 download:1
[95496:track-propagation]: [17:26:33][INFO] Init CcdApi with UserAgentID: jinhyun-MacBook-Pro-2.local-1744964793-yE7X5f, Host: http://alice-ccdb.cern.ch/, Curl timeouts: upload:20 download:1
[95496:track-propagation]: [17:26:33][INFO] Enabling processCovariance
[95497:bc-selection-task]: [17:26:33][INFO] Init CcdApi with UserAgentID: jinhyun-MacBook-Pro-2.local-1744964793-xTpdFb, Host: http://alice-ccdb.cern.ch/, Curl timeouts: upload:20 download:1
[95495:timestamp-task]: [17:26:33][INFO] Initializing TimestampTask
[95497:bc-selection-task]: [17:26:33][INFO] Init CcdApi with UserAgentID: jinhyun-MacBook-Pro-2.local-1744964793-xTpdFb, Host: http://alice-ccdb.cern.ch, Curl timeouts: upload:20 download:1
[95496:track-propagation]: [17:26:33][INFO] Init CcdApi with UserAgentID: jinhyun-MacBook-Pro-2.local-1744964793-yE7X5f, Host: http://alice-ccdb.cern.ch, Curl timeouts: upload:20 download:1
[95495:timestamp-task]: [17:26:33][INFO] Init CcdApi with UserAgentID: jinhyun-MacBook-Pro-2.local-1744964793-1B3Pxd, Host: http://alice-ccdb.cern.ch, Curl timeouts: upload:20 download:1
[95495:timestamp-task]: [17:26:33][INFO] Init CcdApi with UserAgentID: jinhyun-MacBook-Pro-2.local-1744964792-pRvhBh, Host: http://alice-ccdb.cern.ch, Curl timeouts: upload:20 download:1
[95497:bc-selection-task]: [17:26:33][STATE] INITIALIZING DEVICE ---> INITIALIZED
[95497:bc-selection-task]: [17:26:33][STATE] INITIALIZED ---> BINDING
[95496:track-propagation]: [17:26:33][STATE] INITIALIZING DEVICE ---> INITIALIZED
[95496:track-propagation]: [17:26:33][STATE] INITIALIZED ---> BINDING
[95497:bc-selection-task]: [17:26:33][STATE] BINDING ---> BOUND
[95497:bc-selection-task]: [17:26:33][STATE] BOUND ---> CONNECTING
[95497:bc-selection-task]: [17:26:33][STATE] CONNECTING ---> DEVICE READY
[95497:bc-selection-task]: [17:26:33][STATE] DEVICE READY ---> INITIALIZING TASK
[95497:bc-selection-task]: [17:26:33][STATE] INITIALIZING TASK ---> READY
[95497:bc-selection-task]: [17:26:33][STATE] READY ---> RUNNING
[95497:bc-selection-task]: [17:26:33][INFO] fair::mq::Device running...
[95497:bc-selection-task]: [17:26:33][INFO] LHCPeriod is not available, using current month APR
[95497:bc-selection-task]: [17:26:33][INFO] Correctly handshaken websocket connection.
[95496:track-propagation]: [17:26:33][STATE] BINDING ---> BOUND
[95496:track-propagation]: [17:26:33][STATE] BOUND ---> CONNECTING
[95496:track-propagation]: [17:26:33][STATE] CONNECTING ---> DEVICE READY
[95496:track-propagation]: [17:26:33][STATE] DEVICE READY ---> INITIALIZING TASK
[95496:track-propagation]: [17:26:33][STATE] INITIALIZING TASK ---> READY
[95496:track-propagation]: [17:26:33][STATE] READY ---> RUNNING
[95496:track-propagation]: [17:26:33][INFO] fair::mq::Device running...
[95496:track-propagation]: [17:26:33][INFO] LHCPeriod is not available, using current month APR
[95496:track-propagation]: [17:26:33][INFO] Correctly handshaken websocket connection.
[95504:ft0-corrected-table]: [INFO] Instrumenting crash signals
[95503:tpc-pid]: [INFO] Instrumenting crash signals
[95498:tof-signal]: [INFO] Spawing new device tof-signal in process with pid 95498
[95498:tof-signal]: [17:26:33][INFO] 
[95498:tof-signal]:       ______      _    _______  _________ 
[95498:tof-signal]:      / ____/___ _(_)_______   |/  /_  __ \    version 1.9.2
[95498:tof-signal]:     / /_  / __ `/ / ___/__  /|_/ /_  / / /    build RELWITHDEBINFO
[95498:tof-signal]:    / __/ / /_/ / / /    _  /  / / / /_/ /     https://github.com/FairRootGroup/FairMQ
[95498:tof-signal]:   /_/    \__,_/_/_/     /_/  /_/  \___\_\     LGPL-3.0  © 2012-2025 GSI
[95498:tof-signal]: 
[95498:tof-signal]: [17:26:33][STATE] Starting FairMQ state machine --> IDLE
[95498:tof-signal]: [17:26:33][STATE] IDLE ---> INITIALIZING DEVICE
[95498:tof-signal]: [17:26:33][INFO] Table TOFSignal enabled!
[95498:tof-signal]: [17:26:33][INFO] Configuring selections for good match: 999 low mult 999 mult. threshold 0
[95498:tof-signal]: [17:26:33][STATE] INITIALIZING DEVICE ---> INITIALIZED
[95498:tof-signal]: [17:26:33][STATE] INITIALIZED ---> BINDING
[95498:tof-signal]: [17:26:33][STATE] BINDING ---> BOUND
[95498:tof-signal]: [17:26:33][STATE] BOUND ---> CONNECTING
[95498:tof-signal]: [17:26:33][STATE] CONNECTING ---> DEVICE READY
[95498:tof-signal]: [17:26:33][STATE] DEVICE READY ---> INITIALIZING TASK
[95498:tof-signal]: [17:26:33][STATE] INITIALIZING TASK ---> READY
[95498:tof-signal]: [17:26:33][STATE] READY ---> RUNNING
[95498:tof-signal]: [17:26:33][INFO] fair::mq::Device running...
[95498:tof-signal]: [17:26:33][INFO] LHCPeriod is not available, using current month APR
[95498:tof-signal]: [17:26:33][INFO] Correctly handshaken websocket connection.
[95501:pid-multiplicity]: [INFO] Spawing new device pid-multiplicity in process with pid 95501
[95501:pid-multiplicity]: [17:26:33][INFO] 
[95501:pid-multiplicity]:       ______      _    _______  _________ 
[95501:pid-multiplicity]:      / ____/___ _(_)_______   |/  /_  __ \    version 1.9.2
[95501:pid-multiplicity]:     / /_  / __ `/ / ___/__  /|_/ /_  / / /    build RELWITHDEBINFO
[95501:pid-multiplicity]:    / __/ / /_/ / / /    _  /  / / / /_/ /     https://github.com/FairRootGroup/FairMQ
[95501:pid-multiplicity]:   /_/    \__,_/_/_/     /_/  /_/  \___\_\     LGPL-3.0  © 2012-2025 GSI
[95501:pid-multiplicity]: 
[95501:pid-multiplicity]: [17:26:33][STATE] Starting FairMQ state machine --> IDLE
[95500:track-selection]: [INFO] Spawing new device track-selection in process with pid 95500
[95500:track-selection]: [17:26:33][INFO] 
[95500:track-selection]:       ______      _    _______  _________ 
[95500:track-selection]:      / ____/___ _(_)_______   |/  /_  __ \    version 1.9.2
[95500:track-selection]:     / /_  / __ `/ / ___/__  /|_/ /_  / / /    build RELWITHDEBINFO
[95500:track-selection]:    / __/ / /_/ / / /    _  /  / / / /_/ /     https://github.com/FairRootGroup/FairMQ
[95500:track-selection]:   /_/    \__,_/_/_/     /_/  /_/  \___\_\     LGPL-3.0  © 2012-2025 GSI
[95500:track-selection]: 
[95500:track-selection]: [17:26:33][STATE] Starting FairMQ state machine --> IDLE
[95500:track-selection]: [17:26:33][STATE] IDLE ---> INITIALIZING DEVICE
[95506:track-to-collision-association]: [INFO] Instrumenting crash signals
[95500:track-selection]: [17:26:33][INFO] Table enabled: TrackSelection
[95500:track-selection]: [17:26:33][INFO] Auto-disabling table: TrackSelectionExtension
[95500:track-selection]: [17:26:33][INFO] setting up getGlobalTrackSelectionRun3ITSMatch(TrackSelection::GlobalTrackRun3ITSMatching::Run3ITSibAny, 0);
[95500:track-selection]: [17:26:33][INFO] Track selection, set track type: 254
[95500:track-selection]: [17:26:33][INFO] Track selection, set pt range: 0.1 - 1e+10
[95500:track-selection]: [17:26:33][INFO] Track selection, set eta range: -0.8 - 0.8
[95500:track-selection]: [17:26:33][INFO] Track selection, set require ITS refit: 1
[95500:track-selection]: [17:26:33][INFO] Track selection, set require TPC refit: 1
[95500:track-selection]: [17:26:33][INFO] Track selection, set require golden chi2: 1
[95500:track-selection]: [17:26:33][INFO] Track selection, set min N crossed rows TPC: 70
[95500:track-selection]: [17:26:33][INFO] Track selection, set min N crossed rows over findable clusters TPC: 0.8
[95500:track-selection]: [17:26:33][INFO] Track selection, set max chi2 per cluster TPC: 4
[95500:track-selection]: [17:26:33][INFO] Track selection, set require hits in ITS layers: 1
[95500:track-selection]: [17:26:33][INFO] Track selection, set max chi2 per cluster ITS: 36
[95500:track-selection]: [17:26:33][INFO] Track selection, set max DCA xy pt dep: 0.0455
[95500:track-selection]: [17:26:33][INFO] Track selection, set max DCA z: 2
[95500:track-selection]: [17:26:33][INFO] Track selection, set track type: 1
[95500:track-selection]: [17:26:33][INFO] Track selection, set require hits in ITS layers: 1
[95500:track-selection]: [17:26:33][INFO] Track selection, set pt range: 0.1 - 1e+10
[95500:track-selection]: [17:26:33][INFO] Track selection, set eta range: -1 - 1
[95500:track-selection]: [17:26:33][INFO] Track selection, set track type: 1
[95500:track-selection]: [17:26:33][INFO] Track selection:
[95500:track-selection]: [17:26:33][INFO] TrackType == 1
[95500:track-selection]: [17:26:33][INFO] PtRange in [0.1, 1e+10]
[95500:track-selection]: [17:26:33][INFO] EtaRange in [-1, 1]
[95500:track-selection]: [17:26:33][INFO] TPCNCls > 0
[95500:track-selection]: [17:26:33][INFO] TPCCrossedRows > 70
[95500:track-selection]: [17:26:33][INFO] TPCCrossedRowsOverNCls > 0.8
[95500:track-selection]: [17:26:33][INFO] TPCChi2NDF < 4
[95500:track-selection]: [17:26:33][INFO] TPCRefit == 1
[95500:track-selection]: [17:26:33][INFO] ITSNCls > 0
[95500:track-selection]: [17:26:33][INFO] ITSChi2NDF < 36
[95500:track-selection]: [17:26:33][INFO] ITSRefit == 1
[95500:track-selection]: [17:26:33][INFO] ITSHits == 
[95500:track-selection]: [17:26:33][INFO] GoldenChi2 == 1
[95500:track-selection]: [17:26:33][INFO] DCAxy < 1e+10
[95500:track-selection]: [17:26:33][INFO] DCAz < 2
[95500:track-selection]: [17:26:33][INFO] TPCFracSharedCls < 1e+10
[95500:track-selection]: [17:26:33][INFO] Track selection, set track type: 254
[95500:track-selection]: [17:26:33][INFO] Track selection, set pt range: 0.1 - 1e+10
[95500:track-selection]: [17:26:33][INFO] Track selection, set eta range: -0.8 - 0.8
[95500:track-selection]: [17:26:33][INFO] Track selection, set require ITS refit: 1
[95500:track-selection]: [17:26:33][INFO] Track selection, set require TPC refit: 1
[95500:track-selection]: [17:26:33][INFO] Track selection, set require golden chi2: 1
[95500:track-selection]: [17:26:33][INFO] Track selection, set min N crossed rows TPC: 70
[95500:track-selection]: [17:26:33][INFO] Track selection, set min N crossed rows over findable clusters TPC: 0.8
[95500:track-selection]: [17:26:33][INFO] Track selection, set max chi2 per cluster TPC: 4
[95500:track-selection]: [17:26:33][INFO] Track selection, set require hits in ITS layers: 1
[95500:track-selection]: [17:26:33][INFO] Track selection, set max chi2 per cluster ITS: 36
[95500:track-selection]: [17:26:33][INFO] Track selection, set max DCA xy pt dep: 0.0455
[95500:track-selection]: [17:26:33][INFO] Track selection, set max DCA z: 2
[95500:track-selection]: [17:26:33][INFO] Track selection, set require no hits in ITS layers
[95500:track-selection]: [17:26:33][INFO] Track selection, set require hits in ITS layers: 1
[95500:track-selection]: [17:26:33][INFO] Track selection, set pt range: 0.1 - 1e+10
[95500:track-selection]: [17:26:33][INFO] Track selection, set eta range: -1 - 1
[95500:track-selection]: [17:26:33][INFO] Track selection, set track type: 254
[95500:track-selection]: [17:26:33][INFO] Track selection, set pt range: 0.1 - 1e+10
[95500:track-selection]: [17:26:33][INFO] Track selection, set eta range: -0.8 - 0.8
[95500:track-selection]: [17:26:33][INFO] Track selection, set require ITS refit: 1
[95500:track-selection]: [17:26:33][INFO] Track selection, set require TPC refit: 1
[95500:track-selection]: [17:26:33][INFO] Track selection, set require golden chi2: 1
[95500:track-selection]: [17:26:33][INFO] Track selection, set min N crossed rows TPC: 70
[95500:track-selection]: [17:26:33][INFO] Track selection, set min N crossed rows over findable clusters TPC: 0.8
[95500:track-selection]: [17:26:33][INFO] Track selection, set max chi2 per cluster TPC: 4
[95500:track-selection]: [17:26:33][INFO] Track selection, set require hits in ITS layers: 1
[95500:track-selection]: [17:26:33][INFO] Track selection, set max chi2 per cluster ITS: 36
[95500:track-selection]: [17:26:33][INFO] Track selection, set max DCA xy pt dep: 0.0455
[95500:track-selection]: [17:26:33][INFO] Track selection, set max DCA z: 2
[95500:track-selection]: [17:26:33][INFO] Track selection, set track type: 1
[95500:track-selection]: [17:26:33][INFO] Track selection, set require hits in ITS layers: 1
[95500:track-selection]: [17:26:33][INFO] Track selection, set track type: 254
[95500:track-selection]: [17:26:33][INFO] Track selection, set pt range: 0.1 - 1e+10
[95500:track-selection]: [17:26:33][INFO] Track selection, set eta range: -0.8 - 0.8
[95500:track-selection]: [17:26:33][INFO] Track selection, set require ITS refit: 1
[95500:track-selection]: [17:26:33][INFO] Track selection, set require TPC refit: 1
[95500:track-selection]: [17:26:33][INFO] Track selection, set require golden chi2: 1
[95500:track-selection]: [17:26:33][INFO] Track selection, set min N crossed rows TPC: 70
[95500:track-selection]: [17:26:33][INFO] Track selection, set min N crossed rows over findable clusters TPC: 0.8
[95500:track-selection]: [17:26:33][INFO] Track selection, set max chi2 per cluster TPC: 4
[95500:track-selection]: [17:26:33][INFO] Track selection, set require hits in ITS layers: 1
[95500:track-selection]: [17:26:33][INFO] Track selection, set max chi2 per cluster ITS: 36
[95500:track-selection]: [17:26:33][INFO] Track selection, set max DCA xy pt dep: 0.0455
[95500:track-selection]: [17:26:33][INFO] Track selection, set max DCA z: 2
[95500:track-selection]: [17:26:33][INFO] Track selection, set track type: 1
[95500:track-selection]: [17:26:33][INFO] Track selection, set require hits in ITS layers: 2
[95500:track-selection]: [17:26:33][INFO] Track selection, set track type: 1
[95500:track-selection]: [17:26:33][INFO] Track selection, set pt range: 0.1 - 1e+10
[95500:track-selection]: [17:26:33][INFO] Track selection, set eta range: -0.8 - 0.8
[95500:track-selection]: [17:26:33][INFO] Track selection, set require ITS refit: 1
[95500:track-selection]: [17:26:33][INFO] Track selection, set require TPC refit: 1
[95500:track-selection]: [17:26:33][INFO] Track selection, set require golden chi2: 1
[95500:track-selection]: [17:26:33][INFO] Track selection, set min N crossed rows TPC: 70
[95500:track-selection]: [17:26:33][INFO] Track selection, set min N crossed rows over findable clusters TPC: 0.8
[95500:track-selection]: [17:26:33][INFO] Track selection, set max chi2 per cluster TPC: 4
[95500:track-selection]: [17:26:33][INFO] Track selection, set require hits in ITS layers: 1
[95500:track-selection]: [17:26:33][INFO] Track selection, set max chi2 per cluster ITS: 36
[95500:track-selection]: [17:26:33][INFO] Track selection, set max DCA z: 2
[95500:track-selection]: [17:26:33][INFO] Track selection, set max DCA xy: 0.25
[95500:track-selection]: [17:26:33][INFO] Track selection, set track type: 254
[95500:track-selection]: [17:26:33][INFO] Track selection, set pt range: 0.1 - 1e+10
[95500:track-selection]: [17:26:33][INFO] Track selection, set eta range: -0.8 - 0.8
[95500:track-selection]: [17:26:33][INFO] Track selection, set require ITS refit: 1
[95500:track-selection]: [17:26:33][INFO] Track selection, set require TPC refit: 1
[95500:track-selection]: [17:26:33][INFO] Track selection, set require golden chi2: 1
[95500:track-selection]: [17:26:33][INFO] Track selection, set min N crossed rows TPC: 70
[95500:track-selection]: [17:26:33][INFO] Track selection, set min N crossed rows over findable clusters TPC: 0.8
[95500:track-selection]: [17:26:33][INFO] Track selection, set max chi2 per cluster TPC: 4
[95500:track-selection]: [17:26:33][INFO] Track selection, set require hits in ITS layers: 1
[95500:track-selection]: [17:26:33][INFO] Track selection, set max chi2 per cluster ITS: 36
[95500:track-selection]: [17:26:33][INFO] Track selection, set max DCA xy pt dep: 0.0455
[95500:track-selection]: [17:26:33][INFO] Track selection, set max DCA z: 2
[95500:track-selection]: [17:26:33][INFO] Track selection, set track type: 1
[95500:track-selection]: [17:26:33][INFO] Track selection, set require hits in ITS layers: 2
[95500:track-selection]: [17:26:33][INFO] setting up filtBit5 = getJEGlobalTrackSelectionRun2();
[95500:track-selection]: [17:26:33][INFO] Track selection, set track type: 254
[95500:track-selection]: [17:26:33][INFO] Track selection, set require ITS refit: 1
[95500:track-selection]: [17:26:33][INFO] Track selection, set require TPC refit: 1
[95500:track-selection]: [17:26:33][INFO] Track selection, set require golden chi2: 1
[95500:track-selection]: [17:26:33][INFO] Track selection, set min N crossed rows TPC: 70
[95500:track-selection]: [17:26:33][INFO] Track selection, set min N crossed rows over findable clusters TPC: 0.8
[95500:track-selection]: [17:26:33][INFO] Track selection, set max chi2 per cluster TPC: 4
[95500:track-selection]: [17:26:33][INFO] Track selection, set max chi2 per cluster ITS: 36
[95500:track-selection]: [17:26:33][INFO] Track selection, set pt range: 0.15 - 1000
[95500:track-selection]: [17:26:33][INFO] Track selection, set eta range: -0.9 - 0.9
[95500:track-selection]: [17:26:33][INFO] Track selection, set max DCA xy pt dep: 1e+10
[95500:track-selection]: [17:26:33][INFO] Track selection, set max DCA xy: 2.4
[95500:track-selection]: [17:26:33][INFO] Track selection, set max DCA z: 3.2
[95500:track-selection]: [17:26:33][INFO] Track selection, set require hits in ITS layers: 0
[95500:track-selection]: [17:26:33][INFO] Track selection, set max fraction of shared clusters TPC: 0.4
[95500:track-selection]: [17:26:33][STATE] INITIALIZING DEVICE ---> INITIALIZED
[95500:track-selection]: [17:26:33][STATE] INITIALIZED ---> BINDING
[95500:track-selection]: [17:26:33][STATE] BINDING ---> BOUND
[95500:track-selection]: [17:26:33][STATE] BOUND ---> CONNECTING
[95500:track-selection]: [17:26:33][STATE] CONNECTING ---> DEVICE READY
[95500:track-selection]: [17:26:33][STATE] DEVICE READY ---> INITIALIZING TASK
[95500:track-selection]: [17:26:33][STATE] INITIALIZING TASK ---> READY
[95500:track-selection]: [17:26:33][STATE] READY ---> RUNNING
[95500:track-selection]: [17:26:33][INFO] fair::mq::Device running...
[95500:track-selection]: [17:26:33][INFO] LHCPeriod is not available, using current month APR
[95500:track-selection]: [17:26:33][INFO] Correctly handshaken websocket connection.
[95507:tof-event-time]: [INFO] Instrumenting crash signals
[95501:pid-multiplicity]: [17:26:33][STATE] IDLE ---> INITIALIZING DEVICE
[95501:pid-multiplicity]: [17:26:33][INFO] Initializing PID Mult Task
[95501:pid-multiplicity]: [17:26:33][INFO] Table TPC PID Multiplicity enabled!
[95499:event-selection-task]: [INFO] Spawing new device event-selection-task in process with pid 95499
[95501:pid-multiplicity]: [17:26:33][STATE] INITIALIZING DEVICE ---> INITIALIZED
[95501:pid-multiplicity]: [17:26:33][STATE] INITIALIZED ---> BINDING
[95501:pid-multiplicity]: [17:26:33][STATE] BINDING ---> BOUND
[95501:pid-multiplicity]: [17:26:33][STATE] BOUND ---> CONNECTING
[95499:event-selection-task]: [17:26:33][INFO] 
[95499:event-selection-task]:       ______      _    _______  _________ 
[95499:event-selection-task]:      / ____/___ _(_)_______   |/  /_  __ \    version 1.9.2
[95499:event-selection-task]:     / /_  / __ `/ / ___/__  /|_/ /_  / / /    build RELWITHDEBINFO
[95499:event-selection-task]:    / __/ / /_/ / / /    _  /  / / / /_/ /     https://github.com/FairRootGroup/FairMQ
[95499:event-selection-task]:   /_/    \__,_/_/_/     /_/  /_/  \___\_\     LGPL-3.0  © 2012-2025 GSI
[95499:event-selection-task]: 
[95499:event-selection-task]: [17:26:33][STATE] Starting FairMQ state machine --> IDLE
[95501:pid-multiplicity]: [17:26:33][STATE] CONNECTING ---> DEVICE READY
[95501:pid-multiplicity]: [17:26:33][STATE] DEVICE READY ---> INITIALIZING TASK
[95501:pid-multiplicity]: [17:26:33][STATE] INITIALIZING TASK ---> READY
[95501:pid-multiplicity]: [17:26:33][STATE] READY ---> RUNNING
[95501:pid-multiplicity]: [17:26:33][INFO] fair::mq::Device running...
[95501:pid-multiplicity]: [17:26:33][INFO] LHCPeriod is not available, using current month APR
[95501:pid-multiplicity]: [17:26:33][INFO] Correctly handshaken websocket connection.
[95499:event-selection-task]: [17:26:33][STATE] IDLE ---> INITIALIZING DEVICE
[95499:event-selection-task]: [17:26:33][INFO] Init CcdApi with UserAgentID: jinhyun-MacBook-Pro-2.local-1744964793-xVrdFd, Host: http://alice-ccdb.cern.ch/, Curl timeouts: upload:20 download:1
[95499:event-selection-task]: [17:26:33][INFO] Init CcdApi with UserAgentID: jinhyun-MacBook-Pro-2.local-1744964793-xVrdFd, Host: http://alice-ccdb.cern.ch, Curl timeouts: upload:20 download:1
[95499:event-selection-task]: [17:26:33][STATE] INITIALIZING DEVICE ---> INITIALIZED
[95499:event-selection-task]: [17:26:33][STATE] INITIALIZED ---> BINDING
[95499:event-selection-task]: [17:26:33][STATE] BINDING ---> BOUND
[95499:event-selection-task]: [17:26:33][STATE] BOUND ---> CONNECTING
[95499:event-selection-task]: [17:26:33][STATE] CONNECTING ---> DEVICE READY
[95499:event-selection-task]: [17:26:33][STATE] DEVICE READY ---> INITIALIZING TASK
[95499:event-selection-task]: [17:26:33][STATE] INITIALIZING TASK ---> READY
[95499:event-selection-task]: [17:26:33][STATE] READY ---> RUNNING
[95499:event-selection-task]: [17:26:33][INFO] fair::mq::Device running...
[95499:event-selection-task]: [17:26:33][INFO] LHCPeriod is not available, using current month APR
[95499:event-selection-task]: [17:26:33][INFO] Correctly handshaken websocket connection.
[95508:cascade-preselector]: [INFO] Instrumenting crash signals
[95502:multiplicity-table]: [INFO] Spawing new device multiplicity-table in process with pid 95502
[95502:multiplicity-table]: [17:26:33][INFO] 
[95502:multiplicity-table]:       ______      _    _______  _________ 
[95502:multiplicity-table]:      / ____/___ _(_)_______   |/  /_  __ \    version 1.9.2
[95502:multiplicity-table]:     / /_  / __ `/ / ___/__  /|_/ /_  / / /    build RELWITHDEBINFO
[95502:multiplicity-table]:    / __/ / /_/ / / /    _  /  / / / /_/ /     https://github.com/FairRootGroup/FairMQ
[95502:multiplicity-table]:   /_/    \__,_/_/_/     /_/  /_/  \___\_\     LGPL-3.0  © 2012-2025 GSI
[95502:multiplicity-table]: 
[95502:multiplicity-table]: [17:26:33][STATE] Starting FairMQ state machine --> IDLE
[95509:lambdakzero-preselector]: [INFO] Instrumenting crash signals
[95504:ft0-corrected-table]: [INFO] Spawing new device ft0-corrected-table in process with pid 95504
[95504:ft0-corrected-table]: [17:26:33][INFO] 
[95504:ft0-corrected-table]:       ______      _    _______  _________ 
[95504:ft0-corrected-table]:      / ____/___ _(_)_______   |/  /_  __ \    version 1.9.2
[95504:ft0-corrected-table]:     / /_  / __ `/ / ___/__  /|_/ /_  / / /    build RELWITHDEBINFO
[95504:ft0-corrected-table]:    / __/ / /_/ / / /    _  /  / / / /_/ /     https://github.com/FairRootGroup/FairMQ
[95504:ft0-corrected-table]:   /_/    \__,_/_/_/     /_/  /_/  \___\_\     LGPL-3.0  © 2012-2025 GSI
[95504:ft0-corrected-table]: 
[95504:ft0-corrected-table]: [17:26:33][STATE] Starting FairMQ state machine --> IDLE
[95504:ft0-corrected-table]: [17:26:33][STATE] IDLE ---> INITIALIZING DEVICE
[95504:ft0-corrected-table]: [17:26:33][INFO] Init CcdApi with UserAgentID: jinhyun-MacBook-Pro-2.local-1744964793-5LpsMq, Host: http://alice-ccdb.cern.ch/, Curl timeouts: upload:20 download:1
[95504:ft0-corrected-table]: [17:26:33][INFO] Init CcdApi with UserAgentID: jinhyun-MacBook-Pro-2.local-1744964793-5LpsMq, Host: http://alice-ccdb.cern.ch, Curl timeouts: upload:20 download:1
[95504:ft0-corrected-table]: [17:26:33][STATE] INITIALIZING DEVICE ---> INITIALIZED
[95504:ft0-corrected-table]: [17:26:33][STATE] INITIALIZED ---> BINDING
[95504:ft0-corrected-table]: [17:26:33][STATE] BINDING ---> BOUND
[95504:ft0-corrected-table]: [17:26:33][STATE] BOUND ---> CONNECTING
[95504:ft0-corrected-table]: [17:26:33][STATE] CONNECTING ---> DEVICE READY
[95504:ft0-corrected-table]: [17:26:33][STATE] DEVICE READY ---> INITIALIZING TASK
[95504:ft0-corrected-table]: [17:26:33][STATE] INITIALIZING TASK ---> READY
[95504:ft0-corrected-table]: [17:26:33][STATE] READY ---> RUNNING
[95504:ft0-corrected-table]: [17:26:33][INFO] fair::mq::Device running...
[95504:ft0-corrected-table]: [17:26:33][INFO] LHCPeriod is not available, using current month APR
[95504:ft0-corrected-table]: [17:26:33][INFO] Correctly handshaken websocket connection.
[95503:tpc-pid]: [INFO] Spawing new device tpc-pid in process with pid 95503
[95503:tpc-pid]: [17:26:33][INFO] 
[95503:tpc-pid]:       ______      _    _______  _________ 
[95503:tpc-pid]:      / ____/___ _(_)_______   |/  /_  __ \    version 1.9.2
[95503:tpc-pid]:     / /_  / __ `/ / ___/__  /|_/ /_  / / /    build RELWITHDEBINFO
[95503:tpc-pid]:    / __/ / /_/ / / /    _  /  / / / /_/ /     https://github.com/FairRootGroup/FairMQ
[95503:tpc-pid]:   /_/    \__,_/_/_/     /_/  /_/  \___\_\     LGPL-3.0  © 2012-2025 GSI
[95503:tpc-pid]: 
[95503:tpc-pid]: [17:26:33][STATE] Starting FairMQ state machine --> IDLE
[95503:tpc-pid]: [17:26:33][STATE] IDLE ---> INITIALIZING DEVICE
[95510:lambdakzero-builder]: [INFO] Instrumenting crash signals
[95503:tpc-pid]: [17:26:33][INFO] Init CcdApi with UserAgentID: jinhyun-MacBook-Pro-2.local-1744964793-1JBX5l, Host: http://alice-ccdb.cern.ch/, Curl timeouts: upload:20 download:1
[95503:tpc-pid]: [17:26:33][INFO] Auto-disabling table: pidTPCFullEl
[95503:tpc-pid]: [17:26:33][INFO] Auto-disabling table: pidTPCFullMu
[95503:tpc-pid]: [17:26:33][INFO] Auto-enabling table: pidTPCFullPi
[95503:tpc-pid]: [17:26:33][INFO] Auto-disabling table: pidTPCFullKa
[95503:tpc-pid]: [17:26:33][INFO] Auto-enabling table: pidTPCFullPr
[95503:tpc-pid]: [17:26:33][INFO] Auto-disabling table: pidTPCFullDe
[95503:tpc-pid]: [17:26:33][INFO] Auto-disabling table: pidTPCFullTr
[95503:tpc-pid]: [17:26:33][INFO] Auto-disabling table: pidTPCFullHe
[95503:tpc-pid]: [17:26:33][INFO] Auto-disabling table: pidTPCFullAl
[95503:tpc-pid]: [17:26:33][INFO] Auto-disabling table: pidTPCEl
[95503:tpc-pid]: [17:26:33][INFO] Auto-disabling table: pidTPCMu
[95503:tpc-pid]: [17:26:33][INFO] Auto-disabling table: pidTPCPi
[95503:tpc-pid]: [17:26:33][INFO] Auto-disabling table: pidTPCKa
[95503:tpc-pid]: [17:26:33][INFO] Auto-disabling table: pidTPCPr
[95503:tpc-pid]: [17:26:33][INFO] Auto-disabling table: pidTPCDe
[95503:tpc-pid]: [17:26:33][INFO] Auto-disabling table: pidTPCTr
[95503:tpc-pid]: [17:26:33][INFO] Auto-disabling table: pidTPCHe
[95503:tpc-pid]: [17:26:33][INFO] Auto-disabling table: pidTPCAl
[95503:tpc-pid]: [17:26:33][INFO] Init CcdApi with UserAgentID: jinhyun-MacBook-Pro-2.local-1744964793-1JBX5l, Host: http://alice-ccdb.cern.ch, Curl timeouts: upload:20 download:1
[95503:tpc-pid]: [17:26:33][INFO] Init CcdApi with UserAgentID: jinhyun-MacBook-Pro-2.local-1744964792-xZvhJh, Host: http://alice-ccdb.cern.ch, Curl timeouts: upload:20 download:1
[95503:tpc-pid]: [17:26:33][STATE] INITIALIZING DEVICE ---> INITIALIZED
[95503:tpc-pid]: [17:26:33][STATE] INITIALIZED ---> BINDING
[95503:tpc-pid]: [17:26:33][STATE] BINDING ---> BOUND
[95503:tpc-pid]: [17:26:33][STATE] BOUND ---> CONNECTING
[95503:tpc-pid]: [17:26:33][STATE] CONNECTING ---> DEVICE READY
[95503:tpc-pid]: [17:26:33][STATE] DEVICE READY ---> INITIALIZING TASK
[95503:tpc-pid]: [17:26:33][STATE] INITIALIZING TASK ---> READY
[95503:tpc-pid]: [17:26:33][STATE] READY ---> RUNNING
[95503:tpc-pid]: [17:26:33][INFO] fair::mq::Device running...
[95503:tpc-pid]: [17:26:33][INFO] LHCPeriod is not available, using current month APR
[95503:tpc-pid]: [17:26:33][INFO] Correctly handshaken websocket connection.
[95507:tof-event-time]: [INFO] Spawing new device tof-event-time in process with pid 95507
[95507:tof-event-time]: [17:26:33][INFO] 
[95507:tof-event-time]:       ______      _    _______  _________ 
[95507:tof-event-time]:      / ____/___ _(_)_______   |/  /_  __ \    version 1.9.2
[95507:tof-event-time]:     / /_  / __ `/ / ___/__  /|_/ /_  / / /    build RELWITHDEBINFO
[95507:tof-event-time]:    / __/ / /_/ / / /    _  /  / / / /_/ /     https://github.com/FairRootGroup/FairMQ
[95507:tof-event-time]:   /_/    \__,_/_/_/     /_/  /_/  \___\_\     LGPL-3.0  © 2012-2025 GSI
[95507:tof-event-time]: 
[95507:tof-event-time]: [17:26:33][STATE] Starting FairMQ state machine --> IDLE
[95513:lambdakzero-initializer]: [INFO] Instrumenting crash signals
[95507:tof-event-time]: [17:26:33][STATE] IDLE ---> INITIALIZING DEVICE
[95507:tof-event-time]: [17:26:33][INFO] Init CcdApi with UserAgentID: jinhyun-MacBook-Pro-2.local-1744964793-5NrtNt, Host: http://alice-ccdb.cern.ch/, Curl timeouts: upload:20 download:1
[95507:tof-event-time]: [17:26:33][INFO] Checking for option 'ccdb-url' in task 'tof-signal'
[95507:tof-event-time]: [17:26:33][INFO]  Device 0 internal-dpl-clock
[95507:tof-event-time]: [17:26:33][INFO]  Device 1 internal-dpl-aod-reader
[95507:tof-event-time]: [17:26:33][INFO]  Device 2 internal-dpl-aod-spawner
[95507:tof-event-time]: [17:26:33][INFO]  Device 3 internal-dpl-aod-index-builder
[95507:tof-event-time]: [17:26:33][INFO]  Device 4 timestamp-task
[95507:tof-event-time]: [17:26:33][INFO]  Device 5 track-propagation
[95507:tof-event-time]: [17:26:33][INFO]  Device 6 bc-selection-task
[95507:tof-event-time]: [17:26:33][INFO]  Device 7 tof-signal
[95507:tof-event-time]: [17:26:33][INFO]   Option 0 ccdb-url = 'http://alice-ccdb.cern.ch'
[95507:tof-event-time]: [17:26:33][INFO]    Found option 'ccdb-url' with value 'http://alice-ccdb.cern.ch'
[95507:tof-event-time]: [17:26:33][INFO]   Option 1 ccdb-timestamp = '-1'
[95507:tof-event-time]: [17:26:33][INFO]   Option 2 timeShiftCCDBPath = ''
[95507:tof-event-time]: [17:26:33][INFO]   Option 3 distanceForGoodMatch = '999'
[95507:tof-event-time]: [17:26:33][INFO]   Option 4 distanceForGoodMatchLowMult = '999'
[95507:tof-event-time]: [17:26:33][INFO]   Option 5 multThreshold = '0'
[95507:tof-event-time]: [17:26:33][INFO]   Option 6 enableQaHistograms = '0'
[95507:tof-event-time]: [17:26:33][INFO]   Option 7 processRun3 = '1'
[95507:tof-event-time]: [17:26:33][INFO]   Option 8 processRun2 = '0'
[95507:tof-event-time]: [17:26:33][INFO] Checking for option 'ccdb-timestamp' in task 'tof-signal'
[95507:tof-event-time]: [17:26:33][INFO]  Device 0 internal-dpl-clock
[95507:tof-event-time]: [17:26:33][INFO]  Device 1 internal-dpl-aod-reader
[95507:tof-event-time]: [17:26:33][INFO]  Device 2 internal-dpl-aod-spawner
[95507:tof-event-time]: [17:26:33][INFO]  Device 3 internal-dpl-aod-index-builder
[95507:tof-event-time]: [17:26:33][INFO]  Device 4 timestamp-task
[95507:tof-event-time]: [17:26:33][INFO]  Device 5 track-propagation
[95507:tof-event-time]: [17:26:33][INFO]  Device 6 bc-selection-task
[95507:tof-event-time]: [17:26:33][INFO]  Device 7 tof-signal
[95507:tof-event-time]: [17:26:33][INFO]   Option 0 ccdb-url = 'http://alice-ccdb.cern.ch'
[95507:tof-event-time]: [17:26:33][INFO]   Option 1 ccdb-timestamp = '-1'
[95507:tof-event-time]: [17:26:33][INFO]    Found option 'ccdb-timestamp' with value '-1'
[95507:tof-event-time]: [17:26:33][INFO]   Option 2 timeShiftCCDBPath = ''
[95507:tof-event-time]: [17:26:33][INFO]   Option 3 distanceForGoodMatch = '999'
[95507:tof-event-time]: [17:26:33][INFO]   Option 4 distanceForGoodMatchLowMult = '999'
[95507:tof-event-time]: [17:26:33][INFO]   Option 5 multThreshold = '0'
[95507:tof-event-time]: [17:26:33][INFO]   Option 6 enableQaHistograms = '0'
[95507:tof-event-time]: [17:26:33][INFO]   Option 7 processRun3 = '1'
[95507:tof-event-time]: [17:26:33][INFO]   Option 8 processRun2 = '0'
[95507:tof-event-time]: [17:26:33][INFO] Configuring track sample for TOF ev. time: 0.5 < p < 2
[95507:tof-event-time]: [17:26:33][INFO] Enabling process function: processFT0
[95507:tof-event-time]: [17:26:33][INFO] Table TOFEvTime enabled!
[95507:tof-event-time]: [17:26:33][INFO] Init CcdApi with UserAgentID: jinhyun-MacBook-Pro-2.local-1744964793-5NrtNt, Host: http://alice-ccdb.cern.ch, Curl timeouts: upload:20 download:1
[95507:tof-event-time]: [17:26:33][WARN] Passed autodetect mode for pass, not implemented yet, waiting for metadata. Taking 'unanchored'
[95507:tof-event-time]: [17:26:33][INFO] Using parameter collection, starting from pass 'unanchored'
[95507:tof-event-time]: [17:26:33][INFO] Parameters 'TOFResoParamsV2'
[95507:tof-event-time]: [17:26:33][INFO] Parameter 0/12 TrkRes.Pi.P0 is 0.008
[95507:tof-event-time]: [17:26:33][INFO] Parameter 1/12 TrkRes.Pi.P1 is 0.008
[95507:tof-event-time]: [17:26:33][INFO] Parameter 2/12 TrkRes.Pi.P2 is 0.002
[95507:tof-event-time]: [17:26:33][INFO] Parameter 3/12 TrkRes.Pi.P3 is 40
[95507:tof-event-time]: [17:26:33][INFO] Parameter 4/12 time_resolution is 60
[95507:tof-event-time]: [17:26:33][INFO] Parameter 5/12 TrkRes.Ka.P0 is 0.008
[95507:tof-event-time]: [17:26:33][INFO] Parameter 6/12 TrkRes.Ka.P1 is 0.008
[95507:tof-event-time]: [17:26:33][INFO] Parameter 7/12 TrkRes.Ka.P2 is 0.002
[95507:tof-event-time]: [17:26:33][INFO] Parameter 8/12 TrkRes.Ka.P3 is 40
[95507:tof-event-time]: [17:26:33][INFO] Parameter 9/12 TrkRes.Pr.P0 is 0.008
[95507:tof-event-time]: [17:26:33][INFO] Parameter 10/12 TrkRes.Pr.P1 is 0.008
[95507:tof-event-time]: [17:26:33][INFO] Parameter 11/12 TrkRes.Pr.P2 is 0.002
[95507:tof-event-time]: [17:26:33][INFO] Parameter 12/12 TrkRes.Pr.P3 is 40
[95507:tof-event-time]: [17:26:33][INFO] eventTimeContainer configuration:
[95507:tof-event-time]: [17:26:33][INFO]  maxNtracksInSet = 10
[95507:tof-event-time]: [17:26:33][STATE] INITIALIZING DEVICE ---> INITIALIZED
[95507:tof-event-time]: [17:26:33][STATE] INITIALIZED ---> BINDING
[95507:tof-event-time]: [17:26:33][STATE] BINDING ---> BOUND
[95507:tof-event-time]: [17:26:33][STATE] BOUND ---> CONNECTING
[95507:tof-event-time]: [17:26:33][STATE] CONNECTING ---> DEVICE READY
[95507:tof-event-time]: [17:26:33][STATE] DEVICE READY ---> INITIALIZING TASK
[95507:tof-event-time]: [17:26:33][STATE] INITIALIZING TASK ---> READY
[95507:tof-event-time]: [17:26:33][STATE] READY ---> RUNNING
[95507:tof-event-time]: [17:26:33][INFO] fair::mq::Device running...
[95507:tof-event-time]: [17:26:33][INFO] LHCPeriod is not available, using current month APR
[95507:tof-event-time]: [17:26:33][INFO] Correctly handshaken websocket connection.
[95508:cascade-preselector]: [INFO] Spawing new device cascade-preselector in process with pid 95508
[95508:cascade-preselector]: [17:26:33][INFO] 
[95508:cascade-preselector]:       ______      _    _______  _________ 
[95508:cascade-preselector]:      / ____/___ _(_)_______   |/  /_  __ \    version 1.9.2
[95508:cascade-preselector]:     / /_  / __ `/ / ___/__  /|_/ /_  / / /    build RELWITHDEBINFO
[95508:cascade-preselector]:    / __/ / /_/ / / /    _  /  / / / /_/ /     https://github.com/FairRootGroup/FairMQ
[95508:cascade-preselector]:   /_/    \__,_/_/_/     /_/  /_/  \___\_\     LGPL-3.0  © 2012-2025 GSI
[95508:cascade-preselector]: 
[95508:cascade-preselector]: [17:26:33][STATE] Starting FairMQ state machine --> IDLE
[95506:track-to-collision-association]: [INFO] Spawing new device track-to-collision-association in process with pid 95506
[95506:track-to-collision-association]: [17:26:33][INFO] 
[95506:track-to-collision-association]:       ______      _    _______  _________ 
[95506:track-to-collision-association]:      / ____/___ _(_)_______   |/  /_  __ \    version 1.9.2
[95506:track-to-collision-association]:     / /_  / __ `/ / ___/__  /|_/ /_  / / /    build RELWITHDEBINFO
[95506:track-to-collision-association]:    / __/ / /_/ / / /    _  /  / / / /_/ /     https://github.com/FairRootGroup/FairMQ
[95506:track-to-collision-association]:   /_/    \__,_/_/_/     /_/  /_/  \___\_\     LGPL-3.0  © 2012-2025 GSI
[95506:track-to-collision-association]: 
[95506:track-to-collision-association]: [17:26:33][STATE] Starting FairMQ state machine --> IDLE
[95508:cascade-preselector]: [17:26:33][STATE] IDLE ---> INITIALIZING DEVICE
[95506:track-to-collision-association]: [17:26:33][STATE] IDLE ---> INITIALIZING DEVICE
[95506:track-to-collision-association]: [17:26:33][STATE] INITIALIZING DEVICE ---> INITIALIZED
[95506:track-to-collision-association]: [17:26:33][STATE] INITIALIZED ---> BINDING
[95506:track-to-collision-association]: [17:26:33][STATE] BINDING ---> BOUND
[95506:track-to-collision-association]: [17:26:33][STATE] BOUND ---> CONNECTING
[95506:track-to-collision-association]: [17:26:33][STATE] CONNECTING ---> DEVICE READY
[95506:track-to-collision-association]: [17:26:33][STATE] DEVICE READY ---> INITIALIZING TASK
[95506:track-to-collision-association]: [17:26:33][STATE] INITIALIZING TASK ---> READY
[95506:track-to-collision-association]: [17:26:33][STATE] READY ---> RUNNING
[95506:track-to-collision-association]: [17:26:33][INFO] fair::mq::Device running...
[95506:track-to-collision-association]: [17:26:33][INFO] LHCPeriod is not available, using current month APR
[95506:track-to-collision-association]: [17:26:33][INFO] Correctly handshaken websocket connection.
[95509:lambdakzero-preselector]: [INFO] Spawing new device lambdakzero-preselector in process with pid 95509
[95509:lambdakzero-preselector]: [17:26:33][INFO] 
[95509:lambdakzero-preselector]:       ______      _    _______  _________ 
[95509:lambdakzero-preselector]:      / ____/___ _(_)_______   |/  /_  __ \    version 1.9.2
[95509:lambdakzero-preselector]:     / /_  / __ `/ / ___/__  /|_/ /_  / / /    build RELWITHDEBINFO
[95509:lambdakzero-preselector]:    / __/ / /_/ / / /    _  /  / / / /_/ /     https://github.com/FairRootGroup/FairMQ
[95509:lambdakzero-preselector]:   /_/    \__,_/_/_/     /_/  /_/  \___\_\     LGPL-3.0  © 2012-2025 GSI
[95509:lambdakzero-preselector]: 
[95509:lambdakzero-preselector]: [17:26:33][STATE] Starting FairMQ state machine --> IDLE
[95509:lambdakzero-preselector]: [17:26:33][STATE] IDLE ---> INITIALIZING DEVICE
[95509:lambdakzero-preselector]: [17:26:33][INFO] Process function processBuildAll status: 1
[95509:lambdakzero-preselector]: [17:26:33][INFO] Process function doprocessBuildMCAssociated status: 0
[95509:lambdakzero-preselector]: [17:26:33][INFO] Process function doprocessBuildValiddEdx status: 0
[95509:lambdakzero-preselector]: [17:26:33][INFO] Process function doprocessBuildValiddEdxMCAssociated status: 0
[95509:lambdakzero-preselector]: [17:26:33][INFO] Process function doprocessBuildFindable status: 0
[95510:lambdakzero-builder]: [INFO] Spawing new device lambdakzero-builder in process with pid 95510
[95510:lambdakzero-builder]: [17:26:33][INFO] 
[95510:lambdakzero-builder]:       ______      _    _______  _________ 
[95510:lambdakzero-builder]:      / ____/___ _(_)_______   |/  /_  __ \    version 1.9.2
[95510:lambdakzero-builder]:     / /_  / __ `/ / ___/__  /|_/ /_  / / /    build RELWITHDEBINFO
[95510:lambdakzero-builder]:    / __/ / /_/ / / /    _  /  / / / /_/ /     https://github.com/FairRootGroup/FairMQ
[95510:lambdakzero-builder]:   /_/    \__,_/_/_/     /_/  /_/  \___\_\     LGPL-3.0  © 2012-2025 GSI
[95510:lambdakzero-builder]: 
[95510:lambdakzero-builder]: [17:26:33][STATE] Starting FairMQ state machine --> IDLE
[95510:lambdakzero-builder]: [17:26:33][STATE] IDLE ---> INITIALIZING DEVICE
[95510:lambdakzero-builder]: [17:26:34][INFO] Init CcdApi with UserAgentID: jinhyun-MacBook-Pro-2.local-1744964794-GQ3fxd, Host: http://alice-ccdb.cern.ch/, Curl timeouts: upload:20 download:1
[95513:lambdakzero-initializer]: [INFO] Spawing new device lambdakzero-initializer in process with pid 95513
[95513:lambdakzero-initializer]: [17:26:34][INFO] 
[95513:lambdakzero-initializer]:       ______      _    _______  _________ 
[95513:lambdakzero-initializer]:      / ____/___ _(_)_______   |/  /_  __ \    version 1.9.2
[95513:lambdakzero-initializer]:     / /_  / __ `/ / ___/__  /|_/ /_  / / /    build RELWITHDEBINFO
[95513:lambdakzero-initializer]:    / __/ / /_/ / / /    _  /  / / / /_/ /     https://github.com/FairRootGroup/FairMQ
[95513:lambdakzero-initializer]:   /_/    \__,_/_/_/     /_/  /_/  \___\_\     LGPL-3.0  © 2012-2025 GSI
[95513:lambdakzero-initializer]: 
[95513:lambdakzero-initializer]: [17:26:34][STATE] Starting FairMQ state machine --> IDLE
[95513:lambdakzero-initializer]: [17:26:34][STATE] IDLE ---> INITIALIZING DEVICE
[95513:lambdakzero-initializer]: [17:26:34][STATE] INITIALIZING DEVICE ---> INITIALIZED
[95513:lambdakzero-initializer]: [17:26:34][STATE] INITIALIZED ---> BINDING
[95513:lambdakzero-initializer]: [17:26:34][STATE] BINDING ---> BOUND
[95513:lambdakzero-initializer]: [17:26:34][STATE] BOUND ---> CONNECTING
[95513:lambdakzero-initializer]: [17:26:34][STATE] CONNECTING ---> DEVICE READY
[95513:lambdakzero-initializer]: [17:26:34][STATE] DEVICE READY ---> INITIALIZING TASK
[95513:lambdakzero-initializer]: [17:26:34][STATE] INITIALIZING TASK ---> READY
[95513:lambdakzero-initializer]: [17:26:34][STATE] READY ---> RUNNING
[95513:lambdakzero-initializer]: [17:26:34][INFO] fair::mq::Device running...
[95513:lambdakzero-initializer]: [17:26:34][INFO] LHCPeriod is not available, using current month APR
[95513:lambdakzero-initializer]: [17:26:34][INFO] Correctly handshaken websocket connection.
[95511:tof-pid-full]: [INFO] Instrumenting crash signals
[95511:tof-pid-full]: [INFO] Spawing new device tof-pid-full in process with pid 95511
[95511:tof-pid-full]: [17:26:34][INFO] 
[95511:tof-pid-full]:       ______      _    _______  _________ 
[95511:tof-pid-full]:      / ____/___ _(_)_______   |/  /_  __ \    version 1.9.2
[95511:tof-pid-full]:     / /_  / __ `/ / ___/__  /|_/ /_  / / /    build RELWITHDEBINFO
[95511:tof-pid-full]:    / __/ / /_/ / / /    _  /  / / / /_/ /     https://github.com/FairRootGroup/FairMQ
[95511:tof-pid-full]:   /_/    \__,_/_/_/     /_/  /_/  \___\_\     LGPL-3.0  © 2012-2025 GSI
[95511:tof-pid-full]: 
[95511:tof-pid-full]: [17:26:34][STATE] Starting FairMQ state machine --> IDLE
[95511:tof-pid-full]: [17:26:34][STATE] IDLE ---> INITIALIZING DEVICE
[95511:tof-pid-full]: [17:26:34][INFO] Init CcdApi with UserAgentID: jinhyun-MacBook-Pro-2.local-1744964794-5RvxRx, Host: http://alice-ccdb.cern.ch/, Curl timeouts: upload:20 download:1
[95511:tof-pid-full]: [17:26:34][INFO] Checking for option 'ccdb-url' in task 'tof-signal'
[95511:tof-pid-full]: [17:26:34][INFO]  Device 0 internal-dpl-clock
[95511:tof-pid-full]: [17:26:34][INFO]  Device 1 internal-dpl-aod-reader
[95511:tof-pid-full]: [17:26:34][INFO]  Device 2 internal-dpl-aod-spawner
[95511:tof-pid-full]: [17:26:34][INFO]  Device 3 internal-dpl-aod-index-builder
[95511:tof-pid-full]: [17:26:34][INFO]  Device 4 timestamp-task
[95511:tof-pid-full]: [17:26:34][INFO]  Device 5 track-propagation
[95511:tof-pid-full]: [17:26:34][INFO]  Device 6 bc-selection-task
[95511:tof-pid-full]: [17:26:34][INFO]  Device 7 tof-signal
[95511:tof-pid-full]: [17:26:34][INFO]   Option 0 ccdb-url = 'http://alice-ccdb.cern.ch'
[95511:tof-pid-full]: [17:26:34][INFO]    Found option 'ccdb-url' with value 'http://alice-ccdb.cern.ch'
[95511:tof-pid-full]: [17:26:34][INFO]   Option 1 ccdb-timestamp = '-1'
[95511:tof-pid-full]: [17:26:34][INFO]   Option 2 timeShiftCCDBPath = ''
[95511:tof-pid-full]: [17:26:34][INFO]   Option 3 distanceForGoodMatch = '999'
[95511:tof-pid-full]: [17:26:34][INFO]   Option 4 distanceForGoodMatchLowMult = '999'
[95511:tof-pid-full]: [17:26:34][INFO]   Option 5 multThreshold = '0'
[95511:tof-pid-full]: [17:26:34][INFO]   Option 6 enableQaHistograms = '0'
[95511:tof-pid-full]: [17:26:34][INFO]   Option 7 processRun3 = '1'
[95511:tof-pid-full]: [17:26:34][INFO]   Option 8 processRun2 = '0'
[95511:tof-pid-full]: [17:26:34][INFO] Checking for option 'ccdb-timestamp' in task 'tof-signal'
[95511:tof-pid-full]: [17:26:34][INFO]  Device 0 internal-dpl-clock
[95511:tof-pid-full]: [17:26:34][INFO]  Device 1 internal-dpl-aod-reader
[95511:tof-pid-full]: [17:26:34][INFO]  Device 2 internal-dpl-aod-spawner
[95511:tof-pid-full]: [17:26:34][INFO]  Device 3 internal-dpl-aod-index-builder
[95511:tof-pid-full]: [17:26:34][INFO]  Device 4 timestamp-task
[95511:tof-pid-full]: [17:26:34][INFO]  Device 5 track-propagation
[95511:tof-pid-full]: [17:26:34][INFO]  Device 6 bc-selection-task
[95511:tof-pid-full]: [17:26:34][INFO]  Device 7 tof-signal
[95511:tof-pid-full]: [17:26:34][INFO]   Option 0 ccdb-url = 'http://alice-ccdb.cern.ch'
[95511:tof-pid-full]: [17:26:34][INFO]   Option 1 ccdb-timestamp = '-1'
[95511:tof-pid-full]: [17:26:34][INFO]    Found option 'ccdb-timestamp' with value '-1'
[95511:tof-pid-full]: [17:26:34][INFO]   Option 2 timeShiftCCDBPath = ''
[95511:tof-pid-full]: [17:26:34][INFO]   Option 3 distanceForGoodMatch = '999'
[95511:tof-pid-full]: [17:26:34][INFO]   Option 4 distanceForGoodMatchLowMult = '999'
[95511:tof-pid-full]: [17:26:34][INFO]   Option 5 multThreshold = '0'
[95511:tof-pid-full]: [17:26:34][INFO]   Option 6 enableQaHistograms = '0'
[95511:tof-pid-full]: [17:26:34][INFO]   Option 7 processRun3 = '1'
[95511:tof-pid-full]: [17:26:34][INFO]   Option 8 processRun2 = '0'
[95511:tof-pid-full]: [17:26:34][INFO] Checking for option 'paramFileName' in task 'tof-event-time'
[95511:tof-pid-full]: [17:26:34][INFO]  Device 0 internal-dpl-clock
[95511:tof-pid-full]: [17:26:34][INFO]  Device 1 internal-dpl-aod-reader
[95511:tof-pid-full]: [17:26:34][INFO]  Device 2 internal-dpl-aod-spawner
[95511:tof-pid-full]: [17:26:34][INFO]  Device 3 internal-dpl-aod-index-builder
[95511:tof-pid-full]: [17:26:34][INFO]  Device 4 timestamp-task
[95511:tof-pid-full]: [17:26:34][INFO]  Device 5 track-propagation
[95511:tof-pid-full]: [17:26:34][INFO]  Device 6 bc-selection-task
[95511:tof-pid-full]: [17:26:34][INFO]  Device 7 tof-signal
[95511:tof-pid-full]: [17:26:34][INFO]  Device 8 event-selection-task
[95511:tof-pid-full]: [17:26:34][INFO]  Device 9 track-selection
[95511:tof-pid-full]: [17:26:34][INFO]  Device 10 pid-multiplicity
[95511:tof-pid-full]: [17:26:34][INFO]  Device 11 multiplicity-table
[95511:tof-pid-full]: [17:26:34][INFO]  Device 12 tpc-pid
[95511:tof-pid-full]: [17:26:34][INFO]  Device 13 ft0-corrected-table
[95511:tof-pid-full]: [17:26:34][INFO]  Device 14 hf-track-index-skim-creator-tag-sel-collisions
[95511:tof-pid-full]: [17:26:34][INFO]  Device 15 track-to-collision-association
[95511:tof-pid-full]: [17:26:34][INFO]  Device 16 tof-event-time
[95511:tof-pid-full]: [17:26:34][INFO]   Option 0 inheritFromBaseTask = '1'
[95511:tof-pid-full]: [17:26:34][INFO]   Option 1 ccdb-url = ''
[95511:tof-pid-full]: [17:26:34][INFO]   Option 2 ccdb-timestamp = '-1'
[95511:tof-pid-full]: [17:26:34][INFO]   Option 3 minMomentum = '0.5'
[95511:tof-pid-full]: [17:26:34][INFO]   Option 4 maxMomentum = '2'
[95511:tof-pid-full]: [17:26:34][INFO]   Option 5 maxEvTimeTOF = '100000'
[95511:tof-pid-full]: [17:26:34][INFO]   Option 6 sel8TOFEvTime = '0'
[95511:tof-pid-full]: [17:26:34][INFO]   Option 7 maxNtracksInSet = '10'
[95511:tof-pid-full]: [17:26:34][INFO]   Option 8 paramFileName = ''
[95511:tof-pid-full]: [17:26:34][INFO]    Found option 'paramFileName' with value ''
[95511:tof-pid-full]: [17:26:34][INFO]   Option 9 parametrizationPath = 'TOF/Calib/Params'
[95511:tof-pid-full]: [17:26:34][INFO]   Option 10 passName = ''
[95511:tof-pid-full]: [17:26:34][INFO]   Option 11 loadResponseFromCCDB = '0'
[95511:tof-pid-full]: [17:26:34][INFO]   Option 12 enableTimeDependentResponse = '0'
[95511:tof-pid-full]: [17:26:34][INFO]   Option 13 fatalOnPassNotAvailable = '1'
[95511:tof-pid-full]: [17:26:34][INFO]   Option 14 processRun2 = '0'
[95511:tof-pid-full]: [17:26:34][INFO]   Option 15 processNoFT0 = '0'
[95511:tof-pid-full]: [17:26:34][INFO]   Option 16 processFT0 = '1'
[95511:tof-pid-full]: [17:26:34][INFO]   Option 17 processOnlyFT0 = '0'
[95511:tof-pid-full]: [17:26:34][INFO] Checking for option 'parametrizationPath' in task 'tof-event-time'
[95511:tof-pid-full]: [17:26:34][INFO]  Device 0 internal-dpl-clock
[95511:tof-pid-full]: [17:26:34][INFO]  Device 1 internal-dpl-aod-reader
[95511:tof-pid-full]: [17:26:34][INFO]  Device 2 internal-dpl-aod-spawner
[95511:tof-pid-full]: [17:26:34][INFO]  Device 3 internal-dpl-aod-index-builder
[95511:tof-pid-full]: [17:26:34][INFO]  Device 4 timestamp-task
[95511:tof-pid-full]: [17:26:34][INFO]  Device 5 track-propagation
[95511:tof-pid-full]: [17:26:34][INFO]  Device 6 bc-selection-task
[95511:tof-pid-full]: [17:26:34][INFO]  Device 7 tof-signal
[95511:tof-pid-full]: [17:26:34][INFO]  Device 8 event-selection-task
[95511:tof-pid-full]: [17:26:34][INFO]  Device 9 track-selection
[95511:tof-pid-full]: [17:26:34][INFO]  Device 10 pid-multiplicity
[95511:tof-pid-full]: [17:26:34][INFO]  Device 11 multiplicity-table
[95511:tof-pid-full]: [17:26:34][INFO]  Device 12 tpc-pid
[95511:tof-pid-full]: [17:26:34][INFO]  Device 13 ft0-corrected-table
[95511:tof-pid-full]: [17:26:34][INFO]  Device 14 hf-track-index-skim-creator-tag-sel-collisions
[95511:tof-pid-full]: [17:26:34][INFO]  Device 15 track-to-collision-association
[95511:tof-pid-full]: [17:26:34][INFO]  Device 16 tof-event-time
[95511:tof-pid-full]: [17:26:34][INFO]   Option 0 inheritFromBaseTask = '1'
[95511:tof-pid-full]: [17:26:34][INFO]   Option 1 ccdb-url = ''
[95511:tof-pid-full]: [17:26:34][INFO]   Option 2 ccdb-timestamp = '-1'
[95511:tof-pid-full]: [17:26:34][INFO]   Option 3 minMomentum = '0.5'
[95511:tof-pid-full]: [17:26:34][INFO]   Option 4 maxMomentum = '2'
[95511:tof-pid-full]: [17:26:34][INFO]   Option 5 maxEvTimeTOF = '100000'
[95511:tof-pid-full]: [17:26:34][INFO]   Option 6 sel8TOFEvTime = '0'
[95511:tof-pid-full]: [17:26:34][INFO]   Option 7 maxNtracksInSet = '10'
[95511:tof-pid-full]: [17:26:34][INFO]   Option 8 paramFileName = ''
[95511:tof-pid-full]: [17:26:34][INFO]   Option 9 parametrizationPath = 'TOF/Calib/Params'
[95511:tof-pid-full]: [17:26:34][INFO]    Found option 'parametrizationPath' with value 'TOF/Calib/Params'
[95511:tof-pid-full]: [17:26:34][INFO]   Option 10 passName = ''
[95511:tof-pid-full]: [17:26:34][INFO]   Option 11 loadResponseFromCCDB = '0'
[95511:tof-pid-full]: [17:26:34][INFO]   Option 12 enableTimeDependentResponse = '0'
[95511:tof-pid-full]: [17:26:34][INFO]   Option 13 fatalOnPassNotAvailable = '1'
[95511:tof-pid-full]: [17:26:34][INFO]   Option 14 processRun2 = '0'
[95511:tof-pid-full]: [17:26:34][INFO]   Option 15 processNoFT0 = '0'
[95511:tof-pid-full]: [17:26:34][INFO]   Option 16 processFT0 = '1'
[95511:tof-pid-full]: [17:26:34][INFO]   Option 17 processOnlyFT0 = '0'
[95511:tof-pid-full]: [17:26:34][INFO] Checking for option 'passName' in task 'tof-event-time'
[95511:tof-pid-full]: [17:26:34][INFO]  Device 0 internal-dpl-clock
[95511:tof-pid-full]: [17:26:34][INFO]  Device 1 internal-dpl-aod-reader
[95511:tof-pid-full]: [17:26:34][INFO]  Device 2 internal-dpl-aod-spawner
[95511:tof-pid-full]: [17:26:34][INFO]  Device 3 internal-dpl-aod-index-builder
[95511:tof-pid-full]: [17:26:34][INFO]  Device 4 timestamp-task
[95511:tof-pid-full]: [17:26:34][INFO]  Device 5 track-propagation
[95511:tof-pid-full]: [17:26:34][INFO]  Device 6 bc-selection-task
[95511:tof-pid-full]: [17:26:34][INFO]  Device 7 tof-signal
[95511:tof-pid-full]: [17:26:34][INFO]  Device 8 event-selection-task
[95511:tof-pid-full]: [17:26:34][INFO]  Device 9 track-selection
[95511:tof-pid-full]: [17:26:34][INFO]  Device 10 pid-multiplicity
[95511:tof-pid-full]: [17:26:34][INFO]  Device 11 multiplicity-table
[95511:tof-pid-full]: [17:26:34][INFO]  Device 12 tpc-pid
[95511:tof-pid-full]: [17:26:34][INFO]  Device 13 ft0-corrected-table
[95511:tof-pid-full]: [17:26:34][INFO]  Device 14 hf-track-index-skim-creator-tag-sel-collisions
[95511:tof-pid-full]: [17:26:34][INFO]  Device 15 track-to-collision-association
[95511:tof-pid-full]: [17:26:34][INFO]  Device 16 tof-event-time
[95511:tof-pid-full]: [17:26:34][INFO]   Option 0 inheritFromBaseTask = '1'
[95511:tof-pid-full]: [17:26:34][INFO]   Option 1 ccdb-url = ''
[95511:tof-pid-full]: [17:26:34][INFO]   Option 2 ccdb-timestamp = '-1'
[95511:tof-pid-full]: [17:26:34][INFO]   Option 3 minMomentum = '0.5'
[95511:tof-pid-full]: [17:26:34][INFO]   Option 4 maxMomentum = '2'
[95511:tof-pid-full]: [17:26:34][INFO]   Option 5 maxEvTimeTOF = '100000'
[95511:tof-pid-full]: [17:26:34][INFO]   Option 6 sel8TOFEvTime = '0'
[95511:tof-pid-full]: [17:26:34][INFO]   Option 7 maxNtracksInSet = '10'
[95511:tof-pid-full]: [17:26:34][INFO]   Option 8 paramFileName = ''
[95511:tof-pid-full]: [17:26:34][INFO]   Option 9 parametrizationPath = 'TOF/Calib/Params'
[95511:tof-pid-full]: [17:26:34][INFO]   Option 10 passName = ''
[95511:tof-pid-full]: [17:26:34][INFO]    Found option 'passName' with value ''
[95511:tof-pid-full]: [17:26:34][INFO]   Option 11 loadResponseFromCCDB = '0'
[95511:tof-pid-full]: [17:26:34][INFO]   Option 12 enableTimeDependentResponse = '0'
[95511:tof-pid-full]: [17:26:34][INFO]   Option 13 fatalOnPassNotAvailable = '1'
[95511:tof-pid-full]: [17:26:34][INFO]   Option 14 processRun2 = '0'
[95511:tof-pid-full]: [17:26:34][INFO]   Option 15 processNoFT0 = '0'
[95511:tof-pid-full]: [17:26:34][INFO]   Option 16 processFT0 = '1'
[95511:tof-pid-full]: [17:26:34][INFO]   Option 17 processOnlyFT0 = '0'
[95511:tof-pid-full]: [17:26:34][INFO] Checking for option 'timeShiftCCDBPath' in task 'tof-signal'
[95511:tof-pid-full]: [17:26:34][INFO]  Device 0 internal-dpl-clock
[95511:tof-pid-full]: [17:26:34][INFO]  Device 1 internal-dpl-aod-reader
[95511:tof-pid-full]: [17:26:34][INFO]  Device 2 internal-dpl-aod-spawner
[95511:tof-pid-full]: [17:26:34][INFO]  Device 3 internal-dpl-aod-index-builder
[95511:tof-pid-full]: [17:26:34][INFO]  Device 4 timestamp-task
[95511:tof-pid-full]: [17:26:34][INFO]  Device 5 track-propagation
[95511:tof-pid-full]: [17:26:34][INFO]  Device 6 bc-selection-task
[95511:tof-pid-full]: [17:26:34][INFO]  Device 7 tof-signal
[95511:tof-pid-full]: [17:26:34][INFO]   Option 0 ccdb-url = 'http://alice-ccdb.cern.ch'
[95511:tof-pid-full]: [17:26:34][INFO]   Option 1 ccdb-timestamp = '-1'
[95511:tof-pid-full]: [17:26:34][INFO]   Option 2 timeShiftCCDBPath = ''
[95511:tof-pid-full]: [17:26:34][INFO]    Found option 'timeShiftCCDBPath' with value ''
[95511:tof-pid-full]: [17:26:34][INFO]   Option 3 distanceForGoodMatch = '999'
[95511:tof-pid-full]: [17:26:34][INFO]   Option 4 distanceForGoodMatchLowMult = '999'
[95511:tof-pid-full]: [17:26:34][INFO]   Option 5 multThreshold = '0'
[95511:tof-pid-full]: [17:26:34][INFO]   Option 6 enableQaHistograms = '0'
[95511:tof-pid-full]: [17:26:34][INFO]   Option 7 processRun3 = '1'
[95511:tof-pid-full]: [17:26:34][INFO]   Option 8 processRun2 = '0'
[95511:tof-pid-full]: [17:26:34][INFO] Checking for option 'loadResponseFromCCDB' in task 'tof-event-time'
[95511:tof-pid-full]: [17:26:34][INFO]  Device 0 internal-dpl-clock
[95511:tof-pid-full]: [17:26:34][INFO]  Device 1 internal-dpl-aod-reader
[95511:tof-pid-full]: [17:26:34][INFO]  Device 2 internal-dpl-aod-spawner
[95511:tof-pid-full]: [17:26:34][INFO]  Device 3 internal-dpl-aod-index-builder
[95511:tof-pid-full]: [17:26:34][INFO]  Device 4 timestamp-task
[95511:tof-pid-full]: [17:26:34][INFO]  Device 5 track-propagation
[95511:tof-pid-full]: [17:26:34][INFO]  Device 6 bc-selection-task
[95511:tof-pid-full]: [17:26:34][INFO]  Device 7 tof-signal
[95511:tof-pid-full]: [17:26:34][INFO]  Device 8 event-selection-task
[95511:tof-pid-full]: [17:26:34][INFO]  Device 9 track-selection
[95511:tof-pid-full]: [17:26:34][INFO]  Device 10 pid-multiplicity
[95511:tof-pid-full]: [17:26:34][INFO]  Device 11 multiplicity-table
[95511:tof-pid-full]: [17:26:34][INFO]  Device 12 tpc-pid
[95511:tof-pid-full]: [17:26:34][INFO]  Device 13 ft0-corrected-table
[95511:tof-pid-full]: [17:26:34][INFO]  Device 14 hf-track-index-skim-creator-tag-sel-collisions
[95511:tof-pid-full]: [17:26:34][INFO]  Device 15 track-to-collision-association
[95511:tof-pid-full]: [17:26:34][INFO]  Device 16 tof-event-time
[95511:tof-pid-full]: [17:26:34][INFO]   Option 0 inheritFromBaseTask = '1'
[95511:tof-pid-full]: [17:26:34][INFO]   Option 1 ccdb-url = ''
[95511:tof-pid-full]: [17:26:34][INFO]   Option 2 ccdb-timestamp = '-1'
[95511:tof-pid-full]: [17:26:34][INFO]   Option 3 minMomentum = '0.5'
[95511:tof-pid-full]: [17:26:34][INFO]   Option 4 maxMomentum = '2'
[95511:tof-pid-full]: [17:26:34][INFO]   Option 5 maxEvTimeTOF = '100000'
[95511:tof-pid-full]: [17:26:34][INFO]   Option 6 sel8TOFEvTime = '0'
[95511:tof-pid-full]: [17:26:34][INFO]   Option 7 maxNtracksInSet = '10'
[95511:tof-pid-full]: [17:26:34][INFO]   Option 8 paramFileName = ''
[95511:tof-pid-full]: [17:26:34][INFO]   Option 9 parametrizationPath = 'TOF/Calib/Params'
[95511:tof-pid-full]: [17:26:34][INFO]   Option 10 passName = ''
[95511:tof-pid-full]: [17:26:34][INFO]   Option 11 loadResponseFromCCDB = '0'
[95511:tof-pid-full]: [17:26:34][INFO]    Found option 'loadResponseFromCCDB' with value '0'
[95511:tof-pid-full]: [17:26:34][INFO]   Option 12 enableTimeDependentResponse = '0'
[95511:tof-pid-full]: [17:26:34][INFO]   Option 13 fatalOnPassNotAvailable = '1'
[95511:tof-pid-full]: [17:26:34][INFO]   Option 14 processRun2 = '0'
[95511:tof-pid-full]: [17:26:34][INFO]   Option 15 processNoFT0 = '0'
[95511:tof-pid-full]: [17:26:34][INFO]   Option 16 processFT0 = '1'
[95511:tof-pid-full]: [17:26:34][INFO]   Option 17 processOnlyFT0 = '0'
[95511:tof-pid-full]: [17:26:34][INFO] Checking for option 'enableTimeDependentResponse' in task 'tof-event-time'
[95511:tof-pid-full]: [17:26:34][INFO]  Device 0 internal-dpl-clock
[95511:tof-pid-full]: [17:26:34][INFO]  Device 1 internal-dpl-aod-reader
[95511:tof-pid-full]: [17:26:34][INFO]  Device 2 internal-dpl-aod-spawner
[95511:tof-pid-full]: [17:26:34][INFO]  Device 3 internal-dpl-aod-index-builder
[95511:tof-pid-full]: [17:26:34][INFO]  Device 4 timestamp-task
[95511:tof-pid-full]: [17:26:34][INFO]  Device 5 track-propagation
[95511:tof-pid-full]: [17:26:34][INFO]  Device 6 bc-selection-task
[95511:tof-pid-full]: [17:26:34][INFO]  Device 7 tof-signal
[95511:tof-pid-full]: [17:26:34][INFO]  Device 8 event-selection-task
[95511:tof-pid-full]: [17:26:34][INFO]  Device 9 track-selection
[95511:tof-pid-full]: [17:26:34][INFO]  Device 10 pid-multiplicity
[95511:tof-pid-full]: [17:26:34][INFO]  Device 11 multiplicity-table
[95511:tof-pid-full]: [17:26:34][INFO]  Device 12 tpc-pid
[95511:tof-pid-full]: [17:26:34][INFO]  Device 13 ft0-corrected-table
[95511:tof-pid-full]: [17:26:34][INFO]  Device 14 hf-track-index-skim-creator-tag-sel-collisions
[95511:tof-pid-full]: [17:26:34][INFO]  Device 15 track-to-collision-association
[95511:tof-pid-full]: [17:26:34][INFO]  Device 16 tof-event-time
[95511:tof-pid-full]: [17:26:34][INFO]   Option 0 inheritFromBaseTask = '1'
[95511:tof-pid-full]: [17:26:34][INFO]   Option 1 ccdb-url = ''
[95511:tof-pid-full]: [17:26:34][INFO]   Option 2 ccdb-timestamp = '-1'
[95511:tof-pid-full]: [17:26:34][INFO]   Option 3 minMomentum = '0.5'
[95511:tof-pid-full]: [17:26:34][INFO]   Option 4 maxMomentum = '2'
[95511:tof-pid-full]: [17:26:34][INFO]   Option 5 maxEvTimeTOF = '100000'
[95511:tof-pid-full]: [17:26:34][INFO]   Option 6 sel8TOFEvTime = '0'
[95511:tof-pid-full]: [17:26:34][INFO]   Option 7 maxNtracksInSet = '10'
[95511:tof-pid-full]: [17:26:34][INFO]   Option 8 paramFileName = ''
[95511:tof-pid-full]: [17:26:34][INFO]   Option 9 parametrizationPath = 'TOF/Calib/Params'
[95511:tof-pid-full]: [17:26:34][INFO]   Option 10 passName = ''
[95511:tof-pid-full]: [17:26:34][INFO]   Option 11 loadResponseFromCCDB = '0'
[95511:tof-pid-full]: [17:26:34][INFO]   Option 12 enableTimeDependentResponse = '0'
[95511:tof-pid-full]: [17:26:34][INFO]    Found option 'enableTimeDependentResponse' with value '0'
[95511:tof-pid-full]: [17:26:34][INFO]   Option 13 fatalOnPassNotAvailable = '1'
[95511:tof-pid-full]: [17:26:34][INFO]   Option 14 processRun2 = '0'
[95511:tof-pid-full]: [17:26:34][INFO]   Option 15 processNoFT0 = '0'
[95511:tof-pid-full]: [17:26:34][INFO]   Option 16 processFT0 = '1'
[95511:tof-pid-full]: [17:26:34][INFO]   Option 17 processOnlyFT0 = '0'
[95511:tof-pid-full]: [17:26:34][INFO] Checking for option 'fatalOnPassNotAvailable' in task 'tof-event-time'
[95511:tof-pid-full]: [17:26:34][INFO]  Device 0 internal-dpl-clock
[95511:tof-pid-full]: [17:26:34][INFO]  Device 1 internal-dpl-aod-reader
[95511:tof-pid-full]: [17:26:34][INFO]  Device 2 internal-dpl-aod-spawner
[95511:tof-pid-full]: [17:26:34][INFO]  Device 3 internal-dpl-aod-index-builder
[95511:tof-pid-full]: [17:26:34][INFO]  Device 4 timestamp-task
[95511:tof-pid-full]: [17:26:34][INFO]  Device 5 track-propagation
[95511:tof-pid-full]: [17:26:34][INFO]  Device 6 bc-selection-task
[95511:tof-pid-full]: [17:26:34][INFO]  Device 7 tof-signal
[95511:tof-pid-full]: [17:26:34][INFO]  Device 8 event-selection-task
[95511:tof-pid-full]: [17:26:34][INFO]  Device 9 track-selection
[95511:tof-pid-full]: [17:26:34][INFO]  Device 10 pid-multiplicity
[95511:tof-pid-full]: [17:26:34][INFO]  Device 11 multiplicity-table
[95511:tof-pid-full]: [17:26:34][INFO]  Device 12 tpc-pid
[95511:tof-pid-full]: [17:26:34][INFO]  Device 13 ft0-corrected-table
[95511:tof-pid-full]: [17:26:34][INFO]  Device 14 hf-track-index-skim-creator-tag-sel-collisions
[95511:tof-pid-full]: [17:26:34][INFO]  Device 15 track-to-collision-association
[95511:tof-pid-full]: [17:26:34][INFO]  Device 16 tof-event-time
[95511:tof-pid-full]: [17:26:34][INFO]   Option 0 inheritFromBaseTask = '1'
[95511:tof-pid-full]: [17:26:34][INFO]   Option 1 ccdb-url = ''
[95511:tof-pid-full]: [17:26:34][INFO]   Option 2 ccdb-timestamp = '-1'
[95511:tof-pid-full]: [17:26:34][INFO]   Option 3 minMomentum = '0.5'
[95511:tof-pid-full]: [17:26:34][INFO]   Option 4 maxMomentum = '2'
[95511:tof-pid-full]: [17:26:34][INFO]   Option 5 maxEvTimeTOF = '100000'
[95511:tof-pid-full]: [17:26:34][INFO]   Option 6 sel8TOFEvTime = '0'
[95511:tof-pid-full]: [17:26:34][INFO]   Option 7 maxNtracksInSet = '10'
[95511:tof-pid-full]: [17:26:34][INFO]   Option 8 paramFileName = ''
[95511:tof-pid-full]: [17:26:34][INFO]   Option 9 parametrizationPath = 'TOF/Calib/Params'
[95511:tof-pid-full]: [17:26:34][INFO]   Option 10 passName = ''
[95511:tof-pid-full]: [17:26:34][INFO]   Option 11 loadResponseFromCCDB = '0'
[95511:tof-pid-full]: [17:26:34][INFO]   Option 12 enableTimeDependentResponse = '0'
[95511:tof-pid-full]: [17:26:34][INFO]   Option 13 fatalOnPassNotAvailable = '1'
[95511:tof-pid-full]: [17:26:34][INFO]    Found option 'fatalOnPassNotAvailable' with value '1'
[95511:tof-pid-full]: [17:26:34][INFO]   Option 14 processRun2 = '0'
[95511:tof-pid-full]: [17:26:34][INFO]   Option 15 processNoFT0 = '0'
[95511:tof-pid-full]: [17:26:34][INFO]   Option 16 processFT0 = '1'
[95511:tof-pid-full]: [17:26:34][INFO]   Option 17 processOnlyFT0 = '0'
[95511:tof-pid-full]: [17:26:34][INFO] Auto-disabling table: pidTOFFullEl
[95511:tof-pid-full]: [17:26:34][INFO] Auto-disabling table: pidTOFFullMu
[95511:tof-pid-full]: [17:26:34][INFO] Auto-enabling table: pidTOFFullPi
[95511:tof-pid-full]: [17:26:34][INFO] Auto-disabling table: pidTOFFullKa
[95511:tof-pid-full]: [17:26:34][INFO] Auto-enabling table: pidTOFFullPr
[95511:tof-pid-full]: [17:26:34][INFO] Auto-disabling table: pidTOFFullDe
[95511:tof-pid-full]: [17:26:34][INFO] Auto-disabling table: pidTOFFullTr
[95511:tof-pid-full]: [17:26:34][INFO] Auto-disabling table: pidTOFFullHe
[95511:tof-pid-full]: [17:26:34][INFO] Auto-disabling table: pidTOFFullAl
[95511:tof-pid-full]: [17:26:34][INFO] ++ Enabled tables:
[95511:tof-pid-full]: [17:26:34][INFO] ++  pidTOFFullPi is enabled
[95511:tof-pid-full]: [17:26:34][INFO] ++  pidTOFFullPr is enabled
[95511:tof-pid-full]: [17:26:34][INFO] Init CcdApi with UserAgentID: jinhyun-MacBook-Pro-2.local-1744964794-5RvxRx, Host: http://alice-ccdb.cern.ch, Curl timeouts: upload:20 download:1
[95511:tof-pid-full]: [17:26:34][WARN] Passed autodetect mode for pass, not implemented yet, waiting for metadata. Taking 'unanchored'
[95511:tof-pid-full]: [17:26:34][INFO] Using parameter collection, starting from pass 'unanchored'
[95511:tof-pid-full]: [17:26:34][INFO] Parameters 'TOFResoParamsV2'
[95511:tof-pid-full]: [17:26:34][INFO] Parameter 0/12 TrkRes.Pi.P0 is 0.008
[95511:tof-pid-full]: [17:26:34][INFO] Parameter 1/12 TrkRes.Pi.P1 is 0.008
[95511:tof-pid-full]: [17:26:34][INFO] Parameter 2/12 TrkRes.Pi.P2 is 0.002
[95511:tof-pid-full]: [17:26:34][INFO] Parameter 3/12 TrkRes.Pi.P3 is 40
[95511:tof-pid-full]: [17:26:34][INFO] Parameter 4/12 time_resolution is 60
[95511:tof-pid-full]: [17:26:34][INFO] Parameter 5/12 TrkRes.Ka.P0 is 0.008
[95511:tof-pid-full]: [17:26:34][INFO] Parameter 6/12 TrkRes.Ka.P1 is 0.008
[95511:tof-pid-full]: [17:26:34][INFO] Parameter 7/12 TrkRes.Ka.P2 is 0.002
[95511:tof-pid-full]: [17:26:34][INFO] Parameter 8/12 TrkRes.Ka.P3 is 40
[95511:tof-pid-full]: [17:26:34][INFO] Parameter 9/12 TrkRes.Pr.P0 is 0.008
[95511:tof-pid-full]: [17:26:34][INFO] Parameter 10/12 TrkRes.Pr.P1 is 0.008
[95511:tof-pid-full]: [17:26:34][INFO] Parameter 11/12 TrkRes.Pr.P2 is 0.002
[95511:tof-pid-full]: [17:26:34][INFO] Parameter 12/12 TrkRes.Pr.P3 is 40
[95511:tof-pid-full]: [17:26:34][STATE] INITIALIZING DEVICE ---> INITIALIZED
[95511:tof-pid-full]: [17:26:34][STATE] INITIALIZED ---> BINDING
[95511:tof-pid-full]: [17:26:34][STATE] BINDING ---> BOUND
[95511:tof-pid-full]: [17:26:34][STATE] BOUND ---> CONNECTING
[95511:tof-pid-full]: [17:26:34][STATE] CONNECTING ---> DEVICE READY
[95511:tof-pid-full]: [17:26:34][STATE] DEVICE READY ---> INITIALIZING TASK
[95511:tof-pid-full]: [17:26:34][STATE] INITIALIZING TASK ---> READY
[95511:tof-pid-full]: [17:26:34][STATE] READY ---> RUNNING
[95511:tof-pid-full]: [17:26:34][INFO] fair::mq::Device running...
[95511:tof-pid-full]: [17:26:34][INFO] LHCPeriod is not available, using current month APR
[95511:tof-pid-full]: [17:26:34][INFO] Correctly handshaken websocket connection.
[95495:timestamp-task]: [17:26:34][INFO] From metadata this data is from Run 2
[95495:timestamp-task]: [17:26:34][INFO] From metadata this data is from Data
[95495:timestamp-task]: [17:26:34][STATE] INITIALIZING DEVICE ---> INITIALIZED
[95495:timestamp-task]: [17:26:34][STATE] INITIALIZED ---> BINDING
[95495:timestamp-task]: [17:26:34][STATE] BINDING ---> BOUND
[95495:timestamp-task]: [17:26:34][STATE] BOUND ---> CONNECTING
[95495:timestamp-task]: [17:26:34][STATE] CONNECTING ---> DEVICE READY
[95495:timestamp-task]: [17:26:34][STATE] DEVICE READY ---> INITIALIZING TASK
[95495:timestamp-task]: [17:26:34][STATE] INITIALIZING TASK ---> READY
[95495:timestamp-task]: [17:26:34][STATE] READY ---> RUNNING
[95495:timestamp-task]: [17:26:34][INFO] fair::mq::Device running...
[95495:timestamp-task]: [17:26:34][INFO] LHCPeriod is not available, using current month APR
[95495:timestamp-task]: [17:26:34][INFO] Correctly handshaken websocket connection.
[95510:lambdakzero-builder]: [17:26:35][INFO] Init CcdApi with UserAgentID: jinhyun-MacBook-Pro-2.local-1744964794-GQ3fxd, Host: http://alice-ccdb.cern.ch, Curl timeouts: upload:20 download:1
[95510:lambdakzero-builder]: [17:26:35][INFO] LUT correction requested, will load LUT when initializing with timestamp...
[95510:lambdakzero-builder]: [17:26:35][INFO]  -+*> process call configuration:
[95508:cascade-preselector]: [17:26:35][STATE] INITIALIZING DEVICE ---> INITIALIZED
[95510:lambdakzero-builder]: [17:26:35][INFO]  ---+*> Run 3 processing enabled. Will subscribe to TracksIU table.
[95508:cascade-preselector]: [17:26:35][STATE] INITIALIZED ---> BINDING
[95510:lambdakzero-builder]: [17:26:35][STATE] INITIALIZING DEVICE ---> INITIALIZED
[95510:lambdakzero-builder]: [17:26:35][STATE] INITIALIZED ---> BINDING
[95508:cascade-preselector]: [17:26:35][STATE] BINDING ---> BOUND
[95508:cascade-preselector]: [17:26:35][STATE] BOUND ---> CONNECTING
[95508:cascade-preselector]: [17:26:35][STATE] CONNECTING ---> DEVICE READY
[95508:cascade-preselector]: [17:26:35][STATE] DEVICE READY ---> INITIALIZING TASK
[95508:cascade-preselector]: [17:26:35][STATE] INITIALIZING TASK ---> READY
[95508:cascade-preselector]: [17:26:35][STATE] READY ---> RUNNING
[95508:cascade-preselector]: [17:26:35][INFO] fair::mq::Device running...
[95508:cascade-preselector]: [17:26:35][INFO] LHCPeriod is not available, using current month APR
[95508:cascade-preselector]: [17:26:35][INFO] Correctly handshaken websocket connection.
[95509:lambdakzero-preselector]: [17:26:35][STATE] INITIALIZING DEVICE ---> INITIALIZED
[95509:lambdakzero-preselector]: [17:26:35][STATE] INITIALIZED ---> BINDING
[95509:lambdakzero-preselector]: [17:26:35][STATE] BINDING ---> BOUND
[95509:lambdakzero-preselector]: [17:26:35][STATE] BOUND ---> CONNECTING
[95509:lambdakzero-preselector]: [17:26:35][STATE] CONNECTING ---> DEVICE READY
[95509:lambdakzero-preselector]: [17:26:35][STATE] DEVICE READY ---> INITIALIZING TASK
[95509:lambdakzero-preselector]: [17:26:35][STATE] INITIALIZING TASK ---> READY
[95509:lambdakzero-preselector]: [17:26:35][STATE] READY ---> RUNNING
[95509:lambdakzero-preselector]: [17:26:35][INFO] fair::mq::Device running...
[95509:lambdakzero-preselector]: [17:26:35][INFO] LHCPeriod is not available, using current month APR
[95510:lambdakzero-builder]: [17:26:35][STATE] BINDING ---> BOUND
[95510:lambdakzero-builder]: [17:26:35][STATE] BOUND ---> CONNECTING
[95510:lambdakzero-builder]: [17:26:35][STATE] CONNECTING ---> DEVICE READY
[95510:lambdakzero-builder]: [17:26:35][STATE] DEVICE READY ---> INITIALIZING TASK
[95510:lambdakzero-builder]: [17:26:35][STATE] INITIALIZING TASK ---> READY
[95510:lambdakzero-builder]: [17:26:35][STATE] READY ---> RUNNING
[95510:lambdakzero-builder]: [17:26:35][INFO] fair::mq::Device running...
[95510:lambdakzero-builder]: [17:26:35][INFO] LHCPeriod is not available, using current month APR
[95502:multiplicity-table]: Warning in <TDatabasePDG::AddParticle>: Particle with PDGcode=1000030040 already defined
[95509:lambdakzero-preselector]: [17:26:35][INFO] Correctly handshaken websocket connection.
[95510:lambdakzero-builder]: [17:26:35][INFO] Correctly handshaken websocket connection.
[95502:multiplicity-table]: [17:26:35][STATE] IDLE ---> INITIALIZING DEVICE
[95502:multiplicity-table]: [17:26:35][INFO] Init CcdApi with UserAgentID: jinhyun-MacBook-Pro-2.local-1744964795-xZvgIg, Host: http://alice-ccdb.cern.ch/, Curl timeouts: upload:20 download:1
[95502:multiplicity-table]: [17:26:35][INFO] Auto-disabling table: FV0Mults
[95502:multiplicity-table]: [17:26:35][INFO] Auto-disabling table: FT0Mults
[95502:multiplicity-table]: [17:26:35][INFO] Auto-disabling table: FDDMults
[95502:multiplicity-table]: [17:26:35][INFO] Auto-disabling table: ZDCMults
[95502:multiplicity-table]: [17:26:35][INFO] Auto-disabling table: TrackletMults
[95502:multiplicity-table]: [17:26:35][INFO] Auto-disabling table: TPCMults
[95502:multiplicity-table]: [17:26:35][INFO] Auto-disabling table: PVMults
[95502:multiplicity-table]: [17:26:35][INFO] Auto-disabling table: MultsExtra
[95502:multiplicity-table]: [17:26:35][INFO] Auto-disabling table: MultSelections
[95502:multiplicity-table]: [17:26:35][INFO] Auto-disabling table: FV0MultZeqs
[95502:multiplicity-table]: [17:26:35][INFO] Auto-disabling table: FT0MultZeqs
[95502:multiplicity-table]: [17:26:35][INFO] Auto-disabling table: FDDMultZeqs
[95502:multiplicity-table]: [17:26:35][INFO] Auto-disabling table: PVMultZeqs
[95502:multiplicity-table]: [17:26:35][INFO] Auto-disabling table: MultMCExtras
[95502:multiplicity-table]: [17:26:35][INFO] Init CcdApi with UserAgentID: jinhyun-MacBook-Pro-2.local-1744964795-xZvgIg, Host: http://alice-ccdb.cern.ch, Curl timeouts: upload:20 download:1
[95502:multiplicity-table]: [17:26:35][STATE] INITIALIZING DEVICE ---> INITIALIZED
[95502:multiplicity-table]: [17:26:35][STATE] INITIALIZED ---> BINDING
[95502:multiplicity-table]: [17:26:35][STATE] BINDING ---> BOUND
[95502:multiplicity-table]: [17:26:35][STATE] BOUND ---> CONNECTING
[95502:multiplicity-table]: [17:26:35][STATE] CONNECTING ---> DEVICE READY
[95502:multiplicity-table]: [17:26:35][STATE] DEVICE READY ---> INITIALIZING TASK
[95502:multiplicity-table]: [17:26:35][STATE] INITIALIZING TASK ---> READY
[95502:multiplicity-table]: [17:26:35][STATE] READY ---> RUNNING
[95502:multiplicity-table]: [17:26:35][INFO] fair::mq::Device running...
[95502:multiplicity-table]: [17:26:35][INFO] LHCPeriod is not available, using current month APR
[95502:multiplicity-table]: [17:26:35][INFO] Correctly handshaken websocket connection.
[95492:internal-dpl-aod-reader]: [17:26:35][STATE] INITIALIZING DEVICE ---> INITIALIZED
[95492:internal-dpl-aod-reader]: [17:26:35][STATE] INITIALIZED ---> BINDING
[95492:internal-dpl-aod-reader]: [17:26:35][STATE] BINDING ---> BOUND
[95492:internal-dpl-aod-reader]: [17:26:35][STATE] BOUND ---> CONNECTING
[95492:internal-dpl-aod-reader]: [17:26:35][STATE] CONNECTING ---> DEVICE READY
[95492:internal-dpl-aod-reader]: [17:26:35][STATE] DEVICE READY ---> INITIALIZING TASK
[INFO] Controller for internal-dpl-aod-reader now available.
[95492:internal-dpl-aod-reader]: [17:26:35][STATE] INITIALIZING TASK ---> READY
[95492:internal-dpl-aod-reader]: [17:26:35][STATE] READY ---> RUNNING
[95492:internal-dpl-aod-reader]: [17:26:35][INFO] fair::mq::Device running...
[95492:internal-dpl-aod-reader]: [17:26:35][INFO] LHCPeriod is not available, using current month APR
[95492:internal-dpl-aod-reader]: [17:26:35][INFO] Correctly handshaken websocket connection.
[95512:hf-track-index-skim-creator-tag-sel-tracks]: [INFO] Instrumenting crash signals
[95505:hf-track-index-skim-creator-tag-sel-collisions]: [INFO] Instrumenting crash signals
[95515:hf-track-index-skim-creator-cascades]: [INFO] Instrumenting crash signals
[95512:hf-track-index-skim-creator-tag-sel-tracks]: [INFO] Spawing new device hf-track-index-skim-creator-tag-sel-tracks in process with pid 95512
[95512:hf-track-index-skim-creator-tag-sel-tracks]: [17:26:35][INFO] 
[95512:hf-track-index-skim-creator-tag-sel-tracks]:       ______      _    _______  _________ 
[95512:hf-track-index-skim-creator-tag-sel-tracks]:      / ____/___ _(_)_______   |/  /_  __ \    version 1.9.2
[95512:hf-track-index-skim-creator-tag-sel-tracks]:     / /_  / __ `/ / ___/__  /|_/ /_  / / /    build RELWITHDEBINFO
[95512:hf-track-index-skim-creator-tag-sel-tracks]:    / __/ / /_/ / / /    _  /  / / / /_/ /     https://github.com/FairRootGroup/FairMQ
[95512:hf-track-index-skim-creator-tag-sel-tracks]:   /_/    \__,_/_/_/     /_/  /_/  \___\_\     LGPL-3.0  © 2012-2025 GSI
[95512:hf-track-index-skim-creator-tag-sel-tracks]: 
[95512:hf-track-index-skim-creator-tag-sel-tracks]: [17:26:35][STATE] Starting FairMQ state machine --> IDLE
[95512:hf-track-index-skim-creator-tag-sel-tracks]: [17:26:35][STATE] IDLE ---> INITIALIZING DEVICE
[95512:hf-track-index-skim-creator-tag-sel-tracks]: [17:26:35][INFO] Init CcdApi with UserAgentID: jinhyun-MacBook-Pro-2.local-1744964795-EU7n5f, Host: http://alice-ccdb.cern.ch/, Curl timeouts: upload:20 download:1
[95516:lambdakzero-v0-data-link-builder]: [INFO] Instrumenting crash signals
[95505:hf-track-index-skim-creator-tag-sel-collisions]: [INFO] Spawing new device hf-track-index-skim-creator-tag-sel-collisions in process with pid 95505
[95505:hf-track-index-skim-creator-tag-sel-collisions]: [17:26:35][INFO] 
[95505:hf-track-index-skim-creator-tag-sel-collisions]:       ______      _    _______  _________ 
[95505:hf-track-index-skim-creator-tag-sel-collisions]:      / ____/___ _(_)_______   |/  /_  __ \    version 1.9.2
[95505:hf-track-index-skim-creator-tag-sel-collisions]:     / /_  / __ `/ / ___/__  /|_/ /_  / / /    build RELWITHDEBINFO
[95505:hf-track-index-skim-creator-tag-sel-collisions]:    / __/ / /_/ / / /    _  /  / / / /_/ /     https://github.com/FairRootGroup/FairMQ
[95505:hf-track-index-skim-creator-tag-sel-collisions]:   /_/    \__,_/_/_/     /_/  /_/  \___\_\     LGPL-3.0  © 2012-2025 GSI
[95505:hf-track-index-skim-creator-tag-sel-collisions]: 
[95505:hf-track-index-skim-creator-tag-sel-collisions]: [17:26:35][STATE] Starting FairMQ state machine --> IDLE
[95505:hf-track-index-skim-creator-tag-sel-collisions]: [17:26:35][STATE] IDLE ---> INITIALIZING DEVICE
[95514:hf-track-index-skim-creator]: [INFO] Instrumenting crash signals
[95505:hf-track-index-skim-creator-tag-sel-collisions]: [17:26:35][INFO] Init CcdApi with UserAgentID: jinhyun-MacBook-Pro-2.local-1744964795-FNzfxX, Host: http://alice-ccdb.cern.ch/, Curl timeouts: upload:20 download:1
[95515:hf-track-index-skim-creator-cascades]: [INFO] Spawing new device hf-track-index-skim-creator-cascades in process with pid 95515
[95515:hf-track-index-skim-creator-cascades]: [17:26:35][INFO] 
[95515:hf-track-index-skim-creator-cascades]:       ______      _    _______  _________ 
[95515:hf-track-index-skim-creator-cascades]:      / ____/___ _(_)_______   |/  /_  __ \    version 1.9.2
[95515:hf-track-index-skim-creator-cascades]:     / /_  / __ `/ / ___/__  /|_/ /_  / / /    build RELWITHDEBINFO
[95515:hf-track-index-skim-creator-cascades]:    / __/ / /_/ / / /    _  /  / / / /_/ /     https://github.com/FairRootGroup/FairMQ
[95515:hf-track-index-skim-creator-cascades]:   /_/    \__,_/_/_/     /_/  /_/  \___\_\     LGPL-3.0  © 2012-2025 GSI
[95515:hf-track-index-skim-creator-cascades]: 
[95515:hf-track-index-skim-creator-cascades]: [17:26:35][STATE] Starting FairMQ state machine --> IDLE
[95515:hf-track-index-skim-creator-cascades]: [17:26:35][STATE] IDLE ---> INITIALIZING DEVICE
[95515:hf-track-index-skim-creator-cascades]: [17:26:35][INFO] Init CcdApi with UserAgentID: jinhyun-MacBook-Pro-2.local-1744964795-HV7n5h, Host: http://alice-ccdb.cern.ch/, Curl timeouts: upload:20 download:1
[95515:hf-track-index-skim-creator-cascades]: [17:26:35][STATE] INITIALIZING DEVICE ---> INITIALIZED
[95515:hf-track-index-skim-creator-cascades]: [17:26:35][STATE] INITIALIZED ---> BINDING
[95515:hf-track-index-skim-creator-cascades]: [17:26:35][STATE] BINDING ---> BOUND
[95515:hf-track-index-skim-creator-cascades]: [17:26:35][STATE] BOUND ---> CONNECTING
[95515:hf-track-index-skim-creator-cascades]: [17:26:35][STATE] CONNECTING ---> DEVICE READY
[95515:hf-track-index-skim-creator-cascades]: [17:26:35][STATE] DEVICE READY ---> INITIALIZING TASK
[95515:hf-track-index-skim-creator-cascades]: [17:26:35][STATE] INITIALIZING TASK ---> READY
[95515:hf-track-index-skim-creator-cascades]: [17:26:35][STATE] READY ---> RUNNING
[95515:hf-track-index-skim-creator-cascades]: [17:26:35][INFO] fair::mq::Device running...
[95515:hf-track-index-skim-creator-cascades]: [17:26:35][INFO] LHCPeriod is not available, using current month APR
[95515:hf-track-index-skim-creator-cascades]: [17:26:35][INFO] Correctly handshaken websocket connection.
[95518:cascade-initializer]: [INFO] Instrumenting crash signals
[95517:cascade-builder]: [INFO] Instrumenting crash signals
[95516:lambdakzero-v0-data-link-builder]: [INFO] Spawing new device lambdakzero-v0-data-link-builder in process with pid 95516
[95516:lambdakzero-v0-data-link-builder]: [17:26:35][INFO] 
[95516:lambdakzero-v0-data-link-builder]:       ______      _    _______  _________ 
[95516:lambdakzero-v0-data-link-builder]:      / ____/___ _(_)_______   |/  /_  __ \    version 1.9.2
[95516:lambdakzero-v0-data-link-builder]:     / /_  / __ `/ / ___/__  /|_/ /_  / / /    build RELWITHDEBINFO
[95516:lambdakzero-v0-data-link-builder]:    / __/ / /_/ / / /    _  /  / / / /_/ /     https://github.com/FairRootGroup/FairMQ
[95516:lambdakzero-v0-data-link-builder]:   /_/    \__,_/_/_/     /_/  /_/  \___\_\     LGPL-3.0  © 2012-2025 GSI
[95516:lambdakzero-v0-data-link-builder]: 
[95516:lambdakzero-v0-data-link-builder]: [17:26:35][STATE] Starting FairMQ state machine --> IDLE
[95516:lambdakzero-v0-data-link-builder]: [17:26:35][STATE] IDLE ---> INITIALIZING DEVICE
[95516:lambdakzero-v0-data-link-builder]: [17:26:35][STATE] INITIALIZING DEVICE ---> INITIALIZED
[95516:lambdakzero-v0-data-link-builder]: [17:26:35][STATE] INITIALIZED ---> BINDING
[95516:lambdakzero-v0-data-link-builder]: [17:26:35][STATE] BINDING ---> BOUND
[95516:lambdakzero-v0-data-link-builder]: [17:26:35][STATE] BOUND ---> CONNECTING
[95516:lambdakzero-v0-data-link-builder]: [17:26:35][STATE] CONNECTING ---> DEVICE READY
[95516:lambdakzero-v0-data-link-builder]: [17:26:35][STATE] DEVICE READY ---> INITIALIZING TASK
[95516:lambdakzero-v0-data-link-builder]: [17:26:35][STATE] INITIALIZING TASK ---> READY
[95516:lambdakzero-v0-data-link-builder]: [17:26:35][STATE] READY ---> RUNNING
[95516:lambdakzero-v0-data-link-builder]: [17:26:35][INFO] fair::mq::Device running...
[95516:lambdakzero-v0-data-link-builder]: [17:26:35][INFO] LHCPeriod is not available, using current month APR
[95516:lambdakzero-v0-data-link-builder]: [17:26:35][INFO] Correctly handshaken websocket connection.
[95519:hf-track-index-skim-creator-lf-cascades]: [INFO] Instrumenting crash signals
[95514:hf-track-index-skim-creator]: [INFO] Spawing new device hf-track-index-skim-creator in process with pid 95514
[95514:hf-track-index-skim-creator]: [17:26:35][INFO] 
[95514:hf-track-index-skim-creator]:       ______      _    _______  _________ 
[95514:hf-track-index-skim-creator]:      / ____/___ _(_)_______   |/  /_  __ \    version 1.9.2
[95514:hf-track-index-skim-creator]:     / /_  / __ `/ / ___/__  /|_/ /_  / / /    build RELWITHDEBINFO
[95514:hf-track-index-skim-creator]:    / __/ / /_/ / / /    _  /  / / / /_/ /     https://github.com/FairRootGroup/FairMQ
[95514:hf-track-index-skim-creator]:   /_/    \__,_/_/_/     /_/  /_/  \___\_\     LGPL-3.0  © 2012-2025 GSI
[95514:hf-track-index-skim-creator]: 
[95514:hf-track-index-skim-creator]: [17:26:35][STATE] Starting FairMQ state machine --> IDLE
[95521:kfcascade-link-builder]: [INFO] Instrumenting crash signals
[95520:cascade-link-builder]: [INFO] Instrumenting crash signals
[95514:hf-track-index-skim-creator]: [17:26:35][STATE] IDLE ---> INITIALIZING DEVICE
[95514:hf-track-index-skim-creator]: [17:26:35][INFO] Init CcdApi with UserAgentID: jinhyun-MacBook-Pro-2.local-1744964795-GU7n5h, Host: http://alice-ccdb.cern.ch/, Curl timeouts: upload:20 download:1
[95514:hf-track-index-skim-creator]: [17:26:35][INFO] Init CcdApi with UserAgentID: jinhyun-MacBook-Pro-2.local-1744964795-GU7n5h, Host: http://alice-ccdb.cern.ch, Curl timeouts: upload:20 download:1
[95522:tracascade-link-builder]: [INFO] Instrumenting crash signals
[95518:cascade-initializer]: [INFO] Spawing new device cascade-initializer in process with pid 95518
[95518:cascade-initializer]: [17:26:35][INFO] 
[95518:cascade-initializer]:       ______      _    _______  _________ 
[95518:cascade-initializer]:      / ____/___ _(_)_______   |/  /_  __ \    version 1.9.2
[95518:cascade-initializer]:     / /_  / __ `/ / ___/__  /|_/ /_  / / /    build RELWITHDEBINFO
[95518:cascade-initializer]:    / __/ / /_/ / / /    _  /  / / / /_/ /     https://github.com/FairRootGroup/FairMQ
[95518:cascade-initializer]:   /_/    \__,_/_/_/     /_/  /_/  \___\_\     LGPL-3.0  © 2012-2025 GSI
[95518:cascade-initializer]: 
[95518:cascade-initializer]: [17:26:35][STATE] Starting FairMQ state machine --> IDLE
[95518:cascade-initializer]: [17:26:35][STATE] IDLE ---> INITIALIZING DEVICE
[95517:cascade-builder]: [INFO] Spawing new device cascade-builder in process with pid 95517
[95517:cascade-builder]: [17:26:36][INFO] 
[95517:cascade-builder]:       ______      _    _______  _________ 
[95517:cascade-builder]:      / ____/___ _(_)_______   |/  /_  __ \    version 1.9.2
[95517:cascade-builder]:     / /_  / __ `/ / ___/__  /|_/ /_  / / /    build RELWITHDEBINFO
[95517:cascade-builder]:    / __/ / /_/ / / /    _  /  / / / /_/ /     https://github.com/FairRootGroup/FairMQ
[95517:cascade-builder]:   /_/    \__,_/_/_/     /_/  /_/  \___\_\     LGPL-3.0  © 2012-2025 GSI
[95517:cascade-builder]: 
[95517:cascade-builder]: [17:26:36][STATE] Starting FairMQ state machine --> IDLE
[95517:cascade-builder]: [17:26:36][STATE] IDLE ---> INITIALIZING DEVICE
[95524:hf-candidate-creator-xic0-omegac0-mc]: [INFO] Instrumenting crash signals
[95518:cascade-initializer]: [17:26:36][STATE] INITIALIZING DEVICE ---> INITIALIZED
[95518:cascade-initializer]: [17:26:36][STATE] INITIALIZED ---> BINDING
[95526:hf-tree-creator-to-xi-pi]: [INFO] Instrumenting crash signals
[95518:cascade-initializer]: [17:26:36][STATE] BINDING ---> BOUND
[95518:cascade-initializer]: [17:26:36][STATE] BOUND ---> CONNECTING
[95518:cascade-initializer]: [17:26:36][STATE] CONNECTING ---> DEVICE READY
[95518:cascade-initializer]: [17:26:36][STATE] DEVICE READY ---> INITIALIZING TASK
[95518:cascade-initializer]: [17:26:36][STATE] INITIALIZING TASK ---> READY
[95518:cascade-initializer]: [17:26:36][STATE] READY ---> RUNNING
[95518:cascade-initializer]: [17:26:36][INFO] fair::mq::Device running...
[95518:cascade-initializer]: [17:26:36][INFO] LHCPeriod is not available, using current month APR
[95518:cascade-initializer]: [17:26:36][INFO] Correctly handshaken websocket connection.
[95517:cascade-builder]: [17:26:36][INFO] Init CcdApi with UserAgentID: jinhyun-MacBook-Pro-2.local-1744964796-FZBn5j, Host: http://alice-ccdb.cern.ch/, Curl timeouts: upload:20 download:1
[95523:hf-candidate-creator-xic0-omegac0]: [INFO] Instrumenting crash signals
[95525:hf-candidate-selector-to-xi-pi]: [INFO] Instrumenting crash signals
[95520:cascade-link-builder]: [INFO] Spawing new device cascade-link-builder in process with pid 95520
[95528:internal-dpl-aod-global-analysis-file-sink]: [INFO] Instrumenting crash signals
[95520:cascade-link-builder]: [17:26:36][INFO] 
[95520:cascade-link-builder]:       ______      _    _______  _________ 
[95520:cascade-link-builder]:      / ____/___ _(_)_______   |/  /_  __ \    version 1.9.2
[95520:cascade-link-builder]:     / /_  / __ `/ / ___/__  /|_/ /_  / / /    build RELWITHDEBINFO
[95520:cascade-link-builder]:    / __/ / /_/ / / /    _  /  / / / /_/ /     https://github.com/FairRootGroup/FairMQ
[95520:cascade-link-builder]:   /_/    \__,_/_/_/     /_/  /_/  \___\_\     LGPL-3.0  © 2012-2025 GSI
[95520:cascade-link-builder]: 
[95520:cascade-link-builder]: [17:26:36][STATE] Starting FairMQ state machine --> IDLE
[95520:cascade-link-builder]: [17:26:36][STATE] IDLE ---> INITIALIZING DEVICE
[95520:cascade-link-builder]: [17:26:36][STATE] INITIALIZING DEVICE ---> INITIALIZED
[95520:cascade-link-builder]: [17:26:36][STATE] INITIALIZED ---> BINDING
[95527:internal-dpl-aod-writer]: [INFO] Instrumenting crash signals
[95520:cascade-link-builder]: [17:26:36][STATE] BINDING ---> BOUND
[95520:cascade-link-builder]: [17:26:36][STATE] BOUND ---> CONNECTING
[95520:cascade-link-builder]: [17:26:36][STATE] CONNECTING ---> DEVICE READY
[95520:cascade-link-builder]: [17:26:36][STATE] DEVICE READY ---> INITIALIZING TASK
[95520:cascade-link-builder]: [17:26:36][STATE] INITIALIZING TASK ---> READY
[95520:cascade-link-builder]: [17:26:36][STATE] READY ---> RUNNING
[95520:cascade-link-builder]: [17:26:36][INFO] fair::mq::Device running...
[95521:kfcascade-link-builder]: [INFO] Spawing new device kfcascade-link-builder in process with pid 95521
[95520:cascade-link-builder]: [17:26:36][INFO] LHCPeriod is not available, using current month APR
[95521:kfcascade-link-builder]: [17:26:36][INFO] 
[95521:kfcascade-link-builder]:       ______      _    _______  _________ 
[95521:kfcascade-link-builder]:      / ____/___ _(_)_______   |/  /_  __ \    version 1.9.2
[95521:kfcascade-link-builder]:     / /_  / __ `/ / ___/__  /|_/ /_  / / /    build RELWITHDEBINFO
[95521:kfcascade-link-builder]:    / __/ / /_/ / / /    _  /  / / / /_/ /     https://github.com/FairRootGroup/FairMQ
[95521:kfcascade-link-builder]:   /_/    \__,_/_/_/     /_/  /_/  \___\_\     LGPL-3.0  © 2012-2025 GSI
[95521:kfcascade-link-builder]: 
[95520:cascade-link-builder]: [17:26:36][INFO] Correctly handshaken websocket connection.
[95521:kfcascade-link-builder]: [17:26:36][STATE] Starting FairMQ state machine --> IDLE
[95529:internal-dpl-injected-dummy-sink]: [INFO] Instrumenting crash signals
[95521:kfcascade-link-builder]: [17:26:36][STATE] IDLE ---> INITIALIZING DEVICE
[95521:kfcascade-link-builder]: [17:26:36][STATE] INITIALIZING DEVICE ---> INITIALIZED
[95521:kfcascade-link-builder]: [17:26:36][STATE] INITIALIZED ---> BINDING
[95519:hf-track-index-skim-creator-lf-cascades]: [INFO] Spawing new device hf-track-index-skim-creator-lf-cascades in process with pid 95519
[95519:hf-track-index-skim-creator-lf-cascades]: [17:26:36][INFO] 
[95519:hf-track-index-skim-creator-lf-cascades]:       ______      _    _______  _________ 
[95519:hf-track-index-skim-creator-lf-cascades]:      / ____/___ _(_)_______   |/  /_  __ \    version 1.9.2
[95519:hf-track-index-skim-creator-lf-cascades]:     / /_  / __ `/ / ___/__  /|_/ /_  / / /    build RELWITHDEBINFO
[95519:hf-track-index-skim-creator-lf-cascades]:    / __/ / /_/ / / /    _  /  / / / /_/ /     https://github.com/FairRootGroup/FairMQ
[95519:hf-track-index-skim-creator-lf-cascades]:   /_/    \__,_/_/_/     /_/  /_/  \___\_\     LGPL-3.0  © 2012-2025 GSI
[95519:hf-track-index-skim-creator-lf-cascades]: 
[95519:hf-track-index-skim-creator-lf-cascades]: [17:26:36][STATE] Starting FairMQ state machine --> IDLE
[95522:tracascade-link-builder]: [INFO] Spawing new device tracascade-link-builder in process with pid 95522
[95522:tracascade-link-builder]: [17:26:36][INFO] 
[95522:tracascade-link-builder]:       ______      _    _______  _________ 
[95522:tracascade-link-builder]:      / ____/___ _(_)_______   |/  /_  __ \    version 1.9.2
[95522:tracascade-link-builder]:     / /_  / __ `/ / ___/__  /|_/ /_  / / /    build RELWITHDEBINFO
[95522:tracascade-link-builder]:    / __/ / /_/ / / /    _  /  / / / /_/ /     https://github.com/FairRootGroup/FairMQ
[95522:tracascade-link-builder]:   /_/    \__,_/_/_/     /_/  /_/  \___\_\     LGPL-3.0  © 2012-2025 GSI
[95522:tracascade-link-builder]: 
[95522:tracascade-link-builder]: [17:26:36][STATE] Starting FairMQ state machine --> IDLE
[95521:kfcascade-link-builder]: [17:26:36][STATE] BINDING ---> BOUND
[95521:kfcascade-link-builder]: [17:26:36][STATE] BOUND ---> CONNECTING
[95519:hf-track-index-skim-creator-lf-cascades]: [17:26:36][STATE] IDLE ---> INITIALIZING DEVICE
[95521:kfcascade-link-builder]: [17:26:36][STATE] CONNECTING ---> DEVICE READY
[95521:kfcascade-link-builder]: [17:26:36][STATE] DEVICE READY ---> INITIALIZING TASK
[95521:kfcascade-link-builder]: [17:26:36][STATE] INITIALIZING TASK ---> READY
[95521:kfcascade-link-builder]: [17:26:36][STATE] READY ---> RUNNING
[95521:kfcascade-link-builder]: [17:26:36][INFO] fair::mq::Device running...
[95522:tracascade-link-builder]: [17:26:36][STATE] IDLE ---> INITIALIZING DEVICE
[95521:kfcascade-link-builder]: [17:26:36][INFO] LHCPeriod is not available, using current month APR
[95521:kfcascade-link-builder]: [17:26:36][INFO] Correctly handshaken websocket connection.
[95519:hf-track-index-skim-creator-lf-cascades]: [17:26:36][INFO] Init CcdApi with UserAgentID: jinhyun-MacBook-Pro-2.local-1744964796-HZBn5l, Host: http://alice-ccdb.cern.ch/, Curl timeouts: upload:20 download:1
[95522:tracascade-link-builder]: [17:26:36][STATE] INITIALIZING DEVICE ---> INITIALIZED
[95522:tracascade-link-builder]: [17:26:36][STATE] INITIALIZED ---> BINDING
[95519:hf-track-index-skim-creator-lf-cascades]: [17:26:36][STATE] INITIALIZING DEVICE ---> INITIALIZED
[95519:hf-track-index-skim-creator-lf-cascades]: [17:26:36][STATE] INITIALIZED ---> BINDING
[95522:tracascade-link-builder]: [17:26:36][STATE] BINDING ---> BOUND
[95522:tracascade-link-builder]: [17:26:36][STATE] BOUND ---> CONNECTING
[95522:tracascade-link-builder]: [17:26:36][STATE] CONNECTING ---> DEVICE READY
[95522:tracascade-link-builder]: [17:26:36][STATE] DEVICE READY ---> INITIALIZING TASK
[95522:tracascade-link-builder]: [17:26:36][STATE] INITIALIZING TASK ---> READY
[95522:tracascade-link-builder]: [17:26:36][STATE] READY ---> RUNNING
[95522:tracascade-link-builder]: [17:26:36][INFO] fair::mq::Device running...
[95519:hf-track-index-skim-creator-lf-cascades]: [17:26:36][STATE] BINDING ---> BOUND
[95519:hf-track-index-skim-creator-lf-cascades]: [17:26:36][STATE] BOUND ---> CONNECTING
[95522:tracascade-link-builder]: [17:26:36][INFO] LHCPeriod is not available, using current month APR
[95522:tracascade-link-builder]: [17:26:36][INFO] Correctly handshaken websocket connection.
[95519:hf-track-index-skim-creator-lf-cascades]: [17:26:36][STATE] CONNECTING ---> DEVICE READY
[95519:hf-track-index-skim-creator-lf-cascades]: [17:26:36][STATE] DEVICE READY ---> INITIALIZING TASK
[95519:hf-track-index-skim-creator-lf-cascades]: [17:26:36][STATE] INITIALIZING TASK ---> READY
[95519:hf-track-index-skim-creator-lf-cascades]: [17:26:36][STATE] READY ---> RUNNING
[95519:hf-track-index-skim-creator-lf-cascades]: [17:26:36][INFO] fair::mq::Device running...
[95519:hf-track-index-skim-creator-lf-cascades]: [17:26:36][INFO] LHCPeriod is not available, using current month APR
[95519:hf-track-index-skim-creator-lf-cascades]: [17:26:36][INFO] Correctly handshaken websocket connection.
[95526:hf-tree-creator-to-xi-pi]: [INFO] Spawing new device hf-tree-creator-to-xi-pi in process with pid 95526
[95526:hf-tree-creator-to-xi-pi]: [17:26:36][INFO] 
[95526:hf-tree-creator-to-xi-pi]:       ______      _    _______  _________ 
[95526:hf-tree-creator-to-xi-pi]:      / ____/___ _(_)_______   |/  /_  __ \    version 1.9.2
[95526:hf-tree-creator-to-xi-pi]:     / /_  / __ `/ / ___/__  /|_/ /_  / / /    build RELWITHDEBINFO
[95526:hf-tree-creator-to-xi-pi]:    / __/ / /_/ / / /    _  /  / / / /_/ /     https://github.com/FairRootGroup/FairMQ
[95526:hf-tree-creator-to-xi-pi]:   /_/    \__,_/_/_/     /_/  /_/  \___\_\     LGPL-3.0  © 2012-2025 GSI
[95526:hf-tree-creator-to-xi-pi]: 
[95526:hf-tree-creator-to-xi-pi]: [17:26:36][STATE] Starting FairMQ state machine --> IDLE
[95526:hf-tree-creator-to-xi-pi]: [17:26:36][STATE] IDLE ---> INITIALIZING DEVICE
[95523:hf-candidate-creator-xic0-omegac0]: [INFO] Spawing new device hf-candidate-creator-xic0-omegac0 in process with pid 95523
[95523:hf-candidate-creator-xic0-omegac0]: [17:26:36][INFO] 
[95523:hf-candidate-creator-xic0-omegac0]:       ______      _    _______  _________ 
[95523:hf-candidate-creator-xic0-omegac0]:      / ____/___ _(_)_______   |/  /_  __ \    version 1.9.2
[95523:hf-candidate-creator-xic0-omegac0]:     / /_  / __ `/ / ___/__  /|_/ /_  / / /    build RELWITHDEBINFO
[95523:hf-candidate-creator-xic0-omegac0]:    / __/ / /_/ / / /    _  /  / / / /_/ /     https://github.com/FairRootGroup/FairMQ
[95523:hf-candidate-creator-xic0-omegac0]:   /_/    \__,_/_/_/     /_/  /_/  \___\_\     LGPL-3.0  © 2012-2025 GSI
[95523:hf-candidate-creator-xic0-omegac0]: 
[95523:hf-candidate-creator-xic0-omegac0]: [17:26:36][STATE] Starting FairMQ state machine --> IDLE
[95524:hf-candidate-creator-xic0-omegac0-mc]: [INFO] Spawing new device hf-candidate-creator-xic0-omegac0-mc in process with pid 95524
[95524:hf-candidate-creator-xic0-omegac0-mc]: [17:26:36][INFO] 
[95524:hf-candidate-creator-xic0-omegac0-mc]:       ______      _    _______  _________ 
[95524:hf-candidate-creator-xic0-omegac0-mc]:      / ____/___ _(_)_______   |/  /_  __ \    version 1.9.2
[95524:hf-candidate-creator-xic0-omegac0-mc]:     / /_  / __ `/ / ___/__  /|_/ /_  / / /    build RELWITHDEBINFO
[95524:hf-candidate-creator-xic0-omegac0-mc]:    / __/ / /_/ / / /    _  /  / / / /_/ /     https://github.com/FairRootGroup/FairMQ
[95524:hf-candidate-creator-xic0-omegac0-mc]:   /_/    \__,_/_/_/     /_/  /_/  \___\_\     LGPL-3.0  © 2012-2025 GSI
[95524:hf-candidate-creator-xic0-omegac0-mc]: 
[95524:hf-candidate-creator-xic0-omegac0-mc]: [17:26:36][STATE] Starting FairMQ state machine --> IDLE
[95525:hf-candidate-selector-to-xi-pi]: [INFO] Spawing new device hf-candidate-selector-to-xi-pi in process with pid 95525
[95523:hf-candidate-creator-xic0-omegac0]: [17:26:36][STATE] IDLE ---> INITIALIZING DEVICE
[95525:hf-candidate-selector-to-xi-pi]: [17:26:36][INFO] 
[95525:hf-candidate-selector-to-xi-pi]:       ______      _    _______  _________ 
[95525:hf-candidate-selector-to-xi-pi]:      / ____/___ _(_)_______   |/  /_  __ \    version 1.9.2
[95525:hf-candidate-selector-to-xi-pi]:     / /_  / __ `/ / ___/__  /|_/ /_  / / /    build RELWITHDEBINFO
[95525:hf-candidate-selector-to-xi-pi]:    / __/ / /_/ / / /    _  /  / / / /_/ /     https://github.com/FairRootGroup/FairMQ
[95525:hf-candidate-selector-to-xi-pi]:   /_/    \__,_/_/_/     /_/  /_/  \___\_\     LGPL-3.0  © 2012-2025 GSI
[95525:hf-candidate-selector-to-xi-pi]: 
[95525:hf-candidate-selector-to-xi-pi]: [17:26:36][STATE] Starting FairMQ state machine --> IDLE
[95526:hf-tree-creator-to-xi-pi]: [17:26:36][STATE] INITIALIZING DEVICE ---> INITIALIZED
[95526:hf-tree-creator-to-xi-pi]: [17:26:36][STATE] INITIALIZED ---> BINDING
[95524:hf-candidate-creator-xic0-omegac0-mc]: [17:26:36][STATE] IDLE ---> INITIALIZING DEVICE
[95523:hf-candidate-creator-xic0-omegac0]: [17:26:36][INFO] Init CcdApi with UserAgentID: jinhyun-MacBook-Pro-2.local-1744964796-pNNdd9, Host: http://alice-ccdb.cern.ch/, Curl timeouts: upload:20 download:1
[95526:hf-tree-creator-to-xi-pi]: [17:26:36][STATE] BINDING ---> BOUND
[95526:hf-tree-creator-to-xi-pi]: [17:26:36][STATE] BOUND ---> CONNECTING
[95526:hf-tree-creator-to-xi-pi]: [17:26:36][STATE] CONNECTING ---> DEVICE READY
[95526:hf-tree-creator-to-xi-pi]: [17:26:36][STATE] DEVICE READY ---> INITIALIZING TASK
[95526:hf-tree-creator-to-xi-pi]: [17:26:36][STATE] INITIALIZING TASK ---> READY
[95526:hf-tree-creator-to-xi-pi]: [17:26:36][STATE] READY ---> RUNNING
[95526:hf-tree-creator-to-xi-pi]: [17:26:36][INFO] fair::mq::Device running...
[95526:hf-tree-creator-to-xi-pi]: [17:26:36][INFO] LHCPeriod is not available, using current month APR
[95526:hf-tree-creator-to-xi-pi]: [17:26:36][INFO] Correctly handshaken websocket connection.
[95525:hf-candidate-selector-to-xi-pi]: [17:26:36][STATE] IDLE ---> INITIALIZING DEVICE
[95527:internal-dpl-aod-writer]: [INFO] Spawing new device internal-dpl-aod-writer in process with pid 95527
[95528:internal-dpl-aod-global-analysis-file-sink]: [INFO] Spawing new device internal-dpl-aod-global-analysis-file-sink in process with pid 95528
[95528:internal-dpl-aod-global-analysis-file-sink]: [17:26:36][INFO] 
[95528:internal-dpl-aod-global-analysis-file-sink]:       ______      _    _______  _________ 
[95528:internal-dpl-aod-global-analysis-file-sink]:      / ____/___ _(_)_______   |/  /_  __ \    version 1.9.2
[95528:internal-dpl-aod-global-analysis-file-sink]:     / /_  / __ `/ / ___/__  /|_/ /_  / / /    build RELWITHDEBINFO
[95528:internal-dpl-aod-global-analysis-file-sink]:    / __/ / /_/ / / /    _  /  / / / /_/ /     https://github.com/FairRootGroup/FairMQ
[95528:internal-dpl-aod-global-analysis-file-sink]:   /_/    \__,_/_/_/     /_/  /_/  \___\_\     LGPL-3.0  © 2012-2025 GSI
[95528:internal-dpl-aod-global-analysis-file-sink]: 
[95528:internal-dpl-aod-global-analysis-file-sink]: [17:26:36][STATE] Starting FairMQ state machine --> IDLE
[95527:internal-dpl-aod-writer]: [17:26:36][INFO] 
[95527:internal-dpl-aod-writer]:       ______      _    _______  _________ 
[95527:internal-dpl-aod-writer]:      / ____/___ _(_)_______   |/  /_  __ \    version 1.9.2
[95527:internal-dpl-aod-writer]:     / /_  / __ `/ / ___/__  /|_/ /_  / / /    build RELWITHDEBINFO
[95527:internal-dpl-aod-writer]:    / __/ / /_/ / / /    _  /  / / / /_/ /     https://github.com/FairRootGroup/FairMQ
[95527:internal-dpl-aod-writer]:   /_/    \__,_/_/_/     /_/  /_/  \___\_\     LGPL-3.0  © 2012-2025 GSI
[95527:internal-dpl-aod-writer]: 
[95527:internal-dpl-aod-writer]: [17:26:36][STATE] Starting FairMQ state machine --> IDLE
[95527:internal-dpl-aod-writer]: [17:26:36][STATE] IDLE ---> INITIALIZING DEVICE
[95525:hf-candidate-selector-to-xi-pi]: [17:26:36][STATE] INITIALIZING DEVICE ---> INITIALIZED
[95525:hf-candidate-selector-to-xi-pi]: [17:26:36][STATE] INITIALIZED ---> BINDING
[95528:internal-dpl-aod-global-analysis-file-sink]: [17:26:36][STATE] IDLE ---> INITIALIZING DEVICE
[95527:internal-dpl-aod-writer]: [17:26:36][STATE] INITIALIZING DEVICE ---> INITIALIZED
[95527:internal-dpl-aod-writer]: [17:26:36][STATE] INITIALIZED ---> BINDING
[95528:internal-dpl-aod-global-analysis-file-sink]: [17:26:36][STATE] INITIALIZING DEVICE ---> INITIALIZED
[95527:internal-dpl-aod-writer]: [17:26:36][STATE] BINDING ---> BOUND
[95527:internal-dpl-aod-writer]: [17:26:36][STATE] BOUND ---> CONNECTING
[95528:internal-dpl-aod-global-analysis-file-sink]: [17:26:36][STATE] INITIALIZED ---> BINDING
[95528:internal-dpl-aod-global-analysis-file-sink]: [17:26:36][STATE] BINDING ---> BOUND
[95528:internal-dpl-aod-global-analysis-file-sink]: [17:26:36][STATE] BOUND ---> CONNECTING
[95525:hf-candidate-selector-to-xi-pi]: [17:26:36][STATE] BINDING ---> BOUND
[95525:hf-candidate-selector-to-xi-pi]: [17:26:36][STATE] BOUND ---> CONNECTING
[95525:hf-candidate-selector-to-xi-pi]: [17:26:36][STATE] CONNECTING ---> DEVICE READY
[95525:hf-candidate-selector-to-xi-pi]: [17:26:36][STATE] DEVICE READY ---> INITIALIZING TASK
[95525:hf-candidate-selector-to-xi-pi]: [17:26:36][STATE] INITIALIZING TASK ---> READY
[95525:hf-candidate-selector-to-xi-pi]: [17:26:36][STATE] READY ---> RUNNING
[95525:hf-candidate-selector-to-xi-pi]: [17:26:36][INFO] fair::mq::Device running...
[95527:internal-dpl-aod-writer]: [17:26:36][STATE] CONNECTING ---> DEVICE READY
[95525:hf-candidate-selector-to-xi-pi]: [17:26:36][INFO] LHCPeriod is not available, using current month APR
[95527:internal-dpl-aod-writer]: [17:26:36][STATE] DEVICE READY ---> INITIALIZING TASK
[95525:hf-candidate-selector-to-xi-pi]: [17:26:36][INFO] Correctly handshaken websocket connection.
[95527:internal-dpl-aod-writer]: [17:26:36][STATE] INITIALIZING TASK ---> READY
[95527:internal-dpl-aod-writer]: [17:26:36][STATE] READY ---> RUNNING
[95527:internal-dpl-aod-writer]: [17:26:36][INFO] fair::mq::Device running...
[95527:internal-dpl-aod-writer]: [17:26:36][INFO] LHCPeriod is not available, using current month APR
[95527:internal-dpl-aod-writer]: [17:26:36][INFO] Correctly handshaken websocket connection.
[95528:internal-dpl-aod-global-analysis-file-sink]: [17:26:36][STATE] CONNECTING ---> DEVICE READY
[95528:internal-dpl-aod-global-analysis-file-sink]: [17:26:36][STATE] DEVICE READY ---> INITIALIZING TASK
[95528:internal-dpl-aod-global-analysis-file-sink]: [17:26:36][STATE] INITIALIZING TASK ---> READY
[95528:internal-dpl-aod-global-analysis-file-sink]: [17:26:36][STATE] READY ---> RUNNING
[95528:internal-dpl-aod-global-analysis-file-sink]: [17:26:36][INFO] fair::mq::Device running...
[95528:internal-dpl-aod-global-analysis-file-sink]: [17:26:36][INFO] LHCPeriod is not available, using current month APR
[95528:internal-dpl-aod-global-analysis-file-sink]: [17:26:36][INFO] Correctly handshaken websocket connection.
[95529:internal-dpl-injected-dummy-sink]: [INFO] Spawing new device internal-dpl-injected-dummy-sink in process with pid 95529
[95529:internal-dpl-injected-dummy-sink]: [17:26:36][INFO] 
[95529:internal-dpl-injected-dummy-sink]:       ______      _    _______  _________ 
[95529:internal-dpl-injected-dummy-sink]:      / ____/___ _(_)_______   |/  /_  __ \    version 1.9.2
[95529:internal-dpl-injected-dummy-sink]:     / /_  / __ `/ / ___/__  /|_/ /_  / / /    build RELWITHDEBINFO
[95529:internal-dpl-injected-dummy-sink]:    / __/ / /_/ / / /    _  /  / / / /_/ /     https://github.com/FairRootGroup/FairMQ
[95529:internal-dpl-injected-dummy-sink]:   /_/    \__,_/_/_/     /_/  /_/  \___\_\     LGPL-3.0  © 2012-2025 GSI
[95529:internal-dpl-injected-dummy-sink]: 
[95529:internal-dpl-injected-dummy-sink]: [17:26:36][STATE] Starting FairMQ state machine --> IDLE
[95529:internal-dpl-injected-dummy-sink]: [17:26:36][STATE] IDLE ---> INITIALIZING DEVICE
[95529:internal-dpl-injected-dummy-sink]: [17:26:36][STATE] INITIALIZING DEVICE ---> INITIALIZED
[95529:internal-dpl-injected-dummy-sink]: [17:26:36][STATE] INITIALIZED ---> BINDING
[95529:internal-dpl-injected-dummy-sink]: [17:26:36][STATE] BINDING ---> BOUND
[95529:internal-dpl-injected-dummy-sink]: [17:26:36][STATE] BOUND ---> CONNECTING
[95529:internal-dpl-injected-dummy-sink]: [17:26:36][STATE] CONNECTING ---> DEVICE READY
[95529:internal-dpl-injected-dummy-sink]: [17:26:36][STATE] DEVICE READY ---> INITIALIZING TASK
[95529:internal-dpl-injected-dummy-sink]: [17:26:36][STATE] INITIALIZING TASK ---> READY
[95529:internal-dpl-injected-dummy-sink]: [17:26:36][STATE] READY ---> RUNNING
[95529:internal-dpl-injected-dummy-sink]: [17:26:36][INFO] fair::mq::Device running...
[95529:internal-dpl-injected-dummy-sink]: [17:26:36][INFO] LHCPeriod is not available, using current month APR
[95529:internal-dpl-injected-dummy-sink]: [17:26:36][INFO] Correctly handshaken websocket connection.
[95493:internal-dpl-aod-spawner]: /Users/jinhyunpark/npl/Analysis/ALICE/O2Framework/sw/BUILD/ebe931092991c73b783db87bf10f90696bc78a66/arrow/src_tmp/cpp/src/gandiva/cache.cc:61: Creating gandiva cache with capacity of 5000
[95493:internal-dpl-aod-spawner]: /Users/jinhyunpark/npl/Analysis/ALICE/O2Framework/sw/BUILD/ebe931092991c73b783db87bf10f90696bc78a66/arrow/src_tmp/cpp/src/gandiva/engine.cc:276: Detected CPU Name : apple-m1
[95493:internal-dpl-aod-spawner]: /Users/jinhyunpark/npl/Analysis/ALICE/O2Framework/sw/BUILD/ebe931092991c73b783db87bf10f90696bc78a66/arrow/src_tmp/cpp/src/gandiva/engine.cc:277: Detected CPU Features: []
[95517:cascade-builder]: [17:26:36][INFO] Init CcdApi with UserAgentID: jinhyun-MacBook-Pro-2.local-1744964796-FZBn5j, Host: http://alice-ccdb.cern.ch, Curl timeouts: upload:20 download:1
[95517:cascade-builder]: [17:26:36][INFO] LUT correction requested, will load LUT when initializing with timestamp...
[95517:cascade-builder]: [17:26:36][INFO] Strangeness builder configuration:
[95517:cascade-builder]: [17:26:36][INFO] Run 3 processing enabled. Will subscribe to TracksIU table.
[95512:hf-track-index-skim-creator-tag-sel-tracks]: [17:26:36][STATE] INITIALIZING DEVICE ---> INITIALIZED
[95512:hf-track-index-skim-creator-tag-sel-tracks]: [17:26:36][STATE] INITIALIZED ---> BINDING
[95505:hf-track-index-skim-creator-tag-sel-collisions]: [17:26:36][STATE] INITIALIZING DEVICE ---> INITIALIZED
[95505:hf-track-index-skim-creator-tag-sel-collisions]: [17:26:36][STATE] INITIALIZED ---> BINDING
[95517:cascade-builder]: [17:26:36][STATE] INITIALIZING DEVICE ---> INITIALIZED
[95517:cascade-builder]: [17:26:36][STATE] INITIALIZED ---> BINDING
[95512:hf-track-index-skim-creator-tag-sel-tracks]: [17:26:36][STATE] BINDING ---> BOUND
[95505:hf-track-index-skim-creator-tag-sel-collisions]: [17:26:36][STATE] BINDING ---> BOUND
[95512:hf-track-index-skim-creator-tag-sel-tracks]: [17:26:36][STATE] BOUND ---> CONNECTING
[95505:hf-track-index-skim-creator-tag-sel-collisions]: [17:26:36][STATE] BOUND ---> CONNECTING
[95505:hf-track-index-skim-creator-tag-sel-collisions]: [17:26:36][STATE] CONNECTING ---> DEVICE READY
[95512:hf-track-index-skim-creator-tag-sel-tracks]: [17:26:36][STATE] CONNECTING ---> DEVICE READY
[95505:hf-track-index-skim-creator-tag-sel-collisions]: [17:26:36][STATE] DEVICE READY ---> INITIALIZING TASK
[95512:hf-track-index-skim-creator-tag-sel-tracks]: [17:26:36][STATE] DEVICE READY ---> INITIALIZING TASK
[95505:hf-track-index-skim-creator-tag-sel-collisions]: [17:26:36][STATE] INITIALIZING TASK ---> READY
[95505:hf-track-index-skim-creator-tag-sel-collisions]: [17:26:36][STATE] READY ---> RUNNING
[95505:hf-track-index-skim-creator-tag-sel-collisions]: [17:26:36][INFO] fair::mq::Device running...
[95505:hf-track-index-skim-creator-tag-sel-collisions]: [17:26:36][INFO] LHCPeriod is not available, using current month APR
[95512:hf-track-index-skim-creator-tag-sel-tracks]: [17:26:36][STATE] INITIALIZING TASK ---> READY
[95512:hf-track-index-skim-creator-tag-sel-tracks]: [17:26:36][STATE] READY ---> RUNNING
[95512:hf-track-index-skim-creator-tag-sel-tracks]: [17:26:36][INFO] fair::mq::Device running...
[95512:hf-track-index-skim-creator-tag-sel-tracks]: [17:26:36][INFO] LHCPeriod is not available, using current month APR
[95505:hf-track-index-skim-creator-tag-sel-collisions]: [17:26:36][INFO] Correctly handshaken websocket connection.
[95512:hf-track-index-skim-creator-tag-sel-tracks]: [17:26:36][INFO] Correctly handshaken websocket connection.
[95517:cascade-builder]: [17:26:36][STATE] BINDING ---> BOUND
[95517:cascade-builder]: [17:26:36][STATE] BOUND ---> CONNECTING
[95517:cascade-builder]: [17:26:36][STATE] CONNECTING ---> DEVICE READY
[95517:cascade-builder]: [17:26:36][STATE] DEVICE READY ---> INITIALIZING TASK
[95517:cascade-builder]: [17:26:36][STATE] INITIALIZING TASK ---> READY
[95517:cascade-builder]: [17:26:36][STATE] READY ---> RUNNING
[95517:cascade-builder]: [17:26:36][INFO] fair::mq::Device running...
[95517:cascade-builder]: [17:26:36][INFO] LHCPeriod is not available, using current month APR
[95517:cascade-builder]: [17:26:36][INFO] Correctly handshaken websocket connection.
[95523:hf-candidate-creator-xic0-omegac0]: [17:26:37][INFO] Init CcdApi with UserAgentID: jinhyun-MacBook-Pro-2.local-1744964796-pNNdd9, Host: http://alice-ccdb.cern.ch, Curl timeouts: upload:20 download:1
[95524:hf-candidate-creator-xic0-omegac0-mc]: [17:26:37][STATE] INITIALIZING DEVICE ---> INITIALIZED
[95524:hf-candidate-creator-xic0-omegac0-mc]: [17:26:37][STATE] INITIALIZED ---> BINDING
[95524:hf-candidate-creator-xic0-omegac0-mc]: [17:26:37][STATE] BINDING ---> BOUND
[95524:hf-candidate-creator-xic0-omegac0-mc]: [17:26:37][STATE] BOUND ---> CONNECTING
[95524:hf-candidate-creator-xic0-omegac0-mc]: [17:26:37][STATE] CONNECTING ---> DEVICE READY
[95524:hf-candidate-creator-xic0-omegac0-mc]: [17:26:37][STATE] DEVICE READY ---> INITIALIZING TASK
[95524:hf-candidate-creator-xic0-omegac0-mc]: [17:26:37][STATE] INITIALIZING TASK ---> READY
[95524:hf-candidate-creator-xic0-omegac0-mc]: [17:26:37][STATE] READY ---> RUNNING
[95524:hf-candidate-creator-xic0-omegac0-mc]: [17:26:37][INFO] fair::mq::Device running...
[95524:hf-candidate-creator-xic0-omegac0-mc]: [17:26:37][INFO] LHCPeriod is not available, using current month APR
[95524:hf-candidate-creator-xic0-omegac0-mc]: [17:26:37][INFO] Correctly handshaken websocket connection.
[95514:hf-track-index-skim-creator]: Error in <TFile::TFile>: file /cvmfs/alice.cern.ch/ccdb/GLO/Param/MatLUT/06/29739/3f0d0f81-99d9-11ee-b9a2-200114580202 does not exist
[95523:hf-candidate-creator-xic0-omegac0]: Error in <TFile::TFile>: file /cvmfs/alice.cern.ch/ccdb/GLO/Param/MatLUT/06/29739/3f0d0f81-99d9-11ee-b9a2-200114580202 does not exist
[95514:hf-track-index-skim-creator]: Info in <TJAlienConnectionManager>: Opening connection to JCentral. Please wait
[95514:hf-track-index-skim-creator]: Info in <TJAlienConnectionManager>: Opening connection to 128.142.249.46
[95523:hf-candidate-creator-xic0-omegac0]: Info in <TJAlienConnectionManager>: Opening connection to JCentral. Please wait
[95523:hf-candidate-creator-xic0-omegac0]: Info in <TJAlienConnectionManager>: Opening connection to 128.142.249.52
[95495:timestamp-task]: Info in <TJAlienConnectionManager>: Opening connection to JCentral. Please wait
[95495:timestamp-task]: Info in <TJAlienConnectionManager>: Opening connection to 128.142.249.53
[95514:hf-track-index-skim-creator]: Info in <TJAlienConnectionManager>: Successfully connected to 128.142.249.46
[95523:hf-candidate-creator-xic0-omegac0]: Info in <TJAlienConnectionManager>: Successfully connected to 128.142.249.52
[95523:hf-candidate-creator-xic0-omegac0]: Info in <TJAlienFile::Open>: Accessing file /alice/data/CCDB/GLO/Param/MatLUT/06/29739/3f0d0f81-99d9-11ee-b9a2-200114580202 in SE <ALICE::KISTI_GSDC::EOS>
[95514:hf-track-index-skim-creator]: Info in <TJAlienFile::Open>: Accessing file /alice/data/CCDB/GLO/Param/MatLUT/06/29739/3f0d0f81-99d9-11ee-b9a2-200114580202 in SE <ALICE::KISTI_GSDC::EOS>
[95495:timestamp-task]: Info in <TJAlienConnectionManager>: Successfully connected to 128.142.249.53
[95495:timestamp-task]: Info in <TJAlienFile::Open>: Accessing file /alice/data/CCDB/CTP/Calib/OrbitReset/11/15625/108fe720-96a1-11ef-a7b5-0aa140641b9a in SE <ALICE::KISTI_GSDC::EOS>
[95523:hf-candidate-creator-xic0-omegac0]: [17:26:41][INFO] ccdb reads http://alice-ccdb.cern.ch/GLO/Param/MatLUT/1546300800000/3f0d0f81-99d9-11ee-b9a2-200114580202 for 1744964796247 (retrieve, agent_id: jinhyun-MacBook-Pro-2.local-1744964796-pNNdd9), 
[95523:hf-candidate-creator-xic0-omegac0]: [17:26:41][INFO] Initializing voxel layer lookup
[95495:timestamp-task]: [17:26:41][INFO] ccdb reads http://alice-ccdb.cern.ch/CTP/Calib/OrbitReset/1730280397972/108fe720-96a1-11ef-a7b5-0aa140641b9a for 1730292213254 (retrieve, agent_id: jinhyun-MacBook-Pro-2.local-1744964793-1B3Pxd), 
[95495:timestamp-task]: [17:26:41][INFO] Add new run number 559348 with orbit-reset timestamp 1730280397971643, SOR: 1730281747465, EOR: 1730302679045 to cache
[95496:track-propagation]: [17:26:41][INFO] Loading material look-up table for timestamp: 1730282808898
[95514:hf-track-index-skim-creator]: [17:26:41][INFO] ccdb reads http://alice-ccdb.cern.ch/GLO/Param/MatLUT/1546300800000/3f0d0f81-99d9-11ee-b9a2-200114580202 for 1744964795925 (retrieve, agent_id: jinhyun-MacBook-Pro-2.local-1744964795-GU7n5h), 
[95514:hf-track-index-skim-creator]: [17:26:41][INFO] Initializing voxel layer lookup
[95523:hf-candidate-creator-xic0-omegac0]: [17:26:42][STATE] INITIALIZING DEVICE ---> INITIALIZED
[95523:hf-candidate-creator-xic0-omegac0]: [17:26:42][STATE] INITIALIZED ---> BINDING
[95514:hf-track-index-skim-creator]: [17:26:42][STATE] INITIALIZING DEVICE ---> INITIALIZED
[95514:hf-track-index-skim-creator]: [17:26:42][STATE] INITIALIZED ---> BINDING
[95523:hf-candidate-creator-xic0-omegac0]: [17:26:42][STATE] BINDING ---> BOUND
[95523:hf-candidate-creator-xic0-omegac0]: [17:26:42][STATE] BOUND ---> CONNECTING
[95514:hf-track-index-skim-creator]: [17:26:42][STATE] BINDING ---> BOUND
[95514:hf-track-index-skim-creator]: [17:26:42][STATE] BOUND ---> CONNECTING
[95514:hf-track-index-skim-creator]: [17:26:42][STATE] CONNECTING ---> DEVICE READY
[95514:hf-track-index-skim-creator]: [17:26:42][STATE] DEVICE READY ---> INITIALIZING TASK
[95514:hf-track-index-skim-creator]: [17:26:42][STATE] INITIALIZING TASK ---> READY
[95514:hf-track-index-skim-creator]: [17:26:42][STATE] READY ---> RUNNING
[95514:hf-track-index-skim-creator]: [17:26:42][INFO] fair::mq::Device running...
[95514:hf-track-index-skim-creator]: [17:26:42][INFO] LHCPeriod is not available, using current month APR
[95523:hf-candidate-creator-xic0-omegac0]: [17:26:42][STATE] CONNECTING ---> DEVICE READY
[95523:hf-candidate-creator-xic0-omegac0]: [17:26:42][STATE] DEVICE READY ---> INITIALIZING TASK
[95523:hf-candidate-creator-xic0-omegac0]: [17:26:42][STATE] INITIALIZING TASK ---> READY
[95523:hf-candidate-creator-xic0-omegac0]: [17:26:42][STATE] READY ---> RUNNING
[95523:hf-candidate-creator-xic0-omegac0]: [17:26:42][INFO] fair::mq::Device running...
[95523:hf-candidate-creator-xic0-omegac0]: [17:26:42][INFO] LHCPeriod is not available, using current month APR
[95514:hf-track-index-skim-creator]: [17:26:42][INFO] Correctly handshaken websocket connection.
[95523:hf-candidate-creator-xic0-omegac0]: [17:26:42][INFO] Correctly handshaken websocket connection.
[95496:track-propagation]: Error in <TFile::TFile>: file /cvmfs/alice.cern.ch/ccdb/GLO/Param/MatLUT/06/29739/3f0d0f81-99d9-11ee-b9a2-200114580202 does not exist
[95496:track-propagation]: Info in <TJAlienConnectionManager>: Opening connection to JCentral. Please wait
[95496:track-propagation]: Info in <TJAlienConnectionManager>: Opening connection to 128.142.249.52
[95496:track-propagation]: Info in <TJAlienConnectionManager>: Successfully connected to 128.142.249.52
[95496:track-propagation]: Info in <TJAlienFile::Open>: Accessing file /alice/data/CCDB/GLO/Param/MatLUT/06/29739/3f0d0f81-99d9-11ee-b9a2-200114580202 in SE <ALICE::KISTI_GSDC::EOS>
[95496:track-propagation]: [17:26:46][INFO] ccdb reads http://alice-ccdb.cern.ch/GLO/Param/MatLUT/1546300800000/3f0d0f81-99d9-11ee-b9a2-200114580202 for 1730282808898 (retrieve, agent_id: jinhyun-MacBook-Pro-2.local-1744964793-yE7X5f), 
[95496:track-propagation]: [17:26:46][INFO] Initializing voxel layer lookup
[95496:track-propagation]: Info in <TJAlienFile::Open>: Accessing file /alice/data/CCDB/GLO/Config/GRPMagField/14/32076/431043ac-96a6-11ef-a7b5-0aa202c71b9a in SE <ALICE::KISTI_GSDC::EOS>
[95496:track-propagation]: [17:26:47][INFO] ccdb reads http://alice-ccdb.cern.ch/GLO/Config/GRPMagField/1730282630562/431043ac-96a6-11ef-a7b5-0aa202c71b9a for 1730282808898 (retrieve, agent_id: jinhyun-MacBook-Pro-2.local-1744964793-yE7X5f), 
[95496:track-propagation]: [17:26:47][INFO] Setting magnetic field to current 29999.9 A for run 559348 from its GRPMagField CCDB object
[95496:track-propagation]: [17:26:47][INFO] MagneticField::Print: MagneticFieldMap:
[95496:track-propagation]: [17:26:47][INFO] MagneticField::Print: Solenoid (0.999995*)5 kG, Dipole ON (1) 
[95496:track-propagation]: [17:26:47][INFO] MagneticField::Print: Machine B fields for p-p  beam (7000 GeV): QGrad: 22.0002 Dipole: 37.8781
[95496:track-propagation]: [17:26:47][INFO] MagneticField::Print: Uses Sol30_Dip6_Hole  of /Users/jinhyunpark/npl/Analysis/ALICE/O2Framework/sw/osx_arm64/O2/daily-20250327-0000-local1/share/Common/maps/mfchebKGI_sym.root
[95496:track-propagation]: Info in <TGeoGlobalMagField::SetField>: Global magnetic field set to <MagneticFieldMap>
[95496:track-propagation]: Info in <TGeoGlobalMagField::Lock>: Global magnetic field <MagneticFieldMap> is now locked
[95496:track-propagation]: [17:26:47][INFO] Loaded 440 params from $(O2_ROOT)/share/Common/maps/sol5k.txt
[95496:track-propagation]: Info in <TJAlienFile::Open>: Accessing file /alice/data/CCDB/GLO/Calib/MeanVertex/06/29289/7effe8f4-96a7-11ef-a7b5-0aa200321b9a in SE <ALICE::KISTI_GSDC::EOS>
[95496:track-propagation]: [17:26:48][INFO] ccdb reads http://alice-ccdb.cern.ch/GLO/Calib/MeanVertex/1730282676506/7effe8f4-96a7-11ef-a7b5-0aa200321b9a for 1730282808898 (retrieve, agent_id: jinhyun-MacBook-Pro-2.local-1744964793-yE7X5f), 
[95497:bc-selection-task]: Info in <TJAlienConnectionManager>: Opening connection to JCentral. Please wait
[95497:bc-selection-task]: Info in <TJAlienConnectionManager>: Opening connection to 128.142.249.52
[95497:bc-selection-task]: Info in <TJAlienConnectionManager>: Successfully connected to 128.142.249.52
[95497:bc-selection-task]: Info in <TJAlienFile::Open>: Accessing file /alice/data/CCDB/CTP/Calib/OrbitReset/11/15625/108fe720-96a1-11ef-a7b5-0aa140641b9a in SE <ALICE::KISTI_GSDC::EOS>
[95497:bc-selection-task]: [17:26:54][INFO] ccdb reads http://alice-ccdb.cern.ch/CTP/Calib/OrbitReset/1730280397972/108fe720-96a1-11ef-a7b5-0aa140641b9a for 1730292213255 (retrieve, agent_id: jinhyun-MacBook-Pro-2.local-1744964793-xTpdFb), 
[95497:bc-selection-task]: Info in <TJAlienFile::Open>: Accessing file /alice/data/CCDB/GLO/Config/GRPECS/00/29524/113cf17c-96d5-11ef-a7ba-0aa145271b9a in SE <ALICE::KISTI_GSDC::EOS>
[95497:bc-selection-task]: [17:26:56][INFO] ccdb reads http://alice-ccdb.cern.ch/GLO/Config/GRPECS/1730281688336/113cf17c-96d5-11ef-a7ba-0aa145271b9a for 1730292213255 (retrieve, agent_id: jinhyun-MacBook-Pro-2.local-1744964793-xTpdFb), 
[95497:bc-selection-task]: Info in <TJAlienFile::Open>: Accessing file /alice/data/CCDB/CTP/Calib/FirstRunOrbit/07/24375/34ed214f-96a4-11ef-a7b5-0aa140641b9a in SE <ALICE::KISTI_GSDC::EOS>
[95497:bc-selection-task]: [17:26:57][INFO] ccdb reads http://alice-ccdb.cern.ch/CTP/Calib/FirstRunOrbit/1730281747506/34ed214f-96a4-11ef-a7b5-0aa140641b9a for 1730292213255 (retrieve, agent_id: jinhyun-MacBook-Pro-2.local-1744964793-xTpdFb), 
[95497:bc-selection-task]: Info in <TJAlienFile::Open>: Accessing file /alice/data/CCDB/EventSelection/EventSelectionParams/05/07443/5f880452-f6ff-11ee-82dc-90ce809b250c in SE <ALICE::KISTI_GSDC::EOS>
[95497:bc-selection-task]: [17:26:58][INFO] ccdb reads http://alice-ccdb.cern.ch/EventSelection/EventSelectionParams/1543767116001/5f880452-f6ff-11ee-82dc-90ce809b250c for 1730292213254 (retrieve, agent_id: jinhyun-MacBook-Pro-2.local-1744964793-xTpdFb), 
[95497:bc-selection-task]: Info in <TJAlienFile::Open>: Accessing file /alice/data/CCDB/ITS/Config/AlpideParam/11/59588/98228b83-9465-11ef-a7ac-0aa202c71b9a in SE <ALICE::KISTI_GSDC::EOS>
[95497:bc-selection-task]: [17:27:00][INFO] ccdb reads http://alice-ccdb.cern.ch/ITS/Config/AlpideParam/1730034953676/98228b83-9465-11ef-a7ac-0aa202c71b9a for 1730292213254 (retrieve, agent_id: jinhyun-MacBook-Pro-2.local-1744964793-xTpdFb), 
[95497:bc-selection-task]: Info in <TJAlienFile::Open>: Accessing file /alice/data/CCDB/EventSelection/TriggerAliases/04/15650/a7c09199-ab0e-11ef-8a14-90ce809b250c in SE <ALICE::KISTI_GSDC::EOS>
[95497:bc-selection-task]: [17:27:01][INFO] ccdb reads http://alice-ccdb.cern.ch/EventSelection/TriggerAliases/1730281746465/a7c09199-ab0e-11ef-8a14-90ce809b250c for 1730292213254 (retrieve, agent_id: jinhyun-MacBook-Pro-2.local-1744964793-xTpdFb), 
[95497:bc-selection-task]: Info in <TJAlienFile::Open>: Accessing file /alice/data/CCDB/GLO/Config/GRPLHCIF/15/42116/b776634e-96a2-11ef-a7b5-0aa202c71b9a in SE <ALICE::KISTI_GSDC::EOS>
[95497:bc-selection-task]: [17:27:02][INFO] ccdb reads http://alice-ccdb.cern.ch/GLO/Config/GRPLHCIF/1730281107859/b776634e-96a2-11ef-a7b5-0aa202c71b9a for 1730292213254 (retrieve, agent_id: jinhyun-MacBook-Pro-2.local-1744964793-xTpdFb), 
[95497:bc-selection-task]: Info in <TJAlienFile::Open>: Accessing file /alice/data/CCDB/ITS/Calib/TimeDeadMap/00/14602/f4764734-96d4-11ef-a7b9-0aa200321b9a in SE <ALICE::KISTI_GSDC::EOS>
[95497:bc-selection-task]: [17:27:03][INFO] ccdb reads http://alice-ccdb.cern.ch/ITS/Calib/TimeDeadMap/1730281212421/f4764734-96d4-11ef-a7b9-0aa200321b9a for 1730292213254 (retrieve, agent_id: jinhyun-MacBook-Pro-2.local-1744964793-xTpdFb), 
[95497:bc-selection-task]: Info in <TJAlienFile::Open>: Accessing file /alice/data/CCDB/Users/j/jian/RCT/06/35152/da43ff4f-f9c3-11ef-b238-200114580202 in SE <ALICE::KISTI_GSDC::EOS>
[95497:bc-selection-task]: Info in <TKey::ReadObjectAny>: Using Converter StreamerInfo from map<unsigned long,unsigned int> to map<ULong64_t,unsigned int>
[95497:bc-selection-task]: [17:27:05][INFO] ccdb reads http://alice-ccdb.cern.ch/Users/j/jian/RCT/1730281737465/da43ff4f-f9c3-11ef-b238-200114580202 for 1730292213254 (retrieve, agent_id: jinhyun-MacBook-Pro-2.local-1744964793-xTpdFb), 
[95499:event-selection-task]: /Users/jinhyunpark/npl/Analysis/ALICE/O2Framework/sw/BUILD/ebe931092991c73b783db87bf10f90696bc78a66/arrow/src_tmp/cpp/src/gandiva/cache.cc:61: Creating gandiva cache with capacity of 5000
[95499:event-selection-task]: /Users/jinhyunpark/npl/Analysis/ALICE/O2Framework/sw/BUILD/ebe931092991c73b783db87bf10f90696bc78a66/arrow/src_tmp/cpp/src/gandiva/engine.cc:276: Detected CPU Name : apple-m1
[95499:event-selection-task]: /Users/jinhyunpark/npl/Analysis/ALICE/O2Framework/sw/BUILD/ebe931092991c73b783db87bf10f90696bc78a66/arrow/src_tmp/cpp/src/gandiva/engine.cc:277: Detected CPU Features: []
[95499:event-selection-task]: Info in <TJAlienConnectionManager>: Opening connection to JCentral. Please wait
[95499:event-selection-task]: Info in <TJAlienConnectionManager>: Opening connection to 128.142.249.32
[95499:event-selection-task]: Info in <TJAlienConnectionManager>: Successfully connected to 128.142.249.32
[95499:event-selection-task]: Info in <TJAlienFile::Open>: Accessing file /alice/data/CCDB/CTP/Calib/OrbitReset/11/15625/108fe720-96a1-11ef-a7b5-0aa140641b9a in SE <ALICE::KISTI_GSDC::EOS>
[95499:event-selection-task]: [17:27:10][INFO] ccdb reads http://alice-ccdb.cern.ch/CTP/Calib/OrbitReset/1730280397972/108fe720-96a1-11ef-a7b5-0aa140641b9a for 1730292213255 (retrieve, agent_id: jinhyun-MacBook-Pro-2.local-1744964793-xVrdFd), 
[95499:event-selection-task]: Info in <TJAlienFile::Open>: Accessing file /alice/data/CCDB/GLO/Config/GRPECS/00/29524/113cf17c-96d5-11ef-a7ba-0aa145271b9a in SE <ALICE::KISTI_GSDC::EOS>
[95499:event-selection-task]: [17:27:11][INFO] ccdb reads http://alice-ccdb.cern.ch/GLO/Config/GRPECS/1730281688336/113cf17c-96d5-11ef-a7ba-0aa145271b9a for 1730292213255 (retrieve, agent_id: jinhyun-MacBook-Pro-2.local-1744964793-xVrdFd), 
[95499:event-selection-task]: Info in <TJAlienFile::Open>: Accessing file /alice/data/CCDB/CTP/Calib/FirstRunOrbit/07/24375/34ed214f-96a4-11ef-a7b5-0aa140641b9a in SE <ALICE::KISTI_GSDC::EOS>
[95499:event-selection-task]: [17:27:12][INFO] ccdb reads http://alice-ccdb.cern.ch/CTP/Calib/FirstRunOrbit/1730281747506/34ed214f-96a4-11ef-a7b5-0aa140641b9a for 1730292213255 (retrieve, agent_id: jinhyun-MacBook-Pro-2.local-1744964793-xVrdFd), 
[95499:event-selection-task]: Info in <TJAlienFile::Open>: Accessing file /alice/data/CCDB/GLO/Config/GRPLHCIF/15/42116/b776634e-96a2-11ef-a7b5-0aa202c71b9a in SE <ALICE::KISTI_GSDC::EOS>
[95499:event-selection-task]: [17:27:13][INFO] ccdb reads http://alice-ccdb.cern.ch/GLO/Config/GRPLHCIF/1730281107859/b776634e-96a2-11ef-a7b5-0aa202c71b9a for 1730282808898 (retrieve, agent_id: jinhyun-MacBook-Pro-2.local-1744964793-xVrdFd), 
[95499:event-selection-task]: Info in <TJAlienFile::Open>: Accessing file /alice/data/CCDB/ITS/Config/AlpideParam/11/59588/98228b83-9465-11ef-a7ac-0aa202c71b9a in SE <ALICE::KISTI_GSDC::EOS>
[95499:event-selection-task]: [17:27:14][INFO] ccdb reads http://alice-ccdb.cern.ch/ITS/Config/AlpideParam/1730034953676/98228b83-9465-11ef-a7ac-0aa202c71b9a for 1730282808898 (retrieve, agent_id: jinhyun-MacBook-Pro-2.local-1744964793-xVrdFd), 
[95501:pid-multiplicity]: /Users/jinhyunpark/npl/Analysis/ALICE/O2Framework/sw/BUILD/ebe931092991c73b783db87bf10f90696bc78a66/arrow/src_tmp/cpp/src/gandiva/cache.cc:61: Creating gandiva cache with capacity of 5000
[95501:pid-multiplicity]: /Users/jinhyunpark/npl/Analysis/ALICE/O2Framework/sw/BUILD/ebe931092991c73b783db87bf10f90696bc78a66/arrow/src_tmp/cpp/src/gandiva/engine.cc:276: Detected CPU Name : apple-m1
[95501:pid-multiplicity]: /Users/jinhyunpark/npl/Analysis/ALICE/O2Framework/sw/BUILD/ebe931092991c73b783db87bf10f90696bc78a66/arrow/src_tmp/cpp/src/gandiva/engine.cc:277: Detected CPU Features: []
[95502:multiplicity-table]: /Users/jinhyunpark/npl/Analysis/ALICE/O2Framework/sw/BUILD/ebe931092991c73b783db87bf10f90696bc78a66/arrow/src_tmp/cpp/src/gandiva/cache.cc:61: Creating gandiva cache with capacity of 5000
[95502:multiplicity-table]: /Users/jinhyunpark/npl/Analysis/ALICE/O2Framework/sw/BUILD/ebe931092991c73b783db87bf10f90696bc78a66/arrow/src_tmp/cpp/src/gandiva/engine.cc:276: Detected CPU Name : apple-m1
[95502:multiplicity-table]: /Users/jinhyunpark/npl/Analysis/ALICE/O2Framework/sw/BUILD/ebe931092991c73b783db87bf10f90696bc78a66/arrow/src_tmp/cpp/src/gandiva/engine.cc:277: Detected CPU Features: []
[95502:multiplicity-table]: Info in <TJAlienConnectionManager>: Opening connection to JCentral. Please wait
[95502:multiplicity-table]: Info in <TJAlienConnectionManager>: Opening connection to 128.142.249.52
[95502:multiplicity-table]: Info in <TJAlienConnectionManager>: Successfully connected to 128.142.249.52
[95502:multiplicity-table]: Info in <TJAlienFile::Open>: Accessing file /alice/data/CCDB/Centrality/Calibration/12/28282/fb17ed1d-39db-11ed-ac0b-533d799c24ee in SE <ALICE::KISTI_GSDC::EOS>
[95502:multiplicity-table]: [17:27:21][INFO] ccdb reads http://alice-ccdb.cern.ch/Centrality/Calibration/1640995200000/fb17ed1d-39db-11ed-ac0b-533d799c24ee for 1730292213254 (retrieve, agent_id: jinhyun-MacBook-Pro-2.local-1744964795-xZvgIg), 
[95503:tpc-pid]: /Users/jinhyunpark/npl/Analysis/ALICE/O2Framework/sw/BUILD/ebe931092991c73b783db87bf10f90696bc78a66/arrow/src_tmp/cpp/src/gandiva/cache.cc:61: Creating gandiva cache with capacity of 5000
[95503:tpc-pid]: /Users/jinhyunpark/npl/Analysis/ALICE/O2Framework/sw/BUILD/ebe931092991c73b783db87bf10f90696bc78a66/arrow/src_tmp/cpp/src/gandiva/engine.cc:276: Detected CPU Name : apple-m1
[95503:tpc-pid]: /Users/jinhyunpark/npl/Analysis/ALICE/O2Framework/sw/BUILD/ebe931092991c73b783db87bf10f90696bc78a66/arrow/src_tmp/cpp/src/gandiva/engine.cc:277: Detected CPU Features: []
[95503:tpc-pid]: [17:27:21][INFO] Retrieving latest TPC response object for timestamp 1730282808898:
[95503:tpc-pid]: Info in <TJAlienConnectionManager>: Opening connection to JCentral. Please wait
[95503:tpc-pid]: Info in <TJAlienConnectionManager>: Opening connection to 128.142.249.52
[95503:tpc-pid]: Info in <TJAlienConnectionManager>: Successfully connected to 128.142.249.52
[95503:tpc-pid]: Info in <TJAlienFile::Open>: Accessing file /alice/data/CCDB/Analysis/PID/TPC/Response/01/56526/a52ad255-db06-11ee-aa73-8cb53d0d24ee in SE <ALICE::KISTI_GSDC::EOS>
[95503:tpc-pid]: [17:27:25][INFO] ccdb reads http://alice-ccdb.cern.ch/Analysis/PID/TPC/Response/1704067200001/a52ad255-db06-11ee-aa73-8cb53d0d24ee for 1730282808898 (retrieve, agent_id: jinhyun-MacBook-Pro-2.local-1744964793-1JBX5l), 
[95503:tpc-pid]: [17:27:27][INFO] Successfully retrieved TPC PID object from CCDB for timestamp 1730282808898, period LHC24, recoPass default
[95503:tpc-pid]: [17:27:27][INFO] ==== TPC PID response parameters: ====
[95503:tpc-pid]: [17:27:27][INFO] BB param [0] = 0.280991
[95503:tpc-pid]: [17:27:27][INFO] BB param [1] = 3.23543
[95503:tpc-pid]: [17:27:27][INFO] BB param [2] = 0.0244042
[95503:tpc-pid]: [17:27:27][INFO] BB param [3] = 2.31595
[95503:tpc-pid]: [17:27:27][INFO] BB param [4] = 0.780374
[95503:tpc-pid]: [17:27:27][INFO] use default resolution parametrization = true
[95503:tpc-pid]: [17:27:27][INFO] Default Resolution parametrization: 
[95503:tpc-pid]: [17:27:27][INFO] Resolution param [0] = 0.07
[95503:tpc-pid]: [17:27:27][INFO] Resolution param [1] = 0
[95503:tpc-pid]: [17:27:27][INFO] mMIP = 50
[95503:tpc-pid]: [17:27:27][INFO] mChargeFactor = 2.3
[95503:tpc-pid]: [17:27:27][INFO] mMultNormalization = 11000
[95503:tpc-pid]: [17:27:27][INFO] nClNorm = 152
[95506:track-to-collision-association]: /Users/jinhyunpark/npl/Analysis/ALICE/O2Framework/sw/BUILD/ebe931092991c73b783db87bf10f90696bc78a66/arrow/src_tmp/cpp/src/gandiva/cache.cc:61: Creating gandiva cache with capacity of 5000
[95506:track-to-collision-association]: /Users/jinhyunpark/npl/Analysis/ALICE/O2Framework/sw/BUILD/ebe931092991c73b783db87bf10f90696bc78a66/arrow/src_tmp/cpp/src/gandiva/engine.cc:276: Detected CPU Name : apple-m1
[95506:track-to-collision-association]: /Users/jinhyunpark/npl/Analysis/ALICE/O2Framework/sw/BUILD/ebe931092991c73b783db87bf10f90696bc78a66/arrow/src_tmp/cpp/src/gandiva/engine.cc:277: Detected CPU Features: []
[95510:lambdakzero-builder]: /Users/jinhyunpark/npl/Analysis/ALICE/O2Framework/sw/BUILD/ebe931092991c73b783db87bf10f90696bc78a66/arrow/src_tmp/cpp/src/gandiva/cache.cc:61: Creating gandiva cache with capacity of 5000
[95510:lambdakzero-builder]: /Users/jinhyunpark/npl/Analysis/ALICE/O2Framework/sw/BUILD/ebe931092991c73b783db87bf10f90696bc78a66/arrow/src_tmp/cpp/src/gandiva/engine.cc:276: Detected CPU Name : apple-m1
[95510:lambdakzero-builder]: /Users/jinhyunpark/npl/Analysis/ALICE/O2Framework/sw/BUILD/ebe931092991c73b783db87bf10f90696bc78a66/arrow/src_tmp/cpp/src/gandiva/engine.cc:277: Detected CPU Features: []
[95510:lambdakzero-builder]: Info in <TJAlienConnectionManager>: Opening connection to JCentral. Please wait
[95510:lambdakzero-builder]: Info in <TJAlienConnectionManager>: Opening connection to 128.142.249.17
[95510:lambdakzero-builder]: Info in <TJAlienConnectionManager>: Successfully connected to 128.142.249.17
[95510:lambdakzero-builder]: Info in <TJAlienFile::Open>: Accessing file /alice/data/CCDB/GLO/Config/GRPMagField/14/32076/431043ac-96a6-11ef-a7b5-0aa202c71b9a in SE <ALICE::KISTI_GSDC::EOS>
[95510:lambdakzero-builder]: [17:27:32][INFO] ccdb reads http://alice-ccdb.cern.ch/GLO/Config/GRPMagField/1730282630562/431043ac-96a6-11ef-a7b5-0aa202c71b9a for 1730282808898 (retrieve, agent_id: jinhyun-MacBook-Pro-2.local-1744964794-GQ3fxd), 
[95510:lambdakzero-builder]: [17:27:32][INFO] MagneticField::Print: MagneticFieldMap:
[95510:lambdakzero-builder]: [17:27:32][INFO] MagneticField::Print: Solenoid (0.999995*)5 kG, Dipole ON (1) 
[95510:lambdakzero-builder]: [17:27:32][INFO] MagneticField::Print: Machine B fields for p-p  beam (7000 GeV): QGrad: 22.0002 Dipole: 37.8781
[95510:lambdakzero-builder]: [17:27:32][INFO] MagneticField::Print: Uses Sol30_Dip6_Hole  of /Users/jinhyunpark/npl/Analysis/ALICE/O2Framework/sw/osx_arm64/O2/daily-20250327-0000-local1/share/Common/maps/mfchebKGI_sym.root
[95510:lambdakzero-builder]: Info in <TGeoGlobalMagField::SetField>: Global magnetic field set to <MagneticFieldMap>
[95510:lambdakzero-builder]: Info in <TGeoGlobalMagField::Lock>: Global magnetic field <MagneticFieldMap> is now locked
[95510:lambdakzero-builder]: [17:27:32][INFO] Loaded 440 params from $(O2_ROOT)/share/Common/maps/sol5k.txt
[95510:lambdakzero-builder]: [17:27:32][INFO] Retrieved GRP for timestamp 1730282808898 with magnetic field of 5.00673 kG
[95510:lambdakzero-builder]: Info in <TJAlienFile::Open>: Accessing file /alice/data/CCDB/GLO/Calib/MeanVertex/06/29289/7effe8f4-96a7-11ef-a7b5-0aa200321b9a in SE <ALICE::KISTI_GSDC::EOS>
[95510:lambdakzero-builder]: [17:27:33][INFO] ccdb reads http://alice-ccdb.cern.ch/GLO/Calib/MeanVertex/1730282676506/7effe8f4-96a7-11ef-a7b5-0aa200321b9a for 1730282808898 (retrieve, agent_id: jinhyun-MacBook-Pro-2.local-1744964794-GQ3fxd), 
[95510:lambdakzero-builder]: [17:27:33][INFO] Loading material look-up table for timestamp: 1730282808898
[95510:lambdakzero-builder]: Error in <TFile::TFile>: file /cvmfs/alice.cern.ch/ccdb/GLO/Param/MatLUT/06/29739/3f0d0f81-99d9-11ee-b9a2-200114580202 does not exist
[95510:lambdakzero-builder]: Info in <TJAlienFile::Open>: Accessing file /alice/data/CCDB/GLO/Param/MatLUT/06/29739/3f0d0f81-99d9-11ee-b9a2-200114580202 in SE <ALICE::KISTI_GSDC::EOS>
[95510:lambdakzero-builder]: [17:27:36][INFO] ccdb reads http://alice-ccdb.cern.ch/GLO/Param/MatLUT/1546300800000/3f0d0f81-99d9-11ee-b9a2-200114580202 for 1730282808898 (retrieve, agent_id: jinhyun-MacBook-Pro-2.local-1744964794-GQ3fxd), 
[95510:lambdakzero-builder]: [17:27:36][INFO] Initializing voxel layer lookup
[95513:lambdakzero-initializer]: /Users/jinhyunpark/npl/Analysis/ALICE/O2Framework/sw/BUILD/ebe931092991c73b783db87bf10f90696bc78a66/arrow/src_tmp/cpp/src/gandiva/cache.cc:61: Creating gandiva cache with capacity of 5000
[95513:lambdakzero-initializer]: /Users/jinhyunpark/npl/Analysis/ALICE/O2Framework/sw/BUILD/ebe931092991c73b783db87bf10f90696bc78a66/arrow/src_tmp/cpp/src/gandiva/engine.cc:276: Detected CPU Name : apple-m1
[95513:lambdakzero-initializer]: /Users/jinhyunpark/npl/Analysis/ALICE/O2Framework/sw/BUILD/ebe931092991c73b783db87bf10f90696bc78a66/arrow/src_tmp/cpp/src/gandiva/engine.cc:277: Detected CPU Features: []
[95512:hf-track-index-skim-creator-tag-sel-tracks]: /Users/jinhyunpark/npl/Analysis/ALICE/O2Framework/sw/BUILD/ebe931092991c73b783db87bf10f90696bc78a66/arrow/src_tmp/cpp/src/gandiva/cache.cc:61: Creating gandiva cache with capacity of 5000
[95512:hf-track-index-skim-creator-tag-sel-tracks]: /Users/jinhyunpark/npl/Analysis/ALICE/O2Framework/sw/BUILD/ebe931092991c73b783db87bf10f90696bc78a66/arrow/src_tmp/cpp/src/gandiva/engine.cc:276: Detected CPU Name : apple-m1
[95512:hf-track-index-skim-creator-tag-sel-tracks]: /Users/jinhyunpark/npl/Analysis/ALICE/O2Framework/sw/BUILD/ebe931092991c73b783db87bf10f90696bc78a66/arrow/src_tmp/cpp/src/gandiva/engine.cc:277: Detected CPU Features: []
[95512:hf-track-index-skim-creator-tag-sel-tracks]: [17:27:37][INFO] ====== initCCDB function called (isRun2==0)
[95512:hf-track-index-skim-creator-tag-sel-tracks]: Info in <TJAlienConnectionManager>: Opening connection to JCentral. Please wait
[95512:hf-track-index-skim-creator-tag-sel-tracks]: Info in <TJAlienConnectionManager>: Opening connection to 128.142.249.33
[95512:hf-track-index-skim-creator-tag-sel-tracks]: Info in <TJAlienConnectionManager>: Successfully connected to 128.142.249.33
[95512:hf-track-index-skim-creator-tag-sel-tracks]: Info in <TJAlienFile::Open>: Accessing file /alice/data/CCDB/GLO/Config/GRPMagField/14/32076/431043ac-96a6-11ef-a7b5-0aa202c71b9a in SE <ALICE::KISTI_GSDC::EOS>
[95512:hf-track-index-skim-creator-tag-sel-tracks]: [17:27:40][INFO] ccdb reads http://alice-ccdb.cern.ch/GLO/Config/GRPMagField/1730282630562/431043ac-96a6-11ef-a7b5-0aa202c71b9a for 1730282808898 (retrieve, agent_id: jinhyun-MacBook-Pro-2.local-1744964795-EU7n5f), 
[95512:hf-track-index-skim-creator-tag-sel-tracks]: [17:27:40][INFO] MagneticField::Print: MagneticFieldMap:
[95512:hf-track-index-skim-creator-tag-sel-tracks]: [17:27:40][INFO] MagneticField::Print: Solenoid (0.999995*)5 kG, Dipole ON (1) 
[95512:hf-track-index-skim-creator-tag-sel-tracks]: [17:27:40][INFO] MagneticField::Print: Machine B fields for p-p  beam (7000 GeV): QGrad: 22.0002 Dipole: 37.8781
[95512:hf-track-index-skim-creator-tag-sel-tracks]: [17:27:40][INFO] MagneticField::Print: Uses Sol30_Dip6_Hole  of /Users/jinhyunpark/npl/Analysis/ALICE/O2Framework/sw/osx_arm64/O2/daily-20250327-0000-local1/share/Common/maps/mfchebKGI_sym.root
[95512:hf-track-index-skim-creator-tag-sel-tracks]: Info in <TGeoGlobalMagField::SetField>: Global magnetic field set to <MagneticFieldMap>
[95512:hf-track-index-skim-creator-tag-sel-tracks]: Info in <TGeoGlobalMagField::Lock>: Global magnetic field <MagneticFieldMap> is now locked
[95512:hf-track-index-skim-creator-tag-sel-tracks]: [17:27:40][INFO] Setting magnetic field to current 29999.859375 A for run 559348 from its GRP CCDB object (type o2::parameters::GRPMagField)
[95512:hf-track-index-skim-creator-tag-sel-tracks]: [17:27:40][INFO] Loaded 440 params from $(O2_ROOT)/share/Common/maps/sol5k.txt
[95514:hf-track-index-skim-creator]: /Users/jinhyunpark/npl/Analysis/ALICE/O2Framework/sw/BUILD/ebe931092991c73b783db87bf10f90696bc78a66/arrow/src_tmp/cpp/src/gandiva/cache.cc:61: Creating gandiva cache with capacity of 5000
[95514:hf-track-index-skim-creator]: /Users/jinhyunpark/npl/Analysis/ALICE/O2Framework/sw/BUILD/ebe931092991c73b783db87bf10f90696bc78a66/arrow/src_tmp/cpp/src/gandiva/engine.cc:276: Detected CPU Name : apple-m1
[95514:hf-track-index-skim-creator]: /Users/jinhyunpark/npl/Analysis/ALICE/O2Framework/sw/BUILD/ebe931092991c73b783db87bf10f90696bc78a66/arrow/src_tmp/cpp/src/gandiva/engine.cc:277: Detected CPU Features: []
[95514:hf-track-index-skim-creator]: [17:27:41][INFO] ====== initCCDB function called (isRun2==0)
[95514:hf-track-index-skim-creator]: Info in <TJAlienFile::Open>: Accessing file /alice/data/CCDB/GLO/Config/GRPMagField/14/32076/431043ac-96a6-11ef-a7b5-0aa202c71b9a in SE <ALICE::KISTI_GSDC::EOS>
[95514:hf-track-index-skim-creator]: [17:27:43][INFO] ccdb reads http://alice-ccdb.cern.ch/GLO/Config/GRPMagField/1730282630562/431043ac-96a6-11ef-a7b5-0aa202c71b9a for 1730282808898 (retrieve, agent_id: jinhyun-MacBook-Pro-2.local-1744964795-GU7n5h), 
[95514:hf-track-index-skim-creator]: [17:27:43][INFO] MagneticField::Print: MagneticFieldMap:
[95514:hf-track-index-skim-creator]: [17:27:43][INFO] MagneticField::Print: Solenoid (0.999995*)5 kG, Dipole ON (1) 
[95514:hf-track-index-skim-creator]: [17:27:43][INFO] MagneticField::Print: Machine B fields for p-p  beam (7000 GeV): QGrad: 22.0002 Dipole: 37.8781
[95514:hf-track-index-skim-creator]: [17:27:43][INFO] MagneticField::Print: Uses Sol30_Dip6_Hole  of /Users/jinhyunpark/npl/Analysis/ALICE/O2Framework/sw/osx_arm64/O2/daily-20250327-0000-local1/share/Common/maps/mfchebKGI_sym.root
[95514:hf-track-index-skim-creator]: Info in <TGeoGlobalMagField::SetField>: Global magnetic field set to <MagneticFieldMap>
[95514:hf-track-index-skim-creator]: Info in <TGeoGlobalMagField::Lock>: Global magnetic field <MagneticFieldMap> is now locked
[95514:hf-track-index-skim-creator]: [17:27:43][INFO] Setting magnetic field to current 29999.859375 A for run 559348 from its GRP CCDB object (type o2::parameters::GRPMagField)
[95514:hf-track-index-skim-creator]: [17:27:43][INFO] Loaded 440 params from $(O2_ROOT)/share/Common/maps/sol5k.txt
[95515:hf-track-index-skim-creator-cascades]: /Users/jinhyunpark/npl/Analysis/ALICE/O2Framework/sw/BUILD/ebe931092991c73b783db87bf10f90696bc78a66/arrow/src_tmp/cpp/src/gandiva/cache.cc:61: Creating gandiva cache with capacity of 5000
[95515:hf-track-index-skim-creator-cascades]: /Users/jinhyunpark/npl/Analysis/ALICE/O2Framework/sw/BUILD/ebe931092991c73b783db87bf10f90696bc78a66/arrow/src_tmp/cpp/src/gandiva/engine.cc:276: Detected CPU Name : apple-m1
[95515:hf-track-index-skim-creator-cascades]: /Users/jinhyunpark/npl/Analysis/ALICE/O2Framework/sw/BUILD/ebe931092991c73b783db87bf10f90696bc78a66/arrow/src_tmp/cpp/src/gandiva/engine.cc:277: Detected CPU Features: []
[95517:cascade-builder]: /Users/jinhyunpark/npl/Analysis/ALICE/O2Framework/sw/BUILD/ebe931092991c73b783db87bf10f90696bc78a66/arrow/src_tmp/cpp/src/gandiva/cache.cc:61: Creating gandiva cache with capacity of 5000
[95517:cascade-builder]: /Users/jinhyunpark/npl/Analysis/ALICE/O2Framework/sw/BUILD/ebe931092991c73b783db87bf10f90696bc78a66/arrow/src_tmp/cpp/src/gandiva/engine.cc:276: Detected CPU Name : apple-m1
[95517:cascade-builder]: /Users/jinhyunpark/npl/Analysis/ALICE/O2Framework/sw/BUILD/ebe931092991c73b783db87bf10f90696bc78a66/arrow/src_tmp/cpp/src/gandiva/engine.cc:277: Detected CPU Features: []
[95517:cascade-builder]: Info in <TJAlienConnectionManager>: Opening connection to JCentral. Please wait
[95517:cascade-builder]: Info in <TJAlienConnectionManager>: Opening connection to 128.142.249.53
[95517:cascade-builder]: Info in <TJAlienConnectionManager>: Successfully connected to 128.142.249.53
[95517:cascade-builder]: Info in <TJAlienFile::Open>: Accessing file /alice/data/CCDB/GLO/Config/GRPMagField/14/32076/431043ac-96a6-11ef-a7b5-0aa202c71b9a in SE <ALICE::KISTI_GSDC::EOS>
[95517:cascade-builder]: [17:27:48][INFO] ccdb reads http://alice-ccdb.cern.ch/GLO/Config/GRPMagField/1730282630562/431043ac-96a6-11ef-a7b5-0aa202c71b9a for 1730282808898 (retrieve, agent_id: jinhyun-MacBook-Pro-2.local-1744964796-FZBn5j), 
[95517:cascade-builder]: [17:27:48][INFO] MagneticField::Print: MagneticFieldMap:
[95517:cascade-builder]: [17:27:48][INFO] MagneticField::Print: Solenoid (0.999995*)5 kG, Dipole ON (1) 
[95517:cascade-builder]: [17:27:48][INFO] MagneticField::Print: Machine B fields for p-p  beam (7000 GeV): QGrad: 22.0002 Dipole: 37.8781
[95517:cascade-builder]: [17:27:48][INFO] MagneticField::Print: Uses Sol30_Dip6_Hole  of /Users/jinhyunpark/npl/Analysis/ALICE/O2Framework/sw/osx_arm64/O2/daily-20250327-0000-local1/share/Common/maps/mfchebKGI_sym.root
[95517:cascade-builder]: Info in <TGeoGlobalMagField::SetField>: Global magnetic field set to <MagneticFieldMap>
[95517:cascade-builder]: Info in <TGeoGlobalMagField::Lock>: Global magnetic field <MagneticFieldMap> is now locked
[95517:cascade-builder]: [17:27:48][INFO] Loaded 440 params from $(O2_ROOT)/share/Common/maps/sol5k.txt
[95517:cascade-builder]: [17:27:48][INFO] Retrieved GRP for timestamp 1730282808898 with magnetic field of 5.00673 kG
[95517:cascade-builder]: [17:27:48][INFO] Loading material look-up table for timestamp: 1730282808898
[95517:cascade-builder]: Error in <TFile::TFile>: file /cvmfs/alice.cern.ch/ccdb/GLO/Param/MatLUT/06/29739/3f0d0f81-99d9-11ee-b9a2-200114580202 does not exist
[95517:cascade-builder]: Info in <TJAlienFile::Open>: Accessing file /alice/data/CCDB/GLO/Param/MatLUT/06/29739/3f0d0f81-99d9-11ee-b9a2-200114580202 in SE <ALICE::KISTI_GSDC::EOS>
[95517:cascade-builder]: [17:27:50][INFO] ccdb reads http://alice-ccdb.cern.ch/GLO/Param/MatLUT/1546300800000/3f0d0f81-99d9-11ee-b9a2-200114580202 for 1730282808898 (retrieve, agent_id: jinhyun-MacBook-Pro-2.local-1744964796-FZBn5j), 
[95517:cascade-builder]: [17:27:50][INFO] Initializing voxel layer lookup
[95519:hf-track-index-skim-creator-lf-cascades]: /Users/jinhyunpark/npl/Analysis/ALICE/O2Framework/sw/BUILD/ebe931092991c73b783db87bf10f90696bc78a66/arrow/src_tmp/cpp/src/gandiva/cache.cc:61: Creating gandiva cache with capacity of 5000
[95519:hf-track-index-skim-creator-lf-cascades]: /Users/jinhyunpark/npl/Analysis/ALICE/O2Framework/sw/BUILD/ebe931092991c73b783db87bf10f90696bc78a66/arrow/src_tmp/cpp/src/gandiva/engine.cc:276: Detected CPU Name : apple-m1
[95519:hf-track-index-skim-creator-lf-cascades]: /Users/jinhyunpark/npl/Analysis/ALICE/O2Framework/sw/BUILD/ebe931092991c73b783db87bf10f90696bc78a66/arrow/src_tmp/cpp/src/gandiva/engine.cc:277: Detected CPU Features: []
[95492:internal-dpl-aod-reader]: [17:30:43][INFO] No input files left to read for reader 0!
[95492:internal-dpl-aod-reader]: [17:30:43][INFO] Read info: lfn=/Users/jinhyunpark/npl/Analysis/ALICE/data/ao2d/pp5036GeV/data/hyperloop_DST_ppref_dataset_559348.root,size=3378870011,total_df=76,read_df=76,read_bytes=3049320495,read_calls=1979,io_time=19.4,wait_time=228.5,level=0
[95492:internal-dpl-aod-reader]: [17:30:43][INFO] Sending end-of-stream message to channel from_internal-dpl-aod-reader_to_internal-dpl-aod-spawner
[95492:internal-dpl-aod-reader]: [17:30:43][INFO] Sending end-of-stream message to channel from_internal-dpl-aod-reader_to_internal-dpl-aod-index-builder
[95492:internal-dpl-aod-reader]: [17:30:43][INFO] Sending end-of-stream message to channel from_internal-dpl-aod-reader_to_track-propagation
[95492:internal-dpl-aod-reader]: [17:30:43][INFO] Sending end-of-stream message to channel from_internal-dpl-aod-reader_to_track-to-collision-association
[95492:internal-dpl-aod-reader]: [17:30:43][INFO] Sending end-of-stream message to channel from_internal-dpl-aod-reader_to_cascade-preselector
[95492:internal-dpl-aod-reader]: [17:30:43][INFO] Sending end-of-stream message to channel from_internal-dpl-aod-reader_to_internal-dpl-aod-writer
[95493:internal-dpl-aod-spawner]: [17:30:43][INFO] Sending end-of-stream message to channel from_internal-dpl-aod-spawner_to_track-propagation
[95493:internal-dpl-aod-spawner]: [17:30:43][INFO] Sending end-of-stream message to channel from_internal-dpl-aod-spawner_to_tof-signal
[95494:internal-dpl-aod-index-builder]: [17:30:43][INFO] Sending end-of-stream message to channel from_internal-dpl-aod-index-builder_to_timestamp-task
[95494:internal-dpl-aod-index-builder]: [17:30:43][INFO] Sending end-of-stream message to channel from_internal-dpl-aod-index-builder_to_bc-selection-task
[95495:timestamp-task]: [17:30:43][INFO] CCDBManager summary: 2 queries, 563 bytes for 2 objects, 1 good fetches (and 0 failed ones) in 3,519 ms, instance: jinhyun-MacBook-Pro-2.local-1744964793-1B3Pxd
[95495:timestamp-task]: [17:30:43][INFO] CCDB cache miss/hit/failures
[95495:timestamp-task]: [17:30:43][INFO]   CTP/Calib/OrbitReset: 1/0/0 (563-563 bytes)
[95495:timestamp-task]: [17:30:43][INFO]   RCT-Run-Info HeaderOnly: 1/0/0 (0-0 bytes)
[95495:timestamp-task]: [17:30:43][INFO] Sending end-of-stream message to channel from_timestamp-task_to_track-propagation
[95496:track-propagation]: [17:30:43][INFO] CCDBManager summary: 3 queries, 21,441,706 bytes for 3 objects, 3 good fetches (and 0 failed ones) in 6,721 ms, instance: jinhyun-MacBook-Pro-2.local-1744964793-yE7X5f
[95496:track-propagation]: [17:30:43][INFO] CCDB cache miss/hit/failures
[95496:track-propagation]: [17:30:43][INFO]   GLO/Calib/MeanVertex: 1/0/0 (1603-1603 bytes)
[95496:track-propagation]: [17:30:43][INFO]   GLO/Config/GRPMagField: 1/0/0 (1107-1107 bytes)
[95496:track-propagation]: [17:30:43][INFO]   GLO/Param/MatLUT: 1/0/0 (21438996-21438996 bytes)
[95496:track-propagation]: [17:30:43][INFO] Sending end-of-stream message to channel from_track-propagation_to_bc-selection-task
[95496:track-propagation]: [17:30:43][INFO] Sending end-of-stream message to channel from_track-propagation_to_tof-signal
[95496:track-propagation]: [17:30:43][INFO] Sending end-of-stream message to channel from_track-propagation_to_track-selection
[95496:track-propagation]: [17:30:43][INFO] Sending end-of-stream message to channel from_track-propagation_to_lambdakzero-builder
[95496:track-propagation]: [17:30:43][INFO] Sending end-of-stream message to channel from_track-propagation_to_hf-track-index-skim-creator-tag-sel-tracks
[95496:track-propagation]: [17:30:43][INFO] Sending end-of-stream message to channel from_track-propagation_to_internal-dpl-aod-global-analysis-file-sink
[95496:track-propagation]: [17:30:43][INFO] Sending end-of-stream message to channel from_track-propagation_to_internal-dpl-aod-writer
[95497:bc-selection-task]: [17:30:43][INFO] CCDBManager summary: 10 queries, 94,833 bytes for 10 objects, 9 good fetches (and 0 failed ones) in 13,608 ms, instance: jinhyun-MacBook-Pro-2.local-1744964793-xTpdFb
[95497:bc-selection-task]: [17:30:43][INFO] CCDB cache miss/hit/failures
[95497:bc-selection-task]: [17:30:43][INFO]   ITS/Calib/TimeDeadMap: 1/0/0 (85015-85015 bytes)
[95497:bc-selection-task]: [17:30:43][INFO]   GLO/Config/GRPLHCIF: 1/0/0 (1868-1868 bytes)
[95497:bc-selection-task]: [17:30:43][INFO]   EventSelection/EventSelectionParams: 1/0/0 (1610-1610 bytes)
[95497:bc-selection-task]: [17:30:43][INFO]   ITS/Config/AlpideParam: 1/0/0 (1413-1413 bytes)
[95497:bc-selection-task]: [17:30:43][INFO]   GLO/Config/GRPECS: 1/0/0 (1887-1887 bytes)
[95497:bc-selection-task]: [17:30:43][INFO]   EventSelection/TriggerAliases: 1/0/0 (1152-1152 bytes)
[95497:bc-selection-task]: [17:30:43][INFO]   CTP/Calib/OrbitReset: 1/0/0 (563-563 bytes)
[95497:bc-selection-task]: [17:30:43][INFO]   Users/j/jian/RCT: 1/0/0 (746-746 bytes)
[95497:bc-selection-task]: [17:30:43][INFO]   CTP/Calib/FirstRunOrbit: 1/0/0 (579-579 bytes)
[95497:bc-selection-task]: [17:30:43][INFO]   RCT-Run-Info HeaderOnly: 1/0/0 (0-0 bytes)
[95527:internal-dpl-aod-writer]: [17:30:43][CRITICAL] Some Lifetime::Timeframe data got dropped starting at 76
[95497:bc-selection-task]: [17:30:43][INFO] Sending end-of-stream message to channel from_bc-selection-task_to_event-selection-task
[95497:bc-selection-task]: [17:30:43][INFO] Sending end-of-stream message to channel from_bc-selection-task_to_multiplicity-table
[95497:bc-selection-task]: [17:30:43][INFO] Sending end-of-stream message to channel from_bc-selection-task_to_internal-dpl-aod-global-analysis-file-sink
[95498:tof-signal]: [17:30:44][INFO] Sending end-of-stream message to channel from_tof-signal_to_event-selection-task
[95498:tof-signal]: [17:30:44][INFO] Sending end-of-stream message to channel from_tof-signal_to_tof-event-time
[95498:tof-signal]: [17:30:44][INFO] Sending end-of-stream message to channel from_tof-signal_to_internal-dpl-aod-global-analysis-file-sink
[95498:tof-signal]: [17:30:44][INFO] Sending end-of-stream message to channel from_tof-signal_to_internal-dpl-aod-writer
[95499:event-selection-task]: [17:30:44][INFO] CCDBManager summary: 6 queries, 6,310 bytes for 6 objects, 5 good fetches (and 0 failed ones) in 7,874 ms, instance: jinhyun-MacBook-Pro-2.local-1744964793-xVrdFd
[95499:event-selection-task]: [17:30:44][INFO] CCDB cache miss/hit/failures
[95499:event-selection-task]: [17:30:44][INFO]   ITS/Config/AlpideParam: 1/0/0 (1413-1413 bytes)
[95499:event-selection-task]: [17:30:44][INFO]   GLO/Config/GRPECS: 1/0/0 (1887-1887 bytes)
[95499:event-selection-task]: [17:30:44][INFO]   CTP/Calib/OrbitReset: 1/0/0 (563-563 bytes)
[95499:event-selection-task]: [17:30:44][INFO]   GLO/Config/GRPLHCIF: 1/0/0 (1868-1868 bytes)
[95499:event-selection-task]: [17:30:44][INFO]   CTP/Calib/FirstRunOrbit: 1/0/0 (579-579 bytes)
[95499:event-selection-task]: [17:30:44][INFO]   RCT-Run-Info HeaderOnly: 1/0/0 (0-0 bytes)
[95499:event-selection-task]: [17:30:44][INFO] Sending end-of-stream message to channel from_event-selection-task_to_track-selection
[95499:event-selection-task]: [17:30:44][INFO] Sending end-of-stream message to channel from_event-selection-task_to_pid-multiplicity
[95499:event-selection-task]: [17:30:44][INFO] Sending end-of-stream message to channel from_event-selection-task_to_multiplicity-table
[95499:event-selection-task]: [17:30:44][INFO] Sending end-of-stream message to channel from_event-selection-task_to_internal-dpl-aod-global-analysis-file-sink
[95500:track-selection]: [17:30:44][INFO] Sending end-of-stream message to channel from_track-selection_to_pid-multiplicity
[95500:track-selection]: [17:30:44][INFO] Sending end-of-stream message to channel from_track-selection_to_tpc-pid
[95500:track-selection]: [17:30:44][INFO] Sending end-of-stream message to channel from_track-selection_to_track-to-collision-association
[95500:track-selection]: [17:30:44][INFO] Sending end-of-stream message to channel from_track-selection_to_hf-track-index-skim-creator-tag-sel-tracks
[95500:track-selection]: [17:30:44][INFO] Sending end-of-stream message to channel from_track-selection_to_internal-dpl-aod-writer
[95501:pid-multiplicity]: [17:30:44][INFO] Sending end-of-stream message to channel from_pid-multiplicity_to_multiplicity-table
[95501:pid-multiplicity]: [17:30:44][INFO] Sending end-of-stream message to channel from_pid-multiplicity_to_tpc-pid
[95502:multiplicity-table]: [17:30:44][INFO] CCDBManager summary: 2 queries, 3,791 bytes for 2 objects, 1 good fetches (and 0 failed ones) in 3,327 ms, instance: jinhyun-MacBook-Pro-2.local-1744964795-xZvgIg
[95502:multiplicity-table]: [17:30:44][INFO] CCDB cache miss/hit/failures
[95502:multiplicity-table]: [17:30:44][INFO]   Centrality/Calibration: 1/0/0 (3791-3791 bytes)
[95502:multiplicity-table]: [17:30:44][INFO]   RCT-Run-Info HeaderOnly: 1/0/0 (0-0 bytes)
[95502:multiplicity-table]: [17:30:44][INFO] Sending end-of-stream message to channel from_multiplicity-table_to_tpc-pid
[95502:multiplicity-table]: [17:30:44][INFO] Sending end-of-stream message to channel from_multiplicity-table_to_ft0-corrected-table
[95502:multiplicity-table]: [17:30:44][INFO] Sending end-of-stream message to channel from_multiplicity-table_to_tof-event-time
[95502:multiplicity-table]: [17:30:44][INFO] Sending end-of-stream message to channel from_multiplicity-table_to_internal-dpl-aod-global-analysis-file-sink
[95502:multiplicity-table]: [17:30:44][INFO] Sending end-of-stream message to channel from_multiplicity-table_to_internal-dpl-aod-writer
[95503:tpc-pid]: [17:30:44][INFO] CCDBManager summary: 1 queries, 1,206 bytes for 1 objects, 1 good fetches (and 0 failed ones) in 3,639 ms, instance: jinhyun-MacBook-Pro-2.local-1744964793-1JBX5l
[95503:tpc-pid]: [17:30:44][INFO] CCDB cache miss/hit/failures
[95503:tpc-pid]: [17:30:44][INFO]   Analysis/PID/TPC/Response: 1/0/0 (1206-1206 bytes)
[95503:tpc-pid]: [17:30:44][INFO] Sending end-of-stream message to channel from_tpc-pid_to_ft0-corrected-table
[95503:tpc-pid]: [17:30:44][INFO] Sending end-of-stream message to channel from_tpc-pid_to_hf-track-index-skim-creator-tag-sel-collisions
[95503:tpc-pid]: [17:30:44][INFO] Sending end-of-stream message to channel from_tpc-pid_to_track-to-collision-association
[95503:tpc-pid]: [17:30:44][INFO] Sending end-of-stream message to channel from_tpc-pid_to_hf-candidate-selector-to-xi-pi
[95503:tpc-pid]: [17:30:44][INFO] Sending end-of-stream message to channel from_tpc-pid_to_internal-dpl-aod-writer
[95504:ft0-corrected-table]: [17:30:44][INFO] CCDBManager summary: 0 queries, 0 bytes for 0 objects, 0 good fetches (and 0 failed ones) in 0 ms, instance: jinhyun-MacBook-Pro-2.local-1744964793-5LpsMq
[95504:ft0-corrected-table]: [17:30:44][INFO] CCDB cache miss/hit/failures
[95528:internal-dpl-aod-global-analysis-file-sink]: [17:30:45][ERROR] Cannot read class info from buffer of ATSK/12c99cc07f5f____/0
[95504:ft0-corrected-table]: [17:30:45][INFO] Sending end-of-stream message to channel from_ft0-corrected-table_to_hf-track-index-skim-creator-tag-sel-collisions
[95504:ft0-corrected-table]: [17:30:45][INFO] Sending end-of-stream message to channel from_ft0-corrected-table_to_tof-event-time
[95504:ft0-corrected-table]: [17:30:45][INFO] Sending end-of-stream message to channel from_ft0-corrected-table_to_internal-dpl-aod-global-analysis-file-sink
[95505:hf-track-index-skim-creator-tag-sel-collisions]: [17:30:45][INFO] CCDBManager summary: 0 queries, 0 bytes for 0 objects, 0 good fetches (and 0 failed ones) in 0 ms, instance: jinhyun-MacBook-Pro-2.local-1744964795-FNzfxX
[95505:hf-track-index-skim-creator-tag-sel-collisions]: [17:30:45][INFO] CCDB cache miss/hit/failures
[95505:hf-track-index-skim-creator-tag-sel-collisions]: [17:30:45][INFO] Sending end-of-stream message to channel from_hf-track-index-skim-creator-tag-sel-collisions_to_track-to-collision-association
[95505:hf-track-index-skim-creator-tag-sel-collisions]: [17:30:45][INFO] Sending end-of-stream message to channel from_hf-track-index-skim-creator-tag-sel-collisions_to_lambdakzero-builder
[95505:hf-track-index-skim-creator-tag-sel-collisions]: [17:30:45][INFO] Sending end-of-stream message to channel from_hf-track-index-skim-creator-tag-sel-collisions_to_hf-track-index-skim-creator
[95505:hf-track-index-skim-creator-tag-sel-collisions]: [17:30:45][INFO] Sending end-of-stream message to channel from_hf-track-index-skim-creator-tag-sel-collisions_to_internal-dpl-aod-global-analysis-file-sink
[95506:track-to-collision-association]: [17:30:45][INFO] Sending end-of-stream message to channel from_track-to-collision-association_to_tof-event-time
[95507:tof-event-time]: [17:30:45][INFO] CCDBManager summary: 0 queries, 0 bytes for 0 objects, 0 good fetches (and 0 failed ones) in 0 ms, instance: jinhyun-MacBook-Pro-2.local-1744964793-5NrtNt
[95507:tof-event-time]: [17:30:45][INFO] CCDB cache miss/hit/failures
[95507:tof-event-time]: [17:30:45][INFO] Sending end-of-stream message to channel from_tof-event-time_to_cascade-preselector
[95507:tof-event-time]: [17:30:45][INFO] Sending end-of-stream message to channel from_tof-event-time_to_lambdakzero-builder
[95507:tof-event-time]: [17:30:45][INFO] Sending end-of-stream message to channel from_tof-event-time_to_tof-pid-full
[95507:tof-event-time]: [17:30:45][INFO] Sending end-of-stream message to channel from_tof-event-time_to_hf-candidate-creator-xic0-omegac0
[95507:tof-event-time]: [17:30:45][INFO] Sending end-of-stream message to channel from_tof-event-time_to_internal-dpl-aod-writer
[95506:track-to-collision-association]: [17:30:45][INFO] Sending end-of-stream message to channel from_track-to-collision-association_to_lambdakzero-builder
[95506:track-to-collision-association]: [17:30:45][INFO] Sending end-of-stream message to channel from_track-to-collision-association_to_tof-pid-full
[95506:track-to-collision-association]: [17:30:45][INFO] Sending end-of-stream message to channel from_track-to-collision-association_to_hf-track-index-skim-creator-tag-sel-tracks
[95506:track-to-collision-association]: [17:30:45][INFO] Sending end-of-stream message to channel from_track-to-collision-association_to_internal-dpl-aod-writer
[95508:cascade-preselector]: [17:30:45][INFO] Sending end-of-stream message to channel from_cascade-preselector_to_lambdakzero-preselector
[95508:cascade-preselector]: [17:30:45][INFO] Sending end-of-stream message to channel from_cascade-preselector_to_cascade-builder
[95508:cascade-preselector]: [17:30:45][INFO] Sending end-of-stream message to channel from_cascade-preselector_to_internal-dpl-aod-global-analysis-file-sink
[95509:lambdakzero-preselector]: [17:30:45][INFO] Sending end-of-stream message to channel from_lambdakzero-preselector_to_lambdakzero-builder
[95509:lambdakzero-preselector]: [17:30:45][INFO] Sending end-of-stream message to channel from_lambdakzero-preselector_to_internal-dpl-aod-global-analysis-file-sink
[95510:lambdakzero-builder]: fitter 0: error (0 muted): propagation failed for X:+1.3228e+02 Alp:+5.126e-01 Par: -8.1071e+01 -6.0335e+01 -9.6540e-01 -3.3584e-01 +6.2146e+00 |Q|:1 Pion
[95510:lambdakzero-builder]: 
[95510:lambdakzero-builder]: fitter 0: error (1 muted): propagation failed for X:+1.2700e+02 Alp:-2.967e+00 Par: -3.7046e+01 +1.4743e+02 -9.6262e-01 +1.7403e+00 +1.3446e+01 |Q|:1 Pion
[95510:lambdakzero-builder]:  Cov: [+3.914e+00] [-5.430e+00 +9.186e+00] [+3.608e-02 -5.055e-02 +3.469e-04] [-8.671e-04 +4.037e-02 -1.053e-05 +1.244e-03] [-2.947e-01 +4.329e-01 -3.319e-03 +4.092e-04 +7.626e-02]
[95510:lambdakzero-builder]: fitter 0: error (4 muted): propagation failed for X:+1.9767e+02 Alp:-3.029e+00 Par: -1.0440e+02 -2.0057e+02 -9.5996e-01 -7.8952e-01 +4.4262e+00 |Q|:1 Pion
[95510:lambdakzero-builder]:  Cov: [+2.068e+02] [+1.297e+02 +1.342e+02] [+4.366e-01 +2.805e-01 +9.260e-04] [+5.442e-02 +3.038e-01 +1.477e-04 +1.414e-03] [-1.047e-01 -1.962e-01 -2.723e-04 -6.863e-04 +1.089e-03]
[95510:lambdakzero-builder]: fitter 0: error (12 muted): propagation failed for X:+3.0000e+00 Alp:+1.745e-01 Par: +4.4938e+01 +5.4024e+00 -9.6246e-01 +3.6938e-01 -8.0540e+00 |Q|:1 Pion
[95510:lambdakzero-builder]:  Cov: [+5.140e+02] [-1.473e+02 +1.059e+02] [-2.466e+00 +7.038e-01 +1.196e-02] [-4.566e-02 -8.980e-01 +2.902e-04 +1.456e-02] [-2.899e+00 +5.343e-01 +1.451e-02 +4.709e-03 +1.004e-01]
[95510:lambdakzero-builder]: fitter 0: error (33 muted): propagation failed for X:+1.1900e+02 Alp:-2.269e+00 Par: +9.5396e+00 +7.0131e+01 +9.4904e-01 +5.7323e-01 -1.9621e+01 |Q|:1 Pion
[95510:lambdakzero-builder]:  Cov: [+2.501e+01] [+9.051e+00 +1.171e+01] [+3.232e-01 +1.171e-01 +4.301e-03] [-5.643e-03 +2.058e-01 -9.934e-05 +5.552e-03] [-6.781e-01 -2.261e-01 -1.507e-02 +2.202e-03 +5.458e-01]
[95510:lambdakzero-builder]: fitter 0: error (93 muted): propagation failed for X:-5.2729e+01 Alp:-1.727e+00 Par: -5.3898e+01 +7.7407e+01 +9.5875e-01 -1.0358e+00 +8.7126e+00 |Q|:1 Pion
[95510:lambdakzero-builder]:  Cov: [+1.039e+02] [-8.835e+01 +1.023e+02] [-6.066e-01 +5.235e-01 +3.686e-03] [+2.895e-02 -5.314e-01 -2.314e-04 +1.232e-02] [-5.407e-01 +7.018e-01 +3.325e-03 -6.153e-03 +3.299e-02]
[95510:lambdakzero-builder]: fitter 0: error (254 muted): propagation failed for X:-3.0000e+00 Alp:-1.745e-01 Par: -6.3195e+01 +6.5429e+01 +9.6515e-01 -9.4176e-01 +8.3870e+00 |Q|:1 Pion
[95510:lambdakzero-builder]:  Cov: [+8.969e+02] [-6.629e+02 +7.141e+02] [-4.172e+00 +3.126e+00 +1.973e-02] [+2.390e-01 -2.954e+00 -1.437e-03 +4.100e-02] [-3.446e+00 +3.816e+00 +1.709e-02 -2.037e-02 +1.148e-01]
[95510:lambdakzero-builder]: fitter 0: error (692 muted): propagation failed for X:-4.1000e+01 Alp:-2.618e+00 Par: +8.1826e+01 -2.3368e+02 -9.6740e-01 +1.7048e+00 -6.1827e+00 |Q|:1 Pion
[95510:lambdakzero-builder]:  Cov: [+3.223e+02] [-4.061e+02 +6.386e+02] [-9.464e-01 +1.183e+00 +2.803e-03] [-1.306e-01 -8.446e-01 +4.797e-04 +8.894e-03] [-1.109e+00 +1.038e+00 +3.583e-03 +3.858e-03 +1.723e-02]
[95510:lambdakzero-builder]: fitter 0: error (1883 muted): propagation failed for X:+1.7300e+02 Alp:-5.236e-01 Par: +6.9160e+01 +2.0546e+02 +9.5671e-01 +9.7810e-01 -6.0375e+00 |Q|:1 Pion
[95510:lambdakzero-builder]:  Cov: [+4.078e+00] [+3.193e+00 +3.195e+00] [+1.592e-02 +1.251e-02 +6.451e-05] [-5.163e-04 +7.613e-03 -2.646e-06 +1.231e-04] [-5.648e-02 -4.331e-02 -2.588e-04 +4.868e-05 +2.575e-03]
[95510:lambdakzero-builder]: fitter 0: error (5122 muted): propagation failed for X:-1.0900e+02 Alp:+1.920e+00 Par: +1.3075e+02 +3.5242e+01 -9.5164e-01 -2.0932e-01 -3.3792e+00 |Q|:1 Pion
[95510:lambdakzero-builder]:  Cov: [+1.465e+02] [+2.214e+01 +2.433e+01] [-2.902e-01 -4.317e-02 +5.819e-04] [+8.742e-03 -1.129e-01 -2.297e-05 +6.783e-04] [-7.696e-02 +1.000e-02 +1.666e-04 -1.348e-04 +5.087e-04]
[95510:lambdakzero-builder]: fitter 0: error (13922 muted): propagation failed for X:-2.9000e+01 Alp:-5.236e-01 Par: +7.2498e+01 -2.1048e+02 -9.7031e-01 +1.7036e+00 -7.7702e+00 |Q|:1 Pion
[95510:lambdakzero-builder]:  Cov: [+7.103e+02] [-8.618e+02 +1.402e+03] [-2.490e+00 +2.990e+00 +8.765e-03] [-3.589e-01 -2.804e+00 +1.595e-03 +3.103e-02] [-1.584e+00 +6.118e-01 +6.153e-03 +1.348e-02 +3.312e-02]
[95510:lambdakzero-builder]: fitter 0: error (37847 muted): propagation failed for X:-2.5000e+01 Alp:-1.745e-01 Par: +8.2182e+01 -4.5151e+01 -9.5439e-01 -4.4834e-03 -5.9004e+00 |Q|:1 Pion
[95510:lambdakzero-builder]:  Cov: [+2.732e+02] [+9.068e-01 +3.837e+01] [-9.819e-01 -3.242e-03 +3.602e-03] [+3.265e-04 -3.913e-01 -1.582e-06 +4.628e-03] [-1.580e-01 +1.044e-03 +6.025e-04 -1.909e-05 +3.040e-03]
[95510:lambdakzero-builder]: [17:30:45][INFO] CCDBManager summary: 3 queries, 21,441,706 bytes for 3 objects, 3 good fetches (and 0 failed ones) in 7,111 ms, instance: jinhyun-MacBook-Pro-2.local-1744964794-GQ3fxd
[95510:lambdakzero-builder]: [17:30:45][INFO] CCDB cache miss/hit/failures
[95510:lambdakzero-builder]: [17:30:45][INFO]   GLO/Param/MatLUT: 1/0/0 (21438996-21438996 bytes)
[95510:lambdakzero-builder]: [17:30:45][INFO]   GLO/Calib/MeanVertex: 1/0/0 (1603-1603 bytes)
[95510:lambdakzero-builder]: [17:30:45][INFO]   GLO/Config/GRPMagField: 1/0/0 (1107-1107 bytes)
[95510:lambdakzero-builder]: [17:30:45][INFO] Sending end-of-stream message to channel from_lambdakzero-builder_to_tof-pid-full
[95510:lambdakzero-builder]: [17:30:45][INFO] Sending end-of-stream message to channel from_lambdakzero-builder_to_lambdakzero-initializer
[95510:lambdakzero-builder]: [17:30:45][INFO] Sending end-of-stream message to channel from_lambdakzero-builder_to_lambdakzero-v0-data-link-builder
[95510:lambdakzero-builder]: [17:30:45][INFO] Sending end-of-stream message to channel from_lambdakzero-builder_to_cascade-builder
[95510:lambdakzero-builder]: [17:30:45][INFO] Sending end-of-stream message to channel from_lambdakzero-builder_to_internal-dpl-aod-global-analysis-file-sink
[95510:lambdakzero-builder]: [17:30:45][INFO] Sending end-of-stream message to channel from_lambdakzero-builder_to_internal-dpl-aod-writer
[95513:lambdakzero-initializer]: [17:30:45][INFO] Sending end-of-stream message to channel from_lambdakzero-initializer_to_lambdakzero-v0-data-link-builder
[95511:tof-pid-full]: [17:30:45][INFO] CCDBManager summary: 0 queries, 0 bytes for 0 objects, 0 good fetches (and 0 failed ones) in 0 ms, instance: jinhyun-MacBook-Pro-2.local-1744964794-5RvxRx
[95511:tof-pid-full]: [17:30:45][INFO] CCDB cache miss/hit/failures
[95511:tof-pid-full]: [17:30:45][INFO] Sending end-of-stream message to channel from_tof-pid-full_to_hf-track-index-skim-creator-tag-sel-tracks
[95511:tof-pid-full]: [17:30:45][INFO] Sending end-of-stream message to channel from_tof-pid-full_to_hf-candidate-selector-to-xi-pi
[95511:tof-pid-full]: [17:30:45][INFO] Sending end-of-stream message to channel from_tof-pid-full_to_internal-dpl-aod-writer
[95516:lambdakzero-v0-data-link-builder]: [17:30:45][INFO] Sending end-of-stream message to channel from_lambdakzero-v0-data-link-builder_to_cascade-builder
[95512:hf-track-index-skim-creator-tag-sel-tracks]: [17:30:45][INFO] CCDBManager summary: 1 queries, 1,107 bytes for 1 objects, 1 good fetches (and 0 failed ones) in 3,361 ms, instance: jinhyun-MacBook-Pro-2.local-1744964795-EU7n5f
[95512:hf-track-index-skim-creator-tag-sel-tracks]: [17:30:45][INFO] CCDB cache miss/hit/failures
[95512:hf-track-index-skim-creator-tag-sel-tracks]: [17:30:45][INFO]   GLO/Config/GRPMagField: 1/0/0 (1107-1107 bytes)
[95512:hf-track-index-skim-creator-tag-sel-tracks]: [17:30:45][INFO] Sending end-of-stream message to channel from_hf-track-index-skim-creator-tag-sel-tracks_to_hf-track-index-skim-creator
[95512:hf-track-index-skim-creator-tag-sel-tracks]: [17:30:45][INFO] Sending end-of-stream message to channel from_hf-track-index-skim-creator-tag-sel-tracks_to_internal-dpl-aod-global-analysis-file-sink
[95512:hf-track-index-skim-creator-tag-sel-tracks]: [17:30:45][INFO] Sending end-of-stream message to channel from_hf-track-index-skim-creator-tag-sel-tracks_to_hf-tree-creator-to-xi-pi
[95512:hf-track-index-skim-creator-tag-sel-tracks]: [17:30:45][INFO] Sending end-of-stream message to channel from_hf-track-index-skim-creator-tag-sel-tracks_to_internal-dpl-aod-writer
[95514:hf-track-index-skim-creator]: fitter 0: error (0 muted): propagation failed for X:-2.1116e-02 Alp:-7.829e-01 Par: -6.6644e-02 -7.0310e+00 +9.5980e-06 +1.0863e-01 -5.9510e+00 |Q|:1 Pion
[95514:hf-track-index-skim-creator]:  Cov: [+9.530e-05] [+1.088e-07 +1.014e-04] [-5.172e-05 -8.894e-08 +6.202e-05] [+2.748e-08 -5.431e-05 +7.729e-09 +6.355e-05] [-9.604e-06 -5.167e-06 +8.319e-06 +6.602e-06 +2.402e-03]
[95514:hf-track-index-skim-creator]: fitter 0: error (1 muted): propagation failed for X:+3.6775e-02 Alp:+2.839e+00 Par: +8.7661e-02 -3.2266e+00 +1.5209e-05 +2.8700e-01 -6.7254e+00 |Q|:1 Pion
[95514:hf-track-index-skim-creator]:  Cov: [+1.165e-04] [-3.286e-07 +1.273e-04] [-7.078e-05 +2.977e-08 +9.666e-05] [+4.063e-07 -7.705e-05 -1.237e-07 +1.048e-04] [-1.947e-05 -1.754e-05 +1.463e-05 +2.666e-05 +3.602e-03]
[95514:hf-track-index-skim-creator]: fitter 0: error (4 muted): propagation failed for X:-1.3372e-02 Alp:-8.527e-01 Par: -8.1333e-02 +1.0115e+00 +4.7936e-06 -9.5479e-01 -4.9891e+00 |Q|:1 Pion
[95514:hf-track-index-skim-creator]:  Cov: [+1.872e-04] [-2.442e-06 +3.498e-04] [-8.898e-05 +1.423e-06 +6.843e-05] [-8.846e-08 -1.677e-04 -1.195e-07 +1.301e-04] [-5.601e-06 +8.006e-05 +5.008e-06 -6.340e-05 +1.505e-03]
[95514:hf-track-index-skim-creator]: fitter 0: error (12 muted): propagation failed for X:+1.2407e+02 Alp:+1.160e+00 Par: -9.0997e+01 +1.5706e+02 -9.5376e-01 +9.0689e-01 +5.1183e+00 |Q|:1 Pion
[95514:hf-track-index-skim-creator]:  Cov: [+1.600e+00] [-1.350e-01 +2.533e+00] [+1.478e-02 -2.041e-03 +1.490e-04] [-1.109e-03 +2.072e-02 -1.672e-05 +1.695e-04] [-1.838e-02 +1.017e-02 -3.061e-04 +8.320e-05 +1.698e-03]
[95514:hf-track-index-skim-creator]: fitter 0: error (33 muted): propagation failed for X:-3.2629e-04 Alp:-9.468e-01 Par: -5.1062e-02 -8.1237e-02 +4.4672e-06 -1.1351e+00 -5.2583e+00 |Q|:1 Pion
[95514:hf-track-index-skim-creator]:  Cov: [+1.572e-04] [-2.487e-06 +3.384e-04] [-7.547e-05 +1.469e-06 +6.409e-05] [-1.158e-07 -1.659e-04 -1.183e-07 +1.444e-04] [-7.592e-06 +7.936e-05 +6.890e-06 -7.035e-05 +2.099e-03]
[95514:hf-track-index-skim-creator]: fitter 0: error (93 muted): propagation failed for X:+6.7489e-02 Alp:-1.694e+00 Par: -4.5319e-02 -2.8023e-01 +1.2665e-05 -7.9369e-01 -6.9545e+00 |Q|:1 Pion
[95514:hf-track-index-skim-creator]:  Cov: [+3.498e-04] [-1.934e-06 +5.646e-04] [-1.708e-04 +1.475e-06 +1.411e-04] [-1.648e-06 -2.766e-04 +4.264e-07 +2.295e-04] [-2.247e-05 +1.296e-04 +1.938e-05 -1.094e-04 +5.596e-03]
[95514:hf-track-index-skim-creator]: [17:30:45][INFO] CCDBManager summary: 2 queries, 21,440,103 bytes for 2 objects, 2 good fetches (and 0 failed ones) in 7,232 ms, instance: jinhyun-MacBook-Pro-2.local-1744964795-GU7n5h
[95514:hf-track-index-skim-creator]: [17:30:45][INFO] CCDB cache miss/hit/failures
[95514:hf-track-index-skim-creator]: [17:30:45][INFO]   GLO/Config/GRPMagField: 1/0/0 (1107-1107 bytes)
[95514:hf-track-index-skim-creator]: [17:30:45][INFO]   GLO/Param/MatLUT: 1/0/0 (21438996-21438996 bytes)
[95514:hf-track-index-skim-creator]: [17:30:45][INFO] Sending end-of-stream message to channel from_hf-track-index-skim-creator_to_hf-track-index-skim-creator-cascades
[95514:hf-track-index-skim-creator]: [17:30:45][INFO] Sending end-of-stream message to channel from_hf-track-index-skim-creator_to_cascade-builder
[95514:hf-track-index-skim-creator]: [17:30:45][INFO] Sending end-of-stream message to channel from_hf-track-index-skim-creator_to_hf-candidate-creator-xic0-omegac0
[95515:hf-track-index-skim-creator-cascades]: [17:30:45][INFO] CCDBManager summary: 0 queries, 0 bytes for 0 objects, 0 good fetches (and 0 failed ones) in 0 ms, instance: jinhyun-MacBook-Pro-2.local-1744964795-HV7n5h
[95515:hf-track-index-skim-creator-cascades]: [17:30:45][INFO] CCDB cache miss/hit/failures
[95514:hf-track-index-skim-creator]: [17:30:45][INFO] Sending end-of-stream message to channel from_hf-track-index-skim-creator_to_internal-dpl-aod-global-analysis-file-sink
[95514:hf-track-index-skim-creator]: [17:30:45][INFO] Sending end-of-stream message to channel from_hf-track-index-skim-creator_to_internal-dpl-aod-writer
[95515:hf-track-index-skim-creator-cascades]: [17:30:45][INFO] Sending end-of-stream message to channel from_hf-track-index-skim-creator-cascades_to_cascade-builder
[95515:hf-track-index-skim-creator-cascades]: [17:30:45][INFO] Sending end-of-stream message to channel from_hf-track-index-skim-creator-cascades_to_hf-track-index-skim-creator-lf-cascades
[95515:hf-track-index-skim-creator-cascades]: [17:30:45][INFO] Sending end-of-stream message to channel from_hf-track-index-skim-creator-cascades_to_internal-dpl-aod-global-analysis-file-sink
[95515:hf-track-index-skim-creator-cascades]: [17:30:45][INFO] Sending end-of-stream message to channel from_hf-track-index-skim-creator-cascades_to_internal-dpl-aod-writer
[95517:cascade-builder]: [17:30:45][INFO] CCDBManager summary: 2 queries, 21,440,103 bytes for 2 objects, 2 good fetches (and 0 failed ones) in 5,960 ms, instance: jinhyun-MacBook-Pro-2.local-1744964796-FZBn5j
[95517:cascade-builder]: [17:30:45][INFO] CCDB cache miss/hit/failures
[95517:cascade-builder]: [17:30:45][INFO]   GLO/Param/MatLUT: 1/0/0 (21438996-21438996 bytes)
[95517:cascade-builder]: [17:30:45][INFO]   GLO/Config/GRPMagField: 1/0/0 (1107-1107 bytes)
[95517:cascade-builder]: [17:30:45][INFO] Sending end-of-stream message to channel from_cascade-builder_to_cascade-initializer
[95517:cascade-builder]: [17:30:45][INFO] Sending end-of-stream message to channel from_cascade-builder_to_hf-track-index-skim-creator-lf-cascades
[95517:cascade-builder]: [17:30:45][INFO] Sending end-of-stream message to channel from_cascade-builder_to_cascade-link-builder
[95517:cascade-builder]: [17:30:45][INFO] Sending end-of-stream message to channel from_cascade-builder_to_kfcascade-link-builder
[95517:cascade-builder]: [17:30:45][INFO] Sending end-of-stream message to channel from_cascade-builder_to_tracascade-link-builder
[95517:cascade-builder]: [17:30:45][INFO] Sending end-of-stream message to channel from_cascade-builder_to_hf-candidate-creator-xic0-omegac0
[95517:cascade-builder]: [17:30:45][INFO] Sending end-of-stream message to channel from_cascade-builder_to_hf-candidate-selector-to-xi-pi
[95517:cascade-builder]: [17:30:45][INFO] Sending end-of-stream message to channel from_cascade-builder_to_internal-dpl-aod-global-analysis-file-sink
[95517:cascade-builder]: [17:30:45][INFO] Sending end-of-stream message to channel from_cascade-builder_to_internal-dpl-aod-writer
[95518:cascade-initializer]: [17:30:45][INFO] Sending end-of-stream message to channel from_cascade-initializer_to_cascade-link-builder
[95519:hf-track-index-skim-creator-lf-cascades]: [17:30:45][INFO] CCDBManager summary: 0 queries, 0 bytes for 0 objects, 0 good fetches (and 0 failed ones) in 0 ms, instance: jinhyun-MacBook-Pro-2.local-1744964796-HZBn5l
[95519:hf-track-index-skim-creator-lf-cascades]: [17:30:45][INFO] CCDB cache miss/hit/failures
[95518:cascade-initializer]: [17:30:45][INFO] Sending end-of-stream message to channel from_cascade-initializer_to_kfcascade-link-builder
[95518:cascade-initializer]: [17:30:45][INFO] Sending end-of-stream message to channel from_cascade-initializer_to_tracascade-link-builder
[95520:cascade-link-builder]: [17:30:45][INFO] Sending end-of-stream message to channel from_cascade-link-builder_to_kfcascade-link-builder
[95520:cascade-link-builder]: [17:30:45][INFO] Sending end-of-stream message to channel from_cascade-link-builder_to_hf-candidate-creator-xic0-omegac0
[95521:kfcascade-link-builder]: [17:30:45][INFO] Sending end-of-stream message to channel from_kfcascade-link-builder_to_tracascade-link-builder
[95521:kfcascade-link-builder]: [17:30:45][INFO] Sending end-of-stream message to channel from_kfcascade-link-builder_to_internal-dpl-aod-writer
[95522:tracascade-link-builder]: [17:30:45][INFO] Sending end-of-stream message to channel from_tracascade-link-builder_to_hf-candidate-creator-xic0-omegac0
[95522:tracascade-link-builder]: [17:30:45][INFO] Sending end-of-stream message to channel from_tracascade-link-builder_to_internal-dpl-aod-writer
[95519:hf-track-index-skim-creator-lf-cascades]: [17:30:46][INFO] Sending end-of-stream message to channel from_hf-track-index-skim-creator-lf-cascades_to_hf-candidate-creator-xic0-omegac0
[95519:hf-track-index-skim-creator-lf-cascades]: [17:30:46][INFO] Sending end-of-stream message to channel from_hf-track-index-skim-creator-lf-cascades_to_internal-dpl-aod-global-analysis-file-sink
[95519:hf-track-index-skim-creator-lf-cascades]: [17:30:46][INFO] Sending end-of-stream message to channel from_hf-track-index-skim-creator-lf-cascades_to_internal-dpl-aod-writer
[95523:hf-candidate-creator-xic0-omegac0]: [17:30:46][INFO] CCDBManager summary: 1 queries, 21,438,996 bytes for 1 objects, 1 good fetches (and 0 failed ones) in 4,772 ms, instance: jinhyun-MacBook-Pro-2.local-1744964796-pNNdd9
[95523:hf-candidate-creator-xic0-omegac0]: [17:30:46][INFO] CCDB cache miss/hit/failures
[95523:hf-candidate-creator-xic0-omegac0]: [17:30:46][INFO]   GLO/Param/MatLUT: 1/0/0 (21438996-21438996 bytes)
[95523:hf-candidate-creator-xic0-omegac0]: [17:30:46][INFO] Sending end-of-stream message to channel from_hf-candidate-creator-xic0-omegac0_to_hf-candidate-creator-xic0-omegac0-mc
[95523:hf-candidate-creator-xic0-omegac0]: [17:30:46][INFO] Sending end-of-stream message to channel from_hf-candidate-creator-xic0-omegac0_to_hf-candidate-selector-to-xi-pi
[95523:hf-candidate-creator-xic0-omegac0]: [17:30:46][INFO] Sending end-of-stream message to channel from_hf-candidate-creator-xic0-omegac0_to_internal-dpl-aod-global-analysis-file-sink
[95523:hf-candidate-creator-xic0-omegac0]: [17:30:46][INFO] Sending end-of-stream message to channel from_hf-candidate-creator-xic0-omegac0_to_hf-tree-creator-to-xi-pi
[95523:hf-candidate-creator-xic0-omegac0]: [17:30:46][INFO] Sending end-of-stream message to channel from_hf-candidate-creator-xic0-omegac0_to_internal-dpl-aod-writer
[95524:hf-candidate-creator-xic0-omegac0-mc]: [17:30:46][INFO] Sending end-of-stream message to channel from_hf-candidate-creator-xic0-omegac0-mc_to_internal-dpl-aod-global-analysis-file-sink
[95524:hf-candidate-creator-xic0-omegac0-mc]: [17:30:46][INFO] Sending end-of-stream message to channel from_hf-candidate-creator-xic0-omegac0-mc_to_hf-tree-creator-to-xi-pi
[95524:hf-candidate-creator-xic0-omegac0-mc]: [17:30:46][INFO] Sending end-of-stream message to channel from_hf-candidate-creator-xic0-omegac0-mc_to_internal-dpl-aod-writer
[95525:hf-candidate-selector-to-xi-pi]: [17:30:46][INFO] Sending end-of-stream message to channel from_hf-candidate-selector-to-xi-pi_to_internal-dpl-aod-global-analysis-file-sink
[95525:hf-candidate-selector-to-xi-pi]: [17:30:46][INFO] Sending end-of-stream message to channel from_hf-candidate-selector-to-xi-pi_to_hf-tree-creator-to-xi-pi
[95526:hf-tree-creator-to-xi-pi]: [17:30:46][INFO] Sending end-of-stream message to channel from_hf-tree-creator-to-xi-pi_to_internal-dpl-aod-writer
[95527:internal-dpl-aod-writer]: [17:30:46][INFO] Sending end-of-stream message to channel from_internal-dpl-aod-writer_to_internal-dpl-injected-dummy-sink
[INFO] Quitting
[INFO] QUIT_REQUESTED
[95518:cascade-initializer]: [17:30:46][INFO] Received device shutdown request (signal 15).
[95518:cascade-initializer]: [17:30:46][INFO] Waiting for graceful device shutdown. Hit Ctrl-C again to abort immediately.
[95525:hf-candidate-selector-to-xi-pi]: [17:30:46][INFO] Received device shutdown request (signal 15).
[95525:hf-candidate-selector-to-xi-pi]: [17:30:46][INFO] Waiting for graceful device shutdown. Hit Ctrl-C again to abort immediately.
[95502:multiplicity-table]: [17:30:46][INFO] Received device shutdown request (signal 15).
[95502:multiplicity-table]: [17:30:46][INFO] Waiting for graceful device shutdown. Hit Ctrl-C again to abort immediately.
[95502:multiplicity-table]: [17:30:46][INFO] New state requested. No timeout set, quitting immediately as per --completion-policy
[95529:internal-dpl-injected-dummy-sink]: [17:30:46][INFO] Received device shutdown request (signal 15).
[95529:internal-dpl-injected-dummy-sink]: [17:30:46][INFO] Waiting for graceful device shutdown. Hit Ctrl-C again to abort immediately.
[95529:internal-dpl-injected-dummy-sink]: [17:30:46][INFO] New state requested. No timeout set, quitting immediately as per --completion-policy
[95502:multiplicity-table]: [17:30:46][STATE] RUNNING ---> READY
[95529:internal-dpl-injected-dummy-sink]: [17:30:46][STATE] RUNNING ---> READY
[95502:multiplicity-table]: [17:30:46][STATE] READY ---> RESETTING TASK
[95502:multiplicity-table]: [17:30:46][STATE] RESETTING TASK ---> DEVICE READY
[95502:multiplicity-table]: [17:30:46][STATE] DEVICE READY ---> RESETTING DEVICE
[95529:internal-dpl-injected-dummy-sink]: [17:30:46][STATE] READY ---> RESETTING TASK
[95529:internal-dpl-injected-dummy-sink]: [17:30:46][STATE] RESETTING TASK ---> DEVICE READY
[95529:internal-dpl-injected-dummy-sink]: [17:30:46][STATE] DEVICE READY ---> RESETTING DEVICE
[95527:internal-dpl-aod-writer]: [17:30:46][INFO] Received device shutdown request (signal 15).
[95527:internal-dpl-aod-writer]: [17:30:46][INFO] Waiting for graceful device shutdown. Hit Ctrl-C again to abort immediately.
[95512:hf-track-index-skim-creator-tag-sel-tracks]: [17:30:46][INFO] Received device shutdown request (signal 15).
[95512:hf-track-index-skim-creator-tag-sel-tracks]: [17:30:46][INFO] Waiting for graceful device shutdown. Hit Ctrl-C again to abort immediately.
[95515:hf-track-index-skim-creator-cascades]: [17:30:46][INFO] Received device shutdown request (signal 15).
[95515:hf-track-index-skim-creator-cascades]: [17:30:46][INFO] Waiting for graceful device shutdown. Hit Ctrl-C again to abort immediately.
[95515:hf-track-index-skim-creator-cascades]: [17:30:46][INFO] New state requested. No timeout set, quitting immediately as per --completion-policy
[95527:internal-dpl-aod-writer]: [17:30:46][INFO] New state requested. No timeout set, quitting immediately as per --completion-policy
[95515:hf-track-index-skim-creator-cascades]: [17:30:46][STATE] RUNNING ---> READY
[95527:internal-dpl-aod-writer]: [17:30:46][STATE] RUNNING ---> READY
[95512:hf-track-index-skim-creator-tag-sel-tracks]: [17:30:46][INFO] New state requested. No timeout set, quitting immediately as per --completion-policy
[95515:hf-track-index-skim-creator-cascades]: [17:30:46][STATE] READY ---> RESETTING TASK
[95515:hf-track-index-skim-creator-cascades]: [17:30:46][STATE] RESETTING TASK ---> DEVICE READY
[95515:hf-track-index-skim-creator-cascades]: [17:30:46][STATE] DEVICE READY ---> RESETTING DEVICE
[95527:internal-dpl-aod-writer]: [17:30:46][STATE] READY ---> RESETTING TASK
[95527:internal-dpl-aod-writer]: [17:30:46][STATE] RESETTING TASK ---> DEVICE READY
[95527:internal-dpl-aod-writer]: [17:30:46][STATE] DEVICE READY ---> RESETTING DEVICE
[95512:hf-track-index-skim-creator-tag-sel-tracks]: [17:30:46][STATE] RUNNING ---> READY
[95512:hf-track-index-skim-creator-tag-sel-tracks]: [17:30:46][STATE] READY ---> RESETTING TASK
[95512:hf-track-index-skim-creator-tag-sel-tracks]: [17:30:46][STATE] RESETTING TASK ---> DEVICE READY
[95512:hf-track-index-skim-creator-tag-sel-tracks]: [17:30:46][STATE] DEVICE READY ---> RESETTING DEVICE
[95529:internal-dpl-injected-dummy-sink]: [17:30:46][STATE] RESETTING DEVICE ---> IDLE
[95529:internal-dpl-injected-dummy-sink]: [17:30:46][STATE] IDLE ---> EXITING
[95529:internal-dpl-injected-dummy-sink]: [17:30:46][STATE] Exiting FairMQ state machine
[95515:hf-track-index-skim-creator-cascades]: [17:30:46][STATE] RESETTING DEVICE ---> IDLE
[95515:hf-track-index-skim-creator-cascades]: [17:30:46][STATE] IDLE ---> EXITING
[95495:timestamp-task]: [17:30:46][INFO] Received device shutdown request (signal 15).
[95495:timestamp-task]: [17:30:46][INFO] Waiting for graceful device shutdown. Hit Ctrl-C again to abort immediately.
[95495:timestamp-task]: [17:30:46][INFO] New state requested. No timeout set, quitting immediately as per --completion-policy
[95495:timestamp-task]: [17:30:46][STATE] RUNNING ---> READY
[95495:timestamp-task]: [17:30:46][STATE] READY ---> RESETTING TASK
[95495:timestamp-task]: [17:30:46][STATE] RESETTING TASK ---> DEVICE READY
[95495:timestamp-task]: [17:30:46][STATE] DEVICE READY ---> RESETTING DEVICE
[95502:multiplicity-table]: [17:30:46][STATE] RESETTING DEVICE ---> IDLE
[95502:multiplicity-table]: [17:30:46][STATE] IDLE ---> EXITING
[95527:internal-dpl-aod-writer]: [17:30:46][STATE] RESETTING DEVICE ---> IDLE
[95527:internal-dpl-aod-writer]: [17:30:46][STATE] IDLE ---> EXITING
[95495:timestamp-task]: [17:30:46][STATE] RESETTING DEVICE ---> IDLE
[95502:multiplicity-table]: [17:30:46][STATE] Exiting FairMQ state machine
[95515:hf-track-index-skim-creator-cascades]: [17:30:46][STATE] Exiting FairMQ state machine
[95495:timestamp-task]: [17:30:46][STATE] IDLE ---> EXITING
[95527:internal-dpl-aod-writer]: [17:30:46][STATE] Exiting FairMQ state machine
[95495:timestamp-task]: [17:30:46][STATE] Exiting FairMQ state machine
[95526:hf-tree-creator-to-xi-pi]: [17:30:46][INFO] Received device shutdown request (signal 15).
[95526:hf-tree-creator-to-xi-pi]: [17:30:46][INFO] Waiting for graceful device shutdown. Hit Ctrl-C again to abort immediately.
[95526:hf-tree-creator-to-xi-pi]: [17:30:46][INFO] New state requested. No timeout set, quitting immediately as per --completion-policy
[95526:hf-tree-creator-to-xi-pi]: [17:30:46][STATE] RUNNING ---> READY
[95499:event-selection-task]: [17:30:46][INFO] Received device shutdown request (signal 15).
[95499:event-selection-task]: [17:30:46][INFO] Waiting for graceful device shutdown. Hit Ctrl-C again to abort immediately.
[95526:hf-tree-creator-to-xi-pi]: [17:30:46][STATE] READY ---> RESETTING TASK
[95526:hf-tree-creator-to-xi-pi]: [17:30:46][STATE] RESETTING TASK ---> DEVICE READY
[95526:hf-tree-creator-to-xi-pi]: [17:30:46][STATE] DEVICE READY ---> RESETTING DEVICE
[95499:event-selection-task]: [17:30:46][INFO] New state requested. No timeout set, quitting immediately as per --completion-policy
[95499:event-selection-task]: [17:30:46][STATE] RUNNING ---> READY
[95499:event-selection-task]: [17:30:46][STATE] READY ---> RESETTING TASK
[95499:event-selection-task]: [17:30:46][STATE] RESETTING TASK ---> DEVICE READY
[95499:event-selection-task]: [17:30:46][STATE] DEVICE READY ---> RESETTING DEVICE
[95500:track-selection]: [17:30:46][INFO] Received device shutdown request (signal 15).
[95500:track-selection]: [17:30:46][INFO] Waiting for graceful device shutdown. Hit Ctrl-C again to abort immediately.
[95500:track-selection]: [17:30:46][INFO] New state requested. No timeout set, quitting immediately as per --completion-policy
[95500:track-selection]: [17:30:46][STATE] RUNNING ---> READY
[95500:track-selection]: [17:30:46][STATE] READY ---> RESETTING TASK
[95500:track-selection]: [17:30:46][STATE] RESETTING TASK ---> DEVICE READY
[95500:track-selection]: [17:30:46][STATE] DEVICE READY ---> RESETTING DEVICE
[95512:hf-track-index-skim-creator-tag-sel-tracks]: [17:30:46][STATE] RESETTING DEVICE ---> IDLE
[95512:hf-track-index-skim-creator-tag-sel-tracks]: [17:30:46][STATE] IDLE ---> EXITING
[95512:hf-track-index-skim-creator-tag-sel-tracks]: [17:30:46][STATE] Exiting FairMQ state machine
[95526:hf-tree-creator-to-xi-pi]: [17:30:46][STATE] RESETTING DEVICE ---> IDLE
[95526:hf-tree-creator-to-xi-pi]: [17:30:46][STATE] IDLE ---> EXITING
[95517:cascade-builder]: [17:30:46][INFO] Received device shutdown request (signal 15).
[95517:cascade-builder]: [17:30:46][INFO] Waiting for graceful device shutdown. Hit Ctrl-C again to abort immediately.
[95526:hf-tree-creator-to-xi-pi]: [17:30:46][STATE] Exiting FairMQ state machine
[95517:cascade-builder]: [17:30:46][INFO] New state requested. No timeout set, quitting immediately as per --completion-policy
[95517:cascade-builder]: [17:30:46][STATE] RUNNING ---> READY
[95517:cascade-builder]: [17:30:46][STATE] READY ---> RESETTING TASK
[95517:cascade-builder]: [17:30:46][STATE] RESETTING TASK ---> DEVICE READY
[95517:cascade-builder]: [17:30:46][STATE] DEVICE READY ---> RESETTING DEVICE
[95492:internal-dpl-aod-reader]: [17:30:46][INFO] Received device shutdown request (signal 15).
[95492:internal-dpl-aod-reader]: [17:30:46][INFO] Waiting for graceful device shutdown. Hit Ctrl-C again to abort immediately.
[95492:internal-dpl-aod-reader]: [17:30:46][INFO] New state requested. No timeout set, quitting immediately as per --completion-policy
[95492:internal-dpl-aod-reader]: [17:30:46][STATE] RUNNING ---> READY
[95492:internal-dpl-aod-reader]: [17:30:46][STATE] READY ---> RESETTING TASK
[95492:internal-dpl-aod-reader]: [17:30:46][STATE] RESETTING TASK ---> DEVICE READY
[95499:event-selection-task]: [17:30:46][STATE] RESETTING DEVICE ---> IDLE
[95492:internal-dpl-aod-reader]: [17:30:46][STATE] DEVICE READY ---> RESETTING DEVICE
[95499:event-selection-task]: [17:30:46][STATE] IDLE ---> EXITING
[95499:event-selection-task]: [17:30:46][STATE] Exiting FairMQ state machine
[95500:track-selection]: [17:30:46][STATE] RESETTING DEVICE ---> IDLE
[95500:track-selection]: [17:30:46][STATE] IDLE ---> EXITING
[95500:track-selection]: [17:30:46][STATE] Exiting FairMQ state machine
[95519:hf-track-index-skim-creator-lf-cascades]: [17:30:46][INFO] Received device shutdown request (signal 15).
[95519:hf-track-index-skim-creator-lf-cascades]: [17:30:46][INFO] Waiting for graceful device shutdown. Hit Ctrl-C again to abort immediately.
[95524:hf-candidate-creator-xic0-omegac0-mc]: [17:30:46][INFO] Received device shutdown request (signal 15).
[95524:hf-candidate-creator-xic0-omegac0-mc]: [17:30:46][INFO] Waiting for graceful device shutdown. Hit Ctrl-C again to abort immediately.
[95494:internal-dpl-aod-index-builder]: [17:30:46][INFO] Received device shutdown request (signal 15).
[95494:internal-dpl-aod-index-builder]: [17:30:46][INFO] Waiting for graceful device shutdown. Hit Ctrl-C again to abort immediately.
[95519:hf-track-index-skim-creator-lf-cascades]: [17:30:46][INFO] New state requested. No timeout set, quitting immediately as per --completion-policy
[95519:hf-track-index-skim-creator-lf-cascades]: [17:30:46][STATE] RUNNING ---> READY
[95494:internal-dpl-aod-index-builder]: [17:30:46][INFO] New state requested. No timeout set, quitting immediately as per --completion-policy
[95524:hf-candidate-creator-xic0-omegac0-mc]: [17:30:46][INFO] New state requested. No timeout set, quitting immediately as per --completion-policy
[95494:internal-dpl-aod-index-builder]: [17:30:46][STATE] RUNNING ---> READY
[95494:internal-dpl-aod-index-builder]: [17:30:46][STATE] READY ---> RESETTING TASK
[95494:internal-dpl-aod-index-builder]: [17:30:46][STATE] RESETTING TASK ---> DEVICE READY
[95519:hf-track-index-skim-creator-lf-cascades]: [17:30:46][STATE] READY ---> RESETTING TASK
[95524:hf-candidate-creator-xic0-omegac0-mc]: [17:30:46][STATE] RUNNING ---> READY
[95524:hf-candidate-creator-xic0-omegac0-mc]: [17:30:46][STATE] READY ---> RESETTING TASK
[95524:hf-candidate-creator-xic0-omegac0-mc]: [17:30:46][STATE] RESETTING TASK ---> DEVICE READY
[95524:hf-candidate-creator-xic0-omegac0-mc]: [17:30:46][STATE] DEVICE READY ---> RESETTING DEVICE
[95523:hf-candidate-creator-xic0-omegac0]: [17:30:46][INFO] Received device shutdown request (signal 15).
[95523:hf-candidate-creator-xic0-omegac0]: [17:30:46][INFO] Waiting for graceful device shutdown. Hit Ctrl-C again to abort immediately.
[95519:hf-track-index-skim-creator-lf-cascades]: [17:30:46][STATE] RESETTING TASK ---> DEVICE READY
[95494:internal-dpl-aod-index-builder]: [17:30:46][STATE] DEVICE READY ---> RESETTING DEVICE
[95519:hf-track-index-skim-creator-lf-cascades]: [17:30:46][STATE] DEVICE READY ---> RESETTING DEVICE
[95523:hf-candidate-creator-xic0-omegac0]: [17:30:46][INFO] New state requested. No timeout set, quitting immediately as per --completion-policy
[95523:hf-candidate-creator-xic0-omegac0]: [17:30:46][STATE] RUNNING ---> READY
[95523:hf-candidate-creator-xic0-omegac0]: [17:30:46][STATE] READY ---> RESETTING TASK
[95523:hf-candidate-creator-xic0-omegac0]: [17:30:46][STATE] RESETTING TASK ---> DEVICE READY
[95523:hf-candidate-creator-xic0-omegac0]: [17:30:46][STATE] DEVICE READY ---> RESETTING DEVICE
[95498:tof-signal]: [17:30:46][INFO] Received device shutdown request (signal 15).
[95498:tof-signal]: [17:30:46][INFO] Waiting for graceful device shutdown. Hit Ctrl-C again to abort immediately.
[95498:tof-signal]: [17:30:46][INFO] New state requested. No timeout set, quitting immediately as per --completion-policy
[95498:tof-signal]: [17:30:46][STATE] RUNNING ---> READY
[95498:tof-signal]: [17:30:46][STATE] READY ---> RESETTING TASK
[95498:tof-signal]: [17:30:46][STATE] RESETTING TASK ---> DEVICE READY
[95497:bc-selection-task]: [17:30:46][INFO] Received device shutdown request (signal 15).
[95497:bc-selection-task]: [17:30:46][INFO] Waiting for graceful device shutdown. Hit Ctrl-C again to abort immediately.
[95498:tof-signal]: [17:30:46][STATE] DEVICE READY ---> RESETTING DEVICE
[95497:bc-selection-task]: [17:30:46][INFO] New state requested. No timeout set, quitting immediately as per --completion-policy
[95497:bc-selection-task]: [17:30:46][STATE] RUNNING ---> READY
[95497:bc-selection-task]: [17:30:46][STATE] READY ---> RESETTING TASK
[95497:bc-selection-task]: [17:30:46][STATE] RESETTING TASK ---> DEVICE READY
[95507:tof-event-time]: [17:30:46][INFO] Received device shutdown request (signal 15).
[95507:tof-event-time]: [17:30:46][INFO] Waiting for graceful device shutdown. Hit Ctrl-C again to abort immediately.
[95492:internal-dpl-aod-reader]: [17:30:46][STATE] RESETTING DEVICE ---> IDLE
[95507:tof-event-time]: [17:30:46][INFO] New state requested. No timeout set, quitting immediately as per --completion-policy
[95507:tof-event-time]: [17:30:46][STATE] RUNNING ---> READY
[95510:lambdakzero-builder]: [17:30:46][INFO] Received device shutdown request (signal 15).
[95510:lambdakzero-builder]: [17:30:46][INFO] Waiting for graceful device shutdown. Hit Ctrl-C again to abort immediately.
[95517:cascade-builder]: [17:30:46][STATE] RESETTING DEVICE ---> IDLE
[95521:kfcascade-link-builder]: [17:30:46][INFO] Received device shutdown request (signal 15).
[95521:kfcascade-link-builder]: [17:30:46][INFO] Waiting for graceful device shutdown. Hit Ctrl-C again to abort immediately.
[95528:internal-dpl-aod-global-analysis-file-sink]: [17:30:46][INFO] Received device shutdown request (signal 15).
[95528:internal-dpl-aod-global-analysis-file-sink]: [17:30:46][INFO] Waiting for graceful device shutdown. Hit Ctrl-C again to abort immediately.
[95492:internal-dpl-aod-reader]: [17:30:46][STATE] IDLE ---> EXITING
[95507:tof-event-time]: [17:30:46][STATE] READY ---> RESETTING TASK
[95507:tof-event-time]: [17:30:46][STATE] RESETTING TASK ---> DEVICE READY
[95509:lambdakzero-preselector]: [17:30:46][INFO] Received device shutdown request (signal 15).
[95509:lambdakzero-preselector]: [17:30:46][INFO] Waiting for graceful device shutdown. Hit Ctrl-C again to abort immediately.
[95510:lambdakzero-builder]: [17:30:46][INFO] New state requested. No timeout set, quitting immediately as per --completion-policy
[95511:tof-pid-full]: [17:30:46][INFO] Received device shutdown request (signal 15).
[95511:tof-pid-full]: [17:30:46][INFO] Waiting for graceful device shutdown. Hit Ctrl-C again to abort immediately.
[95516:lambdakzero-v0-data-link-builder]: [17:30:46][INFO] Received device shutdown request (signal 15).
[95516:lambdakzero-v0-data-link-builder]: [17:30:46][INFO] Waiting for graceful device shutdown. Hit Ctrl-C again to abort immediately.
[95517:cascade-builder]: [17:30:46][STATE] IDLE ---> EXITING
[95497:bc-selection-task]: [17:30:46][STATE] DEVICE READY ---> RESETTING DEVICE
[95521:kfcascade-link-builder]: [17:30:46][INFO] New state requested. No timeout set, quitting immediately as per --completion-policy
[95528:internal-dpl-aod-global-analysis-file-sink]: [17:30:46][INFO] New state requested. No timeout set, quitting immediately as per --completion-policy
[95494:internal-dpl-aod-index-builder]: [17:30:46][STATE] RESETTING DEVICE ---> IDLE
[95507:tof-event-time]: [17:30:46][STATE] DEVICE READY ---> RESETTING DEVICE
[95509:lambdakzero-preselector]: [17:30:46][INFO] New state requested. No timeout set, quitting immediately as per --completion-policy
[95510:lambdakzero-builder]: [17:30:46][STATE] RUNNING ---> READY
[95511:tof-pid-full]: [17:30:46][INFO] New state requested. No timeout set, quitting immediately as per --completion-policy
[95516:lambdakzero-v0-data-link-builder]: [17:30:46][INFO] New state requested. No timeout set, quitting immediately as per --completion-policy
[95520:cascade-link-builder]: [17:30:46][INFO] Received device shutdown request (signal 15).
[95520:cascade-link-builder]: [17:30:46][INFO] Waiting for graceful device shutdown. Hit Ctrl-C again to abort immediately.
[95521:kfcascade-link-builder]: [17:30:46][STATE] RUNNING ---> READY
[95528:internal-dpl-aod-global-analysis-file-sink]: [17:30:46][STATE] RUNNING ---> READY
[95528:internal-dpl-aod-global-analysis-file-sink]: [17:30:46][STATE] READY ---> RESETTING TASK
[95528:internal-dpl-aod-global-analysis-file-sink]: [17:30:46][STATE] RESETTING TASK ---> DEVICE READY
[95492:internal-dpl-aod-reader]: [17:30:46][STATE] Exiting FairMQ state machine
[95494:internal-dpl-aod-index-builder]: [17:30:46][STATE] IDLE ---> EXITING
[95506:track-to-collision-association]: [17:30:46][INFO] Received device shutdown request (signal 15).
[95506:track-to-collision-association]: [17:30:46][INFO] Waiting for graceful device shutdown. Hit Ctrl-C again to abort immediately.
[95509:lambdakzero-preselector]: [17:30:46][STATE] RUNNING ---> READY
[95510:lambdakzero-builder]: [17:30:46][STATE] READY ---> RESETTING TASK
[95510:lambdakzero-builder]: [17:30:46][STATE] RESETTING TASK ---> DEVICE READY
[95511:tof-pid-full]: [17:30:46][STATE] RUNNING ---> READY
[95516:lambdakzero-v0-data-link-builder]: [17:30:46][STATE] RUNNING ---> READY
[95517:cascade-builder]: [17:30:46][STATE] Exiting FairMQ state machine
[95520:cascade-link-builder]: [17:30:46][INFO] New state requested. No timeout set, quitting immediately as per --completion-policy
[95520:cascade-link-builder]: [17:30:46][STATE] RUNNING ---> READY
[95528:internal-dpl-aod-global-analysis-file-sink]: [17:30:46][STATE] DEVICE READY ---> RESETTING DEVICE
[95521:kfcascade-link-builder]: [17:30:46][STATE] READY ---> RESETTING TASK
[95521:kfcascade-link-builder]: [17:30:46][STATE] RESETTING TASK ---> DEVICE READY
[95510:lambdakzero-builder]: [17:30:46][STATE] DEVICE READY ---> RESETTING DEVICE
[95494:internal-dpl-aod-index-builder]: [17:30:46][STATE] Exiting FairMQ state machine
[95506:track-to-collision-association]: [17:30:46][INFO] New state requested. No timeout set, quitting immediately as per --completion-policy
[95509:lambdakzero-preselector]: [17:30:46][STATE] READY ---> RESETTING TASK
[95509:lambdakzero-preselector]: [17:30:46][STATE] RESETTING TASK ---> DEVICE READY
[95511:tof-pid-full]: [17:30:46][STATE] READY ---> RESETTING TASK
[95511:tof-pid-full]: [17:30:46][STATE] RESETTING TASK ---> DEVICE READY
[95516:lambdakzero-v0-data-link-builder]: [17:30:46][STATE] READY ---> RESETTING TASK
[95516:lambdakzero-v0-data-link-builder]: [17:30:46][STATE] RESETTING TASK ---> DEVICE READY
[95520:cascade-link-builder]: [17:30:46][STATE] READY ---> RESETTING TASK
[95520:cascade-link-builder]: [17:30:46][STATE] RESETTING TASK ---> DEVICE READY
[95521:kfcascade-link-builder]: [17:30:46][STATE] DEVICE READY ---> RESETTING DEVICE
[95506:track-to-collision-association]: [17:30:46][STATE] RUNNING ---> READY
[95509:lambdakzero-preselector]: [17:30:46][STATE] DEVICE READY ---> RESETTING DEVICE
[95511:tof-pid-full]: [17:30:46][STATE] DEVICE READY ---> RESETTING DEVICE
[95516:lambdakzero-v0-data-link-builder]: [17:30:46][STATE] DEVICE READY ---> RESETTING DEVICE
[95520:cascade-link-builder]: [17:30:46][STATE] DEVICE READY ---> RESETTING DEVICE
[95506:track-to-collision-association]: [17:30:46][STATE] READY ---> RESETTING TASK
[95506:track-to-collision-association]: [17:30:46][STATE] RESETTING TASK ---> DEVICE READY
[95493:internal-dpl-aod-spawner]: [17:30:46][INFO] Received device shutdown request (signal 15).
[95493:internal-dpl-aod-spawner]: [17:30:46][INFO] Waiting for graceful device shutdown. Hit Ctrl-C again to abort immediately.
[95501:pid-multiplicity]: [17:30:46][INFO] Received device shutdown request (signal 15).
[95501:pid-multiplicity]: [17:30:46][INFO] Waiting for graceful device shutdown. Hit Ctrl-C again to abort immediately.
[95524:hf-candidate-creator-xic0-omegac0-mc]: [17:30:46][STATE] RESETTING DEVICE ---> IDLE
[95493:internal-dpl-aod-spawner]: [17:30:46][INFO] New state requested. No timeout set, quitting immediately as per --completion-policy
[95506:track-to-collision-association]: [17:30:46][STATE] DEVICE READY ---> RESETTING DEVICE
[95524:hf-candidate-creator-xic0-omegac0-mc]: [17:30:46][STATE] IDLE ---> EXITING
[95493:internal-dpl-aod-spawner]: [17:30:46][STATE] RUNNING ---> READY
[95501:pid-multiplicity]: [17:30:46][INFO] New state requested. No timeout set, quitting immediately as per --completion-policy
[95505:hf-track-index-skim-creator-tag-sel-collisions]: [17:30:46][INFO] Received device shutdown request (signal 15).
[95505:hf-track-index-skim-creator-tag-sel-collisions]: [17:30:46][INFO] Waiting for graceful device shutdown. Hit Ctrl-C again to abort immediately.
[95519:hf-track-index-skim-creator-lf-cascades]: [17:30:46][STATE] RESETTING DEVICE ---> IDLE
[95501:pid-multiplicity]: [17:30:46][STATE] RUNNING ---> READY
[95508:cascade-preselector]: [17:30:46][INFO] Received device shutdown request (signal 15).
[95508:cascade-preselector]: [17:30:46][INFO] Waiting for graceful device shutdown. Hit Ctrl-C again to abort immediately.
[95493:internal-dpl-aod-spawner]: [17:30:46][STATE] READY ---> RESETTING TASK
[95493:internal-dpl-aod-spawner]: [17:30:46][STATE] RESETTING TASK ---> DEVICE READY
[95501:pid-multiplicity]: [17:30:46][STATE] READY ---> RESETTING TASK
[95501:pid-multiplicity]: [17:30:46][STATE] RESETTING TASK ---> DEVICE READY
[95505:hf-track-index-skim-creator-tag-sel-collisions]: [17:30:46][INFO] New state requested. No timeout set, quitting immediately as per --completion-policy
[95519:hf-track-index-skim-creator-lf-cascades]: [17:30:46][STATE] IDLE ---> EXITING
[95524:hf-candidate-creator-xic0-omegac0-mc]: [17:30:46][STATE] Exiting FairMQ state machine
[95504:ft0-corrected-table]: [17:30:46][INFO] Received device shutdown request (signal 15).
[95504:ft0-corrected-table]: [17:30:46][INFO] Waiting for graceful device shutdown. Hit Ctrl-C again to abort immediately.
[95505:hf-track-index-skim-creator-tag-sel-collisions]: [17:30:46][STATE] RUNNING ---> READY
[95508:cascade-preselector]: [17:30:46][INFO] New state requested. No timeout set, quitting immediately as per --completion-policy
[95493:internal-dpl-aod-spawner]: [17:30:46][STATE] DEVICE READY ---> RESETTING DEVICE
[95501:pid-multiplicity]: [17:30:46][STATE] DEVICE READY ---> RESETTING DEVICE
[95503:tpc-pid]: [17:30:46][INFO] Received device shutdown request (signal 15).
[95503:tpc-pid]: [17:30:46][INFO] Waiting for graceful device shutdown. Hit Ctrl-C again to abort immediately.
[95508:cascade-preselector]: [17:30:46][STATE] RUNNING ---> READY
[95505:hf-track-index-skim-creator-tag-sel-collisions]: [17:30:46][STATE] READY ---> RESETTING TASK
[95504:ft0-corrected-table]: [17:30:46][INFO] New state requested. No timeout set, quitting immediately as per --completion-policy
[95505:hf-track-index-skim-creator-tag-sel-collisions]: [17:30:46][STATE] RESETTING TASK ---> DEVICE READY
[95496:track-propagation]: [17:30:46][INFO] Received device shutdown request (signal 15).
[95496:track-propagation]: [17:30:46][INFO] Waiting for graceful device shutdown. Hit Ctrl-C again to abort immediately.
[95503:tpc-pid]: [17:30:46][INFO] New state requested. No timeout set, quitting immediately as per --completion-policy
[95503:tpc-pid]: [17:30:46][STATE] RUNNING ---> READY
[95504:ft0-corrected-table]: [17:30:46][STATE] RUNNING ---> READY
[95508:cascade-preselector]: [17:30:46][STATE] READY ---> RESETTING TASK
[95508:cascade-preselector]: [17:30:46][STATE] RESETTING TASK ---> DEVICE READY
[95505:hf-track-index-skim-creator-tag-sel-collisions]: [17:30:46][STATE] DEVICE READY ---> RESETTING DEVICE
[95496:track-propagation]: [17:30:46][INFO] New state requested. No timeout set, quitting immediately as per --completion-policy
[95496:track-propagation]: [17:30:46][STATE] RUNNING ---> READY
[95508:cascade-preselector]: [17:30:46][STATE] DEVICE READY ---> RESETTING DEVICE
[95503:tpc-pid]: [17:30:46][STATE] READY ---> RESETTING TASK
[95503:tpc-pid]: [17:30:46][STATE] RESETTING TASK ---> DEVICE READY
[95504:ft0-corrected-table]: [17:30:46][STATE] READY ---> RESETTING TASK
[95504:ft0-corrected-table]: [17:30:46][STATE] RESETTING TASK ---> DEVICE READY
[95522:tracascade-link-builder]: [17:30:46][INFO] Received device shutdown request (signal 15).
[95522:tracascade-link-builder]: [17:30:46][INFO] Waiting for graceful device shutdown. Hit Ctrl-C again to abort immediately.
[95496:track-propagation]: [17:30:46][STATE] READY ---> RESETTING TASK
[95496:track-propagation]: [17:30:46][STATE] RESETTING TASK ---> DEVICE READY
[95503:tpc-pid]: [17:30:46][STATE] DEVICE READY ---> RESETTING DEVICE
[95504:ft0-corrected-table]: [17:30:46][STATE] DEVICE READY ---> RESETTING DEVICE
[95496:track-propagation]: [17:30:46][STATE] DEVICE READY ---> RESETTING DEVICE
[95522:tracascade-link-builder]: [17:30:46][INFO] New state requested. No timeout set, quitting immediately as per --completion-policy
[95522:tracascade-link-builder]: [17:30:46][STATE] RUNNING ---> READY
[95513:lambdakzero-initializer]: [17:30:46][INFO] Received device shutdown request (signal 15).
[95513:lambdakzero-initializer]: [17:30:46][INFO] Waiting for graceful device shutdown. Hit Ctrl-C again to abort immediately.
[95519:hf-track-index-skim-creator-lf-cascades]: [17:30:46][STATE] Exiting FairMQ state machine
[95513:lambdakzero-initializer]: [17:30:46][INFO] New state requested. No timeout set, quitting immediately as per --completion-policy
[95513:lambdakzero-initializer]: [17:30:46][STATE] RUNNING ---> READY
[95522:tracascade-link-builder]: [17:30:46][STATE] READY ---> RESETTING TASK
[95522:tracascade-link-builder]: [17:30:46][STATE] RESETTING TASK ---> DEVICE READY
[95513:lambdakzero-initializer]: [17:30:46][STATE] READY ---> RESETTING TASK
[95513:lambdakzero-initializer]: [17:30:46][STATE] RESETTING TASK ---> DEVICE READY
[95514:hf-track-index-skim-creator]: [17:30:46][INFO] Received device shutdown request (signal 15).
[95514:hf-track-index-skim-creator]: [17:30:46][INFO] Waiting for graceful device shutdown. Hit Ctrl-C again to abort immediately.
[95522:tracascade-link-builder]: [17:30:46][STATE] DEVICE READY ---> RESETTING DEVICE
[95498:tof-signal]: [17:30:46][STATE] RESETTING DEVICE ---> IDLE
[95513:lambdakzero-initializer]: [17:30:46][STATE] DEVICE READY ---> RESETTING DEVICE
[95514:hf-track-index-skim-creator]: [17:30:46][INFO] New state requested. No timeout set, quitting immediately as per --completion-policy
[95491:internal-dpl-clock]: [17:30:46][INFO] Received device shutdown request (signal 15).
[95491:internal-dpl-clock]: [17:30:46][INFO] Waiting for graceful device shutdown. Hit Ctrl-C again to abort immediately.
[95498:tof-signal]: [17:30:46][STATE] IDLE ---> EXITING
[95516:lambdakzero-v0-data-link-builder]: [17:30:46][STATE] RESETTING DEVICE ---> IDLE
[95491:internal-dpl-clock]: [17:30:46][INFO] New state requested. No timeout set, quitting immediately as per --completion-policy
[95509:lambdakzero-preselector]: [17:30:46][STATE] RESETTING DEVICE ---> IDLE
[95514:hf-track-index-skim-creator]: [17:30:46][STATE] RUNNING ---> READY
[95498:tof-signal]: [17:30:46][STATE] Exiting FairMQ state machine
[95509:lambdakzero-preselector]: [17:30:46][STATE] IDLE ---> EXITING
[95514:hf-track-index-skim-creator]: [17:30:46][STATE] READY ---> RESETTING TASK
[95514:hf-track-index-skim-creator]: [17:30:46][STATE] RESETTING TASK ---> DEVICE READY
[95516:lambdakzero-v0-data-link-builder]: [17:30:46][STATE] IDLE ---> EXITING
[95520:cascade-link-builder]: [17:30:46][STATE] RESETTING DEVICE ---> IDLE
[95497:bc-selection-task]: [17:30:46][STATE] RESETTING DEVICE ---> IDLE
[95509:lambdakzero-preselector]: [17:30:46][STATE] Exiting FairMQ state machine
[95514:hf-track-index-skim-creator]: [17:30:46][STATE] DEVICE READY ---> RESETTING DEVICE
[95516:lambdakzero-v0-data-link-builder]: [17:30:46][STATE] Exiting FairMQ state machine
[95520:cascade-link-builder]: [17:30:46][STATE] IDLE ---> EXITING
[95521:kfcascade-link-builder]: [17:30:46][STATE] RESETTING DEVICE ---> IDLE
[95521:kfcascade-link-builder]: [17:30:46][STATE] IDLE ---> EXITING
[95523:hf-candidate-creator-xic0-omegac0]: [17:30:46][STATE] RESETTING DEVICE ---> IDLE
[95497:bc-selection-task]: [17:30:46][STATE] IDLE ---> EXITING
[95523:hf-candidate-creator-xic0-omegac0]: [17:30:46][STATE] IDLE ---> EXITING
[95520:cascade-link-builder]: [17:30:46][STATE] Exiting FairMQ state machine
[95521:kfcascade-link-builder]: [17:30:46][STATE] Exiting FairMQ state machine
[95493:internal-dpl-aod-spawner]: [17:30:46][STATE] RESETTING DEVICE ---> IDLE
[95497:bc-selection-task]: [17:30:46][STATE] Exiting FairMQ state machine
[95523:hf-candidate-creator-xic0-omegac0]: [17:30:46][STATE] Exiting FairMQ state machine
[95493:internal-dpl-aod-spawner]: [17:30:46][STATE] IDLE ---> EXITING
[95501:pid-multiplicity]: [17:30:46][STATE] RESETTING DEVICE ---> IDLE
[95493:internal-dpl-aod-spawner]: [17:30:46][STATE] Exiting FairMQ state machine
[95501:pid-multiplicity]: [17:30:46][STATE] IDLE ---> EXITING
[95501:pid-multiplicity]: [17:30:46][STATE] Exiting FairMQ state machine
[95513:lambdakzero-initializer]: [17:30:46][STATE] RESETTING DEVICE ---> IDLE
[95508:cascade-preselector]: [17:30:46][STATE] RESETTING DEVICE ---> IDLE
[95508:cascade-preselector]: [17:30:46][STATE] IDLE ---> EXITING
[95513:lambdakzero-initializer]: [17:30:46][STATE] IDLE ---> EXITING
[95508:cascade-preselector]: [17:30:46][STATE] Exiting FairMQ state machine
[95506:track-to-collision-association]: [17:30:46][STATE] RESETTING DEVICE ---> IDLE
[95511:tof-pid-full]: [17:30:46][STATE] RESETTING DEVICE ---> IDLE
[95522:tracascade-link-builder]: [17:30:46][STATE] RESETTING DEVICE ---> IDLE
[95504:ft0-corrected-table]: [17:30:46][STATE] RESETTING DEVICE ---> IDLE
[95506:track-to-collision-association]: [17:30:46][STATE] IDLE ---> EXITING
[95507:tof-event-time]: [17:30:46][STATE] RESETTING DEVICE ---> IDLE
[95511:tof-pid-full]: [17:30:46][STATE] IDLE ---> EXITING
[95513:lambdakzero-initializer]: [17:30:46][STATE] Exiting FairMQ state machine
[95522:tracascade-link-builder]: [17:30:46][STATE] IDLE ---> EXITING
[95507:tof-event-time]: [17:30:46][STATE] IDLE ---> EXITING
[95507:tof-event-time]: [17:30:46][STATE] Exiting FairMQ state machine
[95505:hf-track-index-skim-creator-tag-sel-collisions]: [17:30:46][STATE] RESETTING DEVICE ---> IDLE
[95505:hf-track-index-skim-creator-tag-sel-collisions]: [17:30:46][STATE] IDLE ---> EXITING
[95522:tracascade-link-builder]: [17:30:46][STATE] Exiting FairMQ state machine
[95505:hf-track-index-skim-creator-tag-sel-collisions]: [17:30:46][STATE] Exiting FairMQ state machine
[95506:track-to-collision-association]: [17:30:46][STATE] Exiting FairMQ state machine
[95496:track-propagation]: [17:30:46][STATE] RESETTING DEVICE ---> IDLE
[95503:tpc-pid]: [17:30:46][STATE] RESETTING DEVICE ---> IDLE
[95511:tof-pid-full]: [17:30:46][STATE] Exiting FairMQ state machine
[95496:track-propagation]: [17:30:46][STATE] IDLE ---> EXITING
[95504:ft0-corrected-table]: [17:30:46][STATE] IDLE ---> EXITING
[95503:tpc-pid]: [17:30:46][STATE] IDLE ---> EXITING
[95510:lambdakzero-builder]: [17:30:46][STATE] RESETTING DEVICE ---> IDLE
[95510:lambdakzero-builder]: [17:30:46][STATE] IDLE ---> EXITING
[95504:ft0-corrected-table]: [17:30:46][STATE] Exiting FairMQ state machine
[95496:track-propagation]: [17:30:46][STATE] Exiting FairMQ state machine
[95503:tpc-pid]: [17:30:46][STATE] Exiting FairMQ state machine
[95514:hf-track-index-skim-creator]: [17:30:46][STATE] RESETTING DEVICE ---> IDLE
[95514:hf-track-index-skim-creator]: [17:30:46][STATE] IDLE ---> EXITING
[95510:lambdakzero-builder]: [17:30:46][STATE] Exiting FairMQ state machine
[95528:internal-dpl-aod-global-analysis-file-sink]: [17:30:46][STATE] RESETTING DEVICE ---> IDLE
[95528:internal-dpl-aod-global-analysis-file-sink]: [17:30:46][STATE] IDLE ---> EXITING
[95514:hf-track-index-skim-creator]: [17:30:46][STATE] Exiting FairMQ state machine
[95528:internal-dpl-aod-global-analysis-file-sink]: [17:30:46][STATE] Exiting FairMQ state machine
[95491:internal-dpl-clock]: [17:30:46][INFO] Sending end-of-stream message to channel from_internal-dpl-clock_to_internal-dpl-aod-reader
[95491:internal-dpl-clock]: [17:30:46][STATE] RUNNING ---> READY
[95491:internal-dpl-clock]: [17:30:46][STATE] READY ---> RESETTING TASK
[95491:internal-dpl-clock]: [17:30:46][STATE] RESETTING TASK ---> DEVICE READY
[95491:internal-dpl-clock]: [17:30:46][STATE] DEVICE READY ---> RESETTING DEVICE
[95491:internal-dpl-clock]: [17:30:46][STATE] RESETTING DEVICE ---> IDLE
[95491:internal-dpl-clock]: [17:30:46][STATE] IDLE ---> EXITING
[95491:internal-dpl-clock]: [17:30:46][STATE] Exiting FairMQ state machine
[95518:cascade-initializer]: [17:30:46][INFO] New state requested. No timeout set, quitting immediately as per --completion-policy
[95525:hf-candidate-selector-to-xi-pi]: [17:30:46][INFO] New state requested. No timeout set, quitting immediately as per --completion-policy
[95518:cascade-initializer]: [17:30:46][STATE] RUNNING ---> READY
[95525:hf-candidate-selector-to-xi-pi]: [17:30:46][STATE] RUNNING ---> READY
[95518:cascade-initializer]: [17:30:46][STATE] READY ---> RESETTING TASK
[95518:cascade-initializer]: [17:30:46][STATE] RESETTING TASK ---> DEVICE READY
[95525:hf-candidate-selector-to-xi-pi]: [17:30:46][STATE] READY ---> RESETTING TASK
[95525:hf-candidate-selector-to-xi-pi]: [17:30:46][STATE] RESETTING TASK ---> DEVICE READY
[95518:cascade-initializer]: [17:30:46][STATE] DEVICE READY ---> RESETTING DEVICE
[95525:hf-candidate-selector-to-xi-pi]: [17:30:46][STATE] DEVICE READY ---> RESETTING DEVICE
[95518:cascade-initializer]: [17:30:46][STATE] RESETTING DEVICE ---> IDLE
[95518:cascade-initializer]: [17:30:46][STATE] IDLE ---> EXITING
[95518:cascade-initializer]: [17:30:46][STATE] Exiting FairMQ state machine
[95525:hf-candidate-selector-to-xi-pi]: [17:30:46][INFO] Cleaning up for shared memory id '3419e65e'...
[95525:hf-candidate-selector-to-xi-pi]: [17:30:46][INFO] Found 0 unmanaged regions...
[95525:hf-candidate-selector-to-xi-pi]: [17:30:46][INFO] Found 1 managed segments...
[95525:hf-candidate-selector-to-xi-pi]: [17:30:46][INFO] Successfully removed 'fmq_3419e65e_m_0'.
[95525:hf-candidate-selector-to-xi-pi]: [17:30:46][INFO] Successfully removed 'fmq_3419e65e_mng'.
[95525:hf-candidate-selector-to-xi-pi]: [17:30:46][STATE] RESETTING DEVICE ---> IDLE
[95525:hf-candidate-selector-to-xi-pi]: [17:30:46][STATE] IDLE ---> EXITING
[95525:hf-candidate-selector-to-xi-pi]: [17:30:46][STATE] Exiting FairMQ state machine
[INFO] ## Processes completed. Run summary:
[INFO] ### Devices started: 39
[INFO]  - Device internal-dpl-clock: pid 95491 (exit 0)
[INFO]  - Device internal-dpl-aod-reader: pid 95492 (exit 0)
[INFO]  - Device internal-dpl-aod-spawner: pid 95493 (exit 0)
[INFO]  - Device internal-dpl-aod-index-builder: pid 95494 (exit 0)
[INFO]  - Device timestamp-task: pid 95495 (exit 0)
[INFO]  - Device track-propagation: pid 95496 (exit 0)
[INFO]  - Device bc-selection-task: pid 95497 (exit 0)
[INFO]  - Device tof-signal: pid 95498 (exit 0)
[INFO]  - Device event-selection-task: pid 95499 (exit 0)
[INFO]  - Device track-selection: pid 95500 (exit 0)
[INFO]  - Device pid-multiplicity: pid 95501 (exit 0)
[INFO]  - Device multiplicity-table: pid 95502 (exit 0)
[INFO]  - Device tpc-pid: pid 95503 (exit 0)
[INFO]  - Device ft0-corrected-table: pid 95504 (exit 0)
[INFO]  - Device hf-track-index-skim-creator-tag-sel-collisions: pid 95505 (exit 0)
[INFO]  - Device track-to-collision-association: pid 95506 (exit 0)
[INFO]  - Device tof-event-time: pid 95507 (exit 0)
[INFO]  - Device cascade-preselector: pid 95508 (exit 0)
[INFO]  - Device lambdakzero-preselector: pid 95509 (exit 0)
[INFO]  - Device lambdakzero-builder: pid 95510 (exit 0)
[INFO]  - Device tof-pid-full: pid 95511 (exit 0)
[INFO]  - Device hf-track-index-skim-creator-tag-sel-tracks: pid 95512 (exit 0)
[INFO]  - Device lambdakzero-initializer: pid 95513 (exit 0)
[INFO]  - Device hf-track-index-skim-creator: pid 95514 (exit 0)
[INFO]  - Device hf-track-index-skim-creator-cascades: pid 95515 (exit 0)
[INFO]  - Device lambdakzero-v0-data-link-builder: pid 95516 (exit 0)
[INFO]  - Device cascade-builder: pid 95517 (exit 0)
[INFO]  - Device cascade-initializer: pid 95518 (exit 0)
[INFO]  - Device hf-track-index-skim-creator-lf-cascades: pid 95519 (exit 0)
[INFO]  - Device cascade-link-builder: pid 95520 (exit 0)
[INFO]  - Device kfcascade-link-builder: pid 95521 (exit 0)
[INFO]  - Device tracascade-link-builder: pid 95522 (exit 0)
[INFO]  - Device hf-candidate-creator-xic0-omegac0: pid 95523 (exit 0)
[INFO]  - Device hf-candidate-creator-xic0-omegac0-mc: pid 95524 (exit 0)
[INFO]  - Device hf-candidate-selector-to-xi-pi: pid 95525 (exit 0)
[INFO]  - Device hf-tree-creator-to-xi-pi: pid 95526 (exit 0)
[INFO]  - Device internal-dpl-aod-writer: pid 95527 (exit 0)
[INFO]  - Device internal-dpl-aod-global-analysis-file-sink: pid 95528 (exit 0)
[INFO]  - Device internal-dpl-injected-dummy-sink: pid 95529 (exit 0)
[INFO] ## Analysis Run Summary ##
[INFO] ### Files read stats ###
[INFO] lfn=/Users/jinhyunpark/npl/Analysis/ALICE/data/ao2d/pp5036GeV/data/hyperloop_DST_ppref_dataset_559348.root,size=3378870011,total_df=76,read_df=76,read_bytes=3049320495,read_calls=1979,io_time=19.4,wait_time=228.5,level=0
[INFO] Dumping used configuration in dpl-config.json
