[INFO] Initialising O2 Data Processing Layer. Driver PID: 9665.
[INFO] Driver listening on port: 17745
[INFO] Rate limiting set up at 500MB distributed over 1 readers
[INFO] O2 Data Processing Layer initialised. We brake for nobody.
[INFO] Optimised build. O2DEBUG / LOG(debug) / LOGF(debug) / assert statement will not be shown.
[INFO] Redeployment of configuration asked.
[INFO] Starting internal-dpl-clock on pid 9666
[INFO] Starting internal-dpl-aod-reader on pid 9667
[INFO] Starting internal-dpl-aod-spawner on pid 9668
[INFO] Starting internal-dpl-aod-index-builder on pid 9669
[INFO] Starting mc-collision-converter on pid 9670
[INFO] Starting timestamp-task on pid 9671
[INFO] Starting printouttable1 on pid 9672
[INFO] Starting printouttable2 on pid 9673
[INFO] Starting bc-selection-task on pid 9674
[INFO] Starting filltable on pid 9675
[INFO] Starting tracks-extra-v002-converter on pid 9676
[INFO] Starting tracks-extra-spawner on pid 9677
[INFO] Starting track-propagation on pid 9678
[INFO] Starting event-selection-task on pid 9679
[INFO] Starting multiplicity-table on pid 9680
[INFO] Starting internal-dpl-aod-writer on pid 9681
[INFO] Starting internal-dpl-aod-global-analysis-file-sink on pid 9682
[INFO] Starting internal-dpl-injected-dummy-sink on pid 9683
[INFO] Redeployment of configuration done.
[9670:mc-collision-converter]: [INFO] Instrumenting crash signals
[9666:internal-dpl-clock]: [INFO] Instrumenting crash signals
[9670:mc-collision-converter]: [INFO] Spawing new device mc-collision-converter in process with pid 9670
[9670:mc-collision-converter]: [18:50:35][INFO] 
[9670:mc-collision-converter]:       ______      _    _______  _________ 
[9670:mc-collision-converter]:      / ____/___ _(_)_______   |/  /_  __ \    version 1.9.2
[9670:mc-collision-converter]:     / /_  / __ `/ / ___/__  /|_/ /_  / / /    build RELWITHDEBINFO
[9670:mc-collision-converter]:    / __/ / /_/ / / /    _  /  / / / /_/ /     https://github.com/FairRootGroup/FairMQ
[9670:mc-collision-converter]:   /_/    \__,_/_/_/     /_/  /_/  \___\_\     LGPL-3.0  © 2012-2025 GSI
[9670:mc-collision-converter]: 
[9670:mc-collision-converter]: [18:50:35][STATE] Starting FairMQ state machine --> IDLE
[9666:internal-dpl-clock]: [INFO] Spawing new device internal-dpl-clock in process with pid 9666
[9670:mc-collision-converter]: [18:50:35][STATE] IDLE ---> INITIALIZING DEVICE
[9666:internal-dpl-clock]: [18:50:35][INFO] 
[9666:internal-dpl-clock]:       ______      _    _______  _________ 
[9666:internal-dpl-clock]:      / ____/___ _(_)_______   |/  /_  __ \    version 1.9.2
[9666:internal-dpl-clock]:     / /_  / __ `/ / ___/__  /|_/ /_  / / /    build RELWITHDEBINFO
[9666:internal-dpl-clock]:    / __/ / /_/ / / /    _  /  / / / /_/ /     https://github.com/FairRootGroup/FairMQ
[9666:internal-dpl-clock]:   /_/    \__,_/_/_/     /_/  /_/  \___\_\     LGPL-3.0  © 2012-2025 GSI
[9666:internal-dpl-clock]: 
[9666:internal-dpl-clock]: [18:50:35][STATE] Starting FairMQ state machine --> IDLE
[9670:mc-collision-converter]: [18:50:35][STATE] INITIALIZING DEVICE ---> INITIALIZED
[9670:mc-collision-converter]: [18:50:35][STATE] INITIALIZED ---> BINDING
[9670:mc-collision-converter]: [18:50:35][STATE] BINDING ---> BOUND
[9670:mc-collision-converter]: [18:50:35][STATE] BOUND ---> CONNECTING
[9670:mc-collision-converter]: [18:50:35][STATE] CONNECTING ---> DEVICE READY
[9670:mc-collision-converter]: [18:50:35][STATE] DEVICE READY ---> INITIALIZING TASK
[9670:mc-collision-converter]: [18:50:35][STATE] INITIALIZING TASK ---> READY
[9670:mc-collision-converter]: [18:50:35][STATE] READY ---> RUNNING
[9670:mc-collision-converter]: [18:50:35][INFO] fair::mq::Device running...
[9670:mc-collision-converter]: [18:50:35][INFO] LHCPeriod is not available, using current month APR
[9670:mc-collision-converter]: [18:50:35][INFO] Correctly handshaken websocket connection.
[INFO] Controller for internal-dpl-aod-reader not yet available.
[9667:internal-dpl-aod-reader]: [INFO] Instrumenting crash signals
[9672:printouttable1]: [INFO] Instrumenting crash signals
[9667:internal-dpl-aod-reader]: [INFO] Spawing new device internal-dpl-aod-reader in process with pid 9667
[9667:internal-dpl-aod-reader]: [18:50:35][INFO] 
[9667:internal-dpl-aod-reader]:       ______      _    _______  _________ 
[9667:internal-dpl-aod-reader]:      / ____/___ _(_)_______   |/  /_  __ \    version 1.9.2
[9667:internal-dpl-aod-reader]:     / /_  / __ `/ / ___/__  /|_/ /_  / / /    build RELWITHDEBINFO
[9667:internal-dpl-aod-reader]:    / __/ / /_/ / / /    _  /  / / / /_/ /     https://github.com/FairRootGroup/FairMQ
[9667:internal-dpl-aod-reader]:   /_/    \__,_/_/_/     /_/  /_/  \___\_\     LGPL-3.0  © 2012-2025 GSI
[9667:internal-dpl-aod-reader]: 
[9667:internal-dpl-aod-reader]: [18:50:35][STATE] Starting FairMQ state machine --> IDLE
[9669:internal-dpl-aod-index-builder]: [INFO] Instrumenting crash signals
[9666:internal-dpl-clock]: [18:50:35][STATE] IDLE ---> INITIALIZING DEVICE
[9668:internal-dpl-aod-spawner]: [INFO] Instrumenting crash signals
[9666:internal-dpl-clock]: [18:50:35][STATE] INITIALIZING DEVICE ---> INITIALIZED
[9666:internal-dpl-clock]: [18:50:35][STATE] INITIALIZED ---> BINDING
[9666:internal-dpl-clock]: [18:50:35][STATE] BINDING ---> BOUND
[9666:internal-dpl-clock]: [18:50:35][STATE] BOUND ---> CONNECTING
[9666:internal-dpl-clock]: [18:50:35][STATE] CONNECTING ---> DEVICE READY
[9666:internal-dpl-clock]: [18:50:35][STATE] DEVICE READY ---> INITIALIZING TASK
[9666:internal-dpl-clock]: [18:50:35][STATE] INITIALIZING TASK ---> READY
[9666:internal-dpl-clock]: [18:50:35][STATE] READY ---> RUNNING
[9666:internal-dpl-clock]: [18:50:35][INFO] fair::mq::Device running...
[9666:internal-dpl-clock]: [18:50:35][INFO] LHCPeriod is not available, using current month APR
[9666:internal-dpl-clock]: [18:50:35][INFO] Correctly handshaken websocket connection.
[9667:internal-dpl-aod-reader]: [18:50:35][STATE] IDLE ---> INITIALIZING DEVICE
[9676:tracks-extra-v002-converter]: [INFO] Instrumenting crash signals
[9669:internal-dpl-aod-index-builder]: [INFO] Spawing new device internal-dpl-aod-index-builder in process with pid 9669
[9669:internal-dpl-aod-index-builder]: [18:50:35][INFO] 
[9669:internal-dpl-aod-index-builder]:       ______      _    _______  _________ 
[9669:internal-dpl-aod-index-builder]:      / ____/___ _(_)_______   |/  /_  __ \    version 1.9.2
[9669:internal-dpl-aod-index-builder]:     / /_  / __ `/ / ___/__  /|_/ /_  / / /    build RELWITHDEBINFO
[9669:internal-dpl-aod-index-builder]:    / __/ / /_/ / / /    _  /  / / / /_/ /     https://github.com/FairRootGroup/FairMQ
[9669:internal-dpl-aod-index-builder]:   /_/    \__,_/_/_/     /_/  /_/  \___\_\     LGPL-3.0  © 2012-2025 GSI
[9669:internal-dpl-aod-index-builder]: 
[9669:internal-dpl-aod-index-builder]: [18:50:35][STATE] Starting FairMQ state machine --> IDLE
[9669:internal-dpl-aod-index-builder]: [18:50:35][STATE] IDLE ---> INITIALIZING DEVICE
[9673:printouttable2]: [INFO] Instrumenting crash signals
[9672:printouttable1]: [INFO] Spawing new device printouttable1 in process with pid 9672
[9676:tracks-extra-v002-converter]: [INFO] Spawing new device tracks-extra-v002-converter in process with pid 9676
[9668:internal-dpl-aod-spawner]: [INFO] Spawing new device internal-dpl-aod-spawner in process with pid 9668
[9672:printouttable1]: [18:50:35][INFO] 
[9672:printouttable1]:       ______      _    _______  _________ 
[9672:printouttable1]:      / ____/___ _(_)_______   |/  /_  __ \    version 1.9.2
[9672:printouttable1]:     / /_  / __ `/ / ___/__  /|_/ /_  / / /    build RELWITHDEBINFO
[9672:printouttable1]:    / __/ / /_/ / / /    _  /  / / / /_/ /     https://github.com/FairRootGroup/FairMQ
[9672:printouttable1]:   /_/    \__,_/_/_/     /_/  /_/  \___\_\     LGPL-3.0  © 2012-2025 GSI
[9672:printouttable1]: 
[9676:tracks-extra-v002-converter]: [18:50:35][INFO] 
[9676:tracks-extra-v002-converter]:       ______      _    _______  _________ 
[9676:tracks-extra-v002-converter]:      / ____/___ _(_)_______   |/  /_  __ \    version 1.9.2
[9676:tracks-extra-v002-converter]:     / /_  / __ `/ / ___/__  /|_/ /_  / / /    build RELWITHDEBINFO
[9676:tracks-extra-v002-converter]:    / __/ / /_/ / / /    _  /  / / / /_/ /     https://github.com/FairRootGroup/FairMQ
[9676:tracks-extra-v002-converter]:   /_/    \__,_/_/_/     /_/  /_/  \___\_\     LGPL-3.0  © 2012-2025 GSI
[9676:tracks-extra-v002-converter]: 
[9676:tracks-extra-v002-converter]: [18:50:35][STATE] Starting FairMQ state machine --> IDLE
[9668:internal-dpl-aod-spawner]: [18:50:35][INFO] 
[9668:internal-dpl-aod-spawner]:       ______      _    _______  _________ 
[9668:internal-dpl-aod-spawner]:      / ____/___ _(_)_______   |/  /_  __ \    version 1.9.2
[9668:internal-dpl-aod-spawner]:     / /_  / __ `/ / ___/__  /|_/ /_  / / /    build RELWITHDEBINFO
[9668:internal-dpl-aod-spawner]:    / __/ / /_/ / / /    _  /  / / / /_/ /     https://github.com/FairRootGroup/FairMQ
[9668:internal-dpl-aod-spawner]:   /_/    \__,_/_/_/     /_/  /_/  \___\_\     LGPL-3.0  © 2012-2025 GSI
[9668:internal-dpl-aod-spawner]: 
[9668:internal-dpl-aod-spawner]: [18:50:35][STATE] Starting FairMQ state machine --> IDLE
[9672:printouttable1]: [18:50:35][STATE] Starting FairMQ state machine --> IDLE
[9677:tracks-extra-spawner]: [INFO] Instrumenting crash signals
[9672:printouttable1]: [18:50:35][STATE] IDLE ---> INITIALIZING DEVICE
[9676:tracks-extra-v002-converter]: [18:50:35][STATE] IDLE ---> INITIALIZING DEVICE
[9671:timestamp-task]: [INFO] Instrumenting crash signals
[9676:tracks-extra-v002-converter]: [18:50:35][STATE] INITIALIZING DEVICE ---> INITIALIZED
[9676:tracks-extra-v002-converter]: [18:50:35][STATE] INITIALIZED ---> BINDING
[9669:internal-dpl-aod-index-builder]: [18:50:35][STATE] INITIALIZING DEVICE ---> INITIALIZED
[9669:internal-dpl-aod-index-builder]: [18:50:35][STATE] INITIALIZED ---> BINDING
[9668:internal-dpl-aod-spawner]: [18:50:35][STATE] IDLE ---> INITIALIZING DEVICE
[9676:tracks-extra-v002-converter]: [18:50:35][STATE] BINDING ---> BOUND
[9676:tracks-extra-v002-converter]: [18:50:35][STATE] BOUND ---> CONNECTING
[9676:tracks-extra-v002-converter]: [18:50:35][STATE] CONNECTING ---> DEVICE READY
[9676:tracks-extra-v002-converter]: [18:50:35][STATE] DEVICE READY ---> INITIALIZING TASK
[9677:tracks-extra-spawner]: [INFO] Spawing new device tracks-extra-spawner in process with pid 9677
[9672:printouttable1]: [18:50:35][STATE] INITIALIZING DEVICE ---> INITIALIZED
[9677:tracks-extra-spawner]: [18:50:35][INFO] 
[9677:tracks-extra-spawner]:       ______      _    _______  _________ 
[9677:tracks-extra-spawner]:      / ____/___ _(_)_______   |/  /_  __ \    version 1.9.2
[9677:tracks-extra-spawner]:     / /_  / __ `/ / ___/__  /|_/ /_  / / /    build RELWITHDEBINFO
[9677:tracks-extra-spawner]:    / __/ / /_/ / / /    _  /  / / / /_/ /     https://github.com/FairRootGroup/FairMQ
[9677:tracks-extra-spawner]:   /_/    \__,_/_/_/     /_/  /_/  \___\_\     LGPL-3.0  © 2012-2025 GSI
[9677:tracks-extra-spawner]: 
[9677:tracks-extra-spawner]: [18:50:35][STATE] Starting FairMQ state machine --> IDLE
[9676:tracks-extra-v002-converter]: [18:50:35][STATE] INITIALIZING TASK ---> READY
[9672:printouttable1]: [18:50:35][STATE] INITIALIZED ---> BINDING
[9676:tracks-extra-v002-converter]: [18:50:35][STATE] READY ---> RUNNING
[9676:tracks-extra-v002-converter]: [18:50:35][INFO] fair::mq::Device running...
[9676:tracks-extra-v002-converter]: [18:50:35][INFO] LHCPeriod is not available, using current month APR
[9672:printouttable1]: [18:50:35][STATE] BINDING ---> BOUND
[9672:printouttable1]: [18:50:35][STATE] BOUND ---> CONNECTING
[9676:tracks-extra-v002-converter]: [18:50:35][INFO] Correctly handshaken websocket connection.
[9672:printouttable1]: [18:50:35][STATE] CONNECTING ---> DEVICE READY
[9672:printouttable1]: [18:50:35][STATE] DEVICE READY ---> INITIALIZING TASK
[9677:tracks-extra-spawner]: [18:50:35][STATE] IDLE ---> INITIALIZING DEVICE
[9672:printouttable1]: [18:50:35][STATE] INITIALIZING TASK ---> READY
[9672:printouttable1]: [18:50:35][STATE] READY ---> RUNNING
[9672:printouttable1]: [18:50:35][INFO] fair::mq::Device running...
[9672:printouttable1]: [18:50:35][INFO] LHCPeriod is not available, using current month APR
[9672:printouttable1]: [18:50:35][INFO] Correctly handshaken websocket connection.
[9677:tracks-extra-spawner]: [18:50:35][STATE] INITIALIZING DEVICE ---> INITIALIZED
[9677:tracks-extra-spawner]: [18:50:35][STATE] INITIALIZED ---> BINDING
[9677:tracks-extra-spawner]: [18:50:35][STATE] BINDING ---> BOUND
[9677:tracks-extra-spawner]: [18:50:35][STATE] BOUND ---> CONNECTING
[9677:tracks-extra-spawner]: [18:50:35][STATE] CONNECTING ---> DEVICE READY
[9677:tracks-extra-spawner]: [18:50:35][STATE] DEVICE READY ---> INITIALIZING TASK
[9677:tracks-extra-spawner]: [18:50:35][STATE] INITIALIZING TASK ---> READY
[9677:tracks-extra-spawner]: [18:50:35][STATE] READY ---> RUNNING
[9677:tracks-extra-spawner]: [18:50:35][INFO] fair::mq::Device running...
[9677:tracks-extra-spawner]: [18:50:35][INFO] LHCPeriod is not available, using current month APR
[9677:tracks-extra-spawner]: [18:50:35][INFO] Correctly handshaken websocket connection.
[9668:internal-dpl-aod-spawner]: [18:50:35][STATE] INITIALIZING DEVICE ---> INITIALIZED
[9668:internal-dpl-aod-spawner]: [18:50:35][STATE] INITIALIZED ---> BINDING
[9669:internal-dpl-aod-index-builder]: [18:50:35][STATE] BINDING ---> BOUND
[9669:internal-dpl-aod-index-builder]: [18:50:35][STATE] BOUND ---> CONNECTING
[9669:internal-dpl-aod-index-builder]: [18:50:35][STATE] CONNECTING ---> DEVICE READY
[9673:printouttable2]: [INFO] Spawing new device printouttable2 in process with pid 9673
[9669:internal-dpl-aod-index-builder]: [18:50:35][STATE] DEVICE READY ---> INITIALIZING TASK
[9669:internal-dpl-aod-index-builder]: [18:50:35][STATE] INITIALIZING TASK ---> READY
[9669:internal-dpl-aod-index-builder]: [18:50:35][STATE] READY ---> RUNNING
[9669:internal-dpl-aod-index-builder]: [18:50:35][INFO] fair::mq::Device running...
[9673:printouttable2]: [18:50:35][INFO] 
[9673:printouttable2]:       ______      _    _______  _________ 
[9673:printouttable2]:      / ____/___ _(_)_______   |/  /_  __ \    version 1.9.2
[9673:printouttable2]:     / /_  / __ `/ / ___/__  /|_/ /_  / / /    build RELWITHDEBINFO
[9673:printouttable2]:    / __/ / /_/ / / /    _  /  / / / /_/ /     https://github.com/FairRootGroup/FairMQ
[9673:printouttable2]:   /_/    \__,_/_/_/     /_/  /_/  \___\_\     LGPL-3.0  © 2012-2025 GSI
[9673:printouttable2]: 
[9673:printouttable2]: [18:50:35][STATE] Starting FairMQ state machine --> IDLE
[9668:internal-dpl-aod-spawner]: [18:50:35][STATE] BINDING ---> BOUND
[9668:internal-dpl-aod-spawner]: [18:50:35][STATE] BOUND ---> CONNECTING
[9668:internal-dpl-aod-spawner]: [18:50:35][STATE] CONNECTING ---> DEVICE READY
[9668:internal-dpl-aod-spawner]: [18:50:35][STATE] DEVICE READY ---> INITIALIZING TASK
[9668:internal-dpl-aod-spawner]: [18:50:35][STATE] INITIALIZING TASK ---> READY
[9668:internal-dpl-aod-spawner]: [18:50:35][STATE] READY ---> RUNNING
[9668:internal-dpl-aod-spawner]: [18:50:35][INFO] fair::mq::Device running...
[9669:internal-dpl-aod-index-builder]: [18:50:35][INFO] LHCPeriod is not available, using current month APR
[9669:internal-dpl-aod-index-builder]: [18:50:35][INFO] Correctly handshaken websocket connection.
[9671:timestamp-task]: [INFO] Spawing new device timestamp-task in process with pid 9671
[9671:timestamp-task]: [18:50:35][INFO] 
[9671:timestamp-task]:       ______      _    _______  _________ 
[9671:timestamp-task]:      / ____/___ _(_)_______   |/  /_  __ \    version 1.9.2
[9671:timestamp-task]:     / /_  / __ `/ / ___/__  /|_/ /_  / / /    build RELWITHDEBINFO
[9671:timestamp-task]:    / __/ / /_/ / / /    _  /  / / / /_/ /     https://github.com/FairRootGroup/FairMQ
[9671:timestamp-task]:   /_/    \__,_/_/_/     /_/  /_/  \___\_\     LGPL-3.0  © 2012-2025 GSI
[9671:timestamp-task]: 
[9671:timestamp-task]: [18:50:35][STATE] Starting FairMQ state machine --> IDLE
[9673:printouttable2]: [18:50:35][STATE] IDLE ---> INITIALIZING DEVICE
[9668:internal-dpl-aod-spawner]: [18:50:35][INFO] LHCPeriod is not available, using current month APR
[9668:internal-dpl-aod-spawner]: [18:50:35][INFO] Correctly handshaken websocket connection.
[9673:printouttable2]: [18:50:35][STATE] INITIALIZING DEVICE ---> INITIALIZED
[9673:printouttable2]: [18:50:35][STATE] INITIALIZED ---> BINDING
[9673:printouttable2]: [18:50:35][STATE] BINDING ---> BOUND
[9673:printouttable2]: [18:50:35][STATE] BOUND ---> CONNECTING
[9673:printouttable2]: [18:50:35][STATE] CONNECTING ---> DEVICE READY
[9673:printouttable2]: [18:50:35][STATE] DEVICE READY ---> INITIALIZING TASK
[9673:printouttable2]: [18:50:35][STATE] INITIALIZING TASK ---> READY
[9673:printouttable2]: [18:50:35][STATE] READY ---> RUNNING
[9673:printouttable2]: [18:50:35][INFO] fair::mq::Device running...
[9673:printouttable2]: [18:50:35][INFO] LHCPeriod is not available, using current month APR
[9673:printouttable2]: [18:50:35][INFO] Correctly handshaken websocket connection.
[9671:timestamp-task]: [18:50:35][STATE] IDLE ---> INITIALIZING DEVICE
[9671:timestamp-task]: [18:50:35][INFO] Init CcdApi with UserAgentID: jinhyun-MacBook-Pro-2.local-1743673835-n95Dld, Host: http://alice-ccdb.cern.ch/, Curl timeouts: upload:20 download:1
[9671:timestamp-task]: [18:50:35][INFO] Initializing TimestampTask
[9671:timestamp-task]: [18:50:35][INFO] Init CcdApi with UserAgentID: jinhyun-MacBook-Pro-2.local-1743673835-n95Dld, Host: http://alice-ccdb.cern.ch, Curl timeouts: upload:20 download:1
[9671:timestamp-task]: [18:50:35][INFO] Init CcdApi with UserAgentID: jinhyun-MacBook-Pro-2.local-1743673835-l9bTxf, Host: http://alice-ccdb.cern.ch, Curl timeouts: upload:20 download:1
[9674:bc-selection-task]: [INFO] Instrumenting crash signals
[9678:track-propagation]: [INFO] Instrumenting crash signals
[9674:bc-selection-task]: [INFO] Spawing new device bc-selection-task in process with pid 9674
[9674:bc-selection-task]: [18:50:35][INFO] 
[9674:bc-selection-task]:       ______      _    _______  _________ 
[9674:bc-selection-task]:      / ____/___ _(_)_______   |/  /_  __ \    version 1.9.2
[9674:bc-selection-task]:     / /_  / __ `/ / ___/__  /|_/ /_  / / /    build RELWITHDEBINFO
[9674:bc-selection-task]:    / __/ / /_/ / / /    _  /  / / / /_/ /     https://github.com/FairRootGroup/FairMQ
[9674:bc-selection-task]:   /_/    \__,_/_/_/     /_/  /_/  \___\_\     LGPL-3.0  © 2012-2025 GSI
[9674:bc-selection-task]: 
[9674:bc-selection-task]: [18:50:35][STATE] Starting FairMQ state machine --> IDLE
[9675:filltable]: [INFO] Instrumenting crash signals
[9674:bc-selection-task]: [18:50:35][STATE] IDLE ---> INITIALIZING DEVICE
[9678:track-propagation]: [INFO] Spawing new device track-propagation in process with pid 9678
[9678:track-propagation]: [18:50:35][INFO] 
[9678:track-propagation]:       ______      _    _______  _________ 
[9678:track-propagation]:      / ____/___ _(_)_______   |/  /_  __ \    version 1.9.2
[9678:track-propagation]:     / /_  / __ `/ / ___/__  /|_/ /_  / / /    build RELWITHDEBINFO
[9678:track-propagation]:    / __/ / /_/ / / /    _  /  / / / /_/ /     https://github.com/FairRootGroup/FairMQ
[9678:track-propagation]:   /_/    \__,_/_/_/     /_/  /_/  \___\_\     LGPL-3.0  © 2012-2025 GSI
[9678:track-propagation]: 
[9678:track-propagation]: [18:50:35][STATE] Starting FairMQ state machine --> IDLE
[9678:track-propagation]: [18:50:35][STATE] IDLE ---> INITIALIZING DEVICE
[9678:track-propagation]: [18:50:35][INFO] Init CcdApi with UserAgentID: jinhyun-MacBook-Pro-2.local-1743673835-mGDLtl, Host: http://alice-ccdb.cern.ch/, Curl timeouts: upload:20 download:1
[9678:track-propagation]: [18:50:35][INFO] Enabling processStandard
[9678:track-propagation]: [18:50:35][INFO] Init CcdApi with UserAgentID: jinhyun-MacBook-Pro-2.local-1743673835-mGDLtl, Host: http://alice-ccdb.cern.ch, Curl timeouts: upload:20 download:1
[9675:filltable]: [INFO] Spawing new device filltable in process with pid 9675
[9678:track-propagation]: [18:50:35][STATE] INITIALIZING DEVICE ---> INITIALIZED
[9678:track-propagation]: [18:50:35][STATE] INITIALIZED ---> BINDING
[9675:filltable]: [18:50:35][INFO] 
[9675:filltable]:       ______      _    _______  _________ 
[9675:filltable]:      / ____/___ _(_)_______   |/  /_  __ \    version 1.9.2
[9675:filltable]:     / /_  / __ `/ / ___/__  /|_/ /_  / / /    build RELWITHDEBINFO
[9675:filltable]:    / __/ / /_/ / / /    _  /  / / / /_/ /     https://github.com/FairRootGroup/FairMQ
[9675:filltable]:   /_/    \__,_/_/_/     /_/  /_/  \___\_\     LGPL-3.0  © 2012-2025 GSI
[9675:filltable]: 
[9675:filltable]: [18:50:35][STATE] Starting FairMQ state machine --> IDLE
[9674:bc-selection-task]: [18:50:35][INFO] Init CcdApi with UserAgentID: jinhyun-MacBook-Pro-2.local-1743673835-tDXO0a, Host: http://alice-ccdb.cern.ch/, Curl timeouts: upload:20 download:1
[9674:bc-selection-task]: [18:50:35][INFO] Init CcdApi with UserAgentID: jinhyun-MacBook-Pro-2.local-1743673835-tDXO0a, Host: http://alice-ccdb.cern.ch, Curl timeouts: upload:20 download:1
[9678:track-propagation]: [18:50:35][STATE] BINDING ---> BOUND
[9678:track-propagation]: [18:50:35][STATE] BOUND ---> CONNECTING
[9678:track-propagation]: [18:50:35][STATE] CONNECTING ---> DEVICE READY
[9678:track-propagation]: [18:50:35][STATE] DEVICE READY ---> INITIALIZING TASK
[9678:track-propagation]: [18:50:35][STATE] INITIALIZING TASK ---> READY
[9678:track-propagation]: [18:50:35][STATE] READY ---> RUNNING
[9678:track-propagation]: [18:50:35][INFO] fair::mq::Device running...
[9682:internal-dpl-aod-global-analysis-file-sink]: [INFO] Instrumenting crash signals
[9678:track-propagation]: [18:50:35][INFO] LHCPeriod is not available, using current month APR
[9681:internal-dpl-aod-writer]: [INFO] Instrumenting crash signals
[9678:track-propagation]: [18:50:35][INFO] Correctly handshaken websocket connection.
[9675:filltable]: [18:50:35][STATE] IDLE ---> INITIALIZING DEVICE
[9680:multiplicity-table]: [INFO] Instrumenting crash signals
[9674:bc-selection-task]: [18:50:35][STATE] INITIALIZING DEVICE ---> INITIALIZED
[9674:bc-selection-task]: [18:50:35][STATE] INITIALIZED ---> BINDING
[9674:bc-selection-task]: [18:50:35][STATE] BINDING ---> BOUND
[9674:bc-selection-task]: [18:50:35][STATE] BOUND ---> CONNECTING
[9674:bc-selection-task]: [18:50:35][STATE] CONNECTING ---> DEVICE READY
[9674:bc-selection-task]: [18:50:35][STATE] DEVICE READY ---> INITIALIZING TASK
[9674:bc-selection-task]: [18:50:35][STATE] INITIALIZING TASK ---> READY
[9674:bc-selection-task]: [18:50:35][STATE] READY ---> RUNNING
[9674:bc-selection-task]: [18:50:35][INFO] fair::mq::Device running...
[9674:bc-selection-task]: [18:50:35][INFO] LHCPeriod is not available, using current month APR
[9674:bc-selection-task]: [18:50:35][INFO] Correctly handshaken websocket connection.
[9675:filltable]: [18:50:35][STATE] INITIALIZING DEVICE ---> INITIALIZED
[9675:filltable]: [18:50:35][STATE] INITIALIZED ---> BINDING
[9675:filltable]: [18:50:35][STATE] BINDING ---> BOUND
[9675:filltable]: [18:50:35][STATE] BOUND ---> CONNECTING
[9675:filltable]: [18:50:35][STATE] CONNECTING ---> DEVICE READY
[9675:filltable]: [18:50:35][STATE] DEVICE READY ---> INITIALIZING TASK
[9679:event-selection-task]: [INFO] Instrumenting crash signals
[9682:internal-dpl-aod-global-analysis-file-sink]: [INFO] Spawing new device internal-dpl-aod-global-analysis-file-sink in process with pid 9682
[9681:internal-dpl-aod-writer]: [INFO] Spawing new device internal-dpl-aod-writer in process with pid 9681
[9682:internal-dpl-aod-global-analysis-file-sink]: [18:50:35][INFO] 
[9682:internal-dpl-aod-global-analysis-file-sink]:       ______      _    _______  _________ 
[9682:internal-dpl-aod-global-analysis-file-sink]:      / ____/___ _(_)_______   |/  /_  __ \    version 1.9.2
[9682:internal-dpl-aod-global-analysis-file-sink]:     / /_  / __ `/ / ___/__  /|_/ /_  / / /    build RELWITHDEBINFO
[9682:internal-dpl-aod-global-analysis-file-sink]:    / __/ / /_/ / / /    _  /  / / / /_/ /     https://github.com/FairRootGroup/FairMQ
[9682:internal-dpl-aod-global-analysis-file-sink]:   /_/    \__,_/_/_/     /_/  /_/  \___\_\     LGPL-3.0  © 2012-2025 GSI
[9682:internal-dpl-aod-global-analysis-file-sink]: 
[9682:internal-dpl-aod-global-analysis-file-sink]: [18:50:35][STATE] Starting FairMQ state machine --> IDLE
[9675:filltable]: [18:50:35][STATE] INITIALIZING TASK ---> READY
[9675:filltable]: [18:50:35][STATE] READY ---> RUNNING
[9675:filltable]: [18:50:35][INFO] fair::mq::Device running...
[9681:internal-dpl-aod-writer]: [18:50:35][INFO] 
[9681:internal-dpl-aod-writer]:       ______      _    _______  _________ 
[9681:internal-dpl-aod-writer]:      / ____/___ _(_)_______   |/  /_  __ \    version 1.9.2
[9681:internal-dpl-aod-writer]:     / /_  / __ `/ / ___/__  /|_/ /_  / / /    build RELWITHDEBINFO
[9681:internal-dpl-aod-writer]:    / __/ / /_/ / / /    _  /  / / / /_/ /     https://github.com/FairRootGroup/FairMQ
[9681:internal-dpl-aod-writer]:   /_/    \__,_/_/_/     /_/  /_/  \___\_\     LGPL-3.0  © 2012-2025 GSI
[9681:internal-dpl-aod-writer]: 
[9681:internal-dpl-aod-writer]: [18:50:35][STATE] Starting FairMQ state machine --> IDLE
[9675:filltable]: [18:50:35][INFO] LHCPeriod is not available, using current month APR
[9675:filltable]: [18:50:35][INFO] Correctly handshaken websocket connection.
[9682:internal-dpl-aod-global-analysis-file-sink]: [18:50:35][STATE] IDLE ---> INITIALIZING DEVICE
[9681:internal-dpl-aod-writer]: [18:50:35][STATE] IDLE ---> INITIALIZING DEVICE
[9680:multiplicity-table]: [INFO] Spawing new device multiplicity-table in process with pid 9680
[9682:internal-dpl-aod-global-analysis-file-sink]: [18:50:35][STATE] INITIALIZING DEVICE ---> INITIALIZED
[9682:internal-dpl-aod-global-analysis-file-sink]: [18:50:35][STATE] INITIALIZED ---> BINDING
[9682:internal-dpl-aod-global-analysis-file-sink]: [18:50:35][STATE] BINDING ---> BOUND
[9682:internal-dpl-aod-global-analysis-file-sink]: [18:50:35][STATE] BOUND ---> CONNECTING
[9681:internal-dpl-aod-writer]: [18:50:35][STATE] INITIALIZING DEVICE ---> INITIALIZED
[9681:internal-dpl-aod-writer]: [18:50:35][STATE] INITIALIZED ---> BINDING
[9680:multiplicity-table]: [18:50:35][INFO] 
[9680:multiplicity-table]:       ______      _    _______  _________ 
[9680:multiplicity-table]:      / ____/___ _(_)_______   |/  /_  __ \    version 1.9.2
[9680:multiplicity-table]:     / /_  / __ `/ / ___/__  /|_/ /_  / / /    build RELWITHDEBINFO
[9680:multiplicity-table]:    / __/ / /_/ / / /    _  /  / / / /_/ /     https://github.com/FairRootGroup/FairMQ
[9680:multiplicity-table]:   /_/    \__,_/_/_/     /_/  /_/  \___\_\     LGPL-3.0  © 2012-2025 GSI
[9680:multiplicity-table]: 
[9680:multiplicity-table]: [18:50:35][STATE] Starting FairMQ state machine --> IDLE
[9682:internal-dpl-aod-global-analysis-file-sink]: [18:50:35][STATE] CONNECTING ---> DEVICE READY
[9682:internal-dpl-aod-global-analysis-file-sink]: [18:50:35][STATE] DEVICE READY ---> INITIALIZING TASK
[9681:internal-dpl-aod-writer]: [18:50:35][STATE] BINDING ---> BOUND
[9681:internal-dpl-aod-writer]: [18:50:35][STATE] BOUND ---> CONNECTING
[9682:internal-dpl-aod-global-analysis-file-sink]: [18:50:35][STATE] INITIALIZING TASK ---> READY
[9682:internal-dpl-aod-global-analysis-file-sink]: [18:50:35][STATE] READY ---> RUNNING
[9682:internal-dpl-aod-global-analysis-file-sink]: [18:50:35][INFO] fair::mq::Device running...
[9681:internal-dpl-aod-writer]: [18:50:35][STATE] CONNECTING ---> DEVICE READY
[9681:internal-dpl-aod-writer]: [18:50:35][STATE] DEVICE READY ---> INITIALIZING TASK
[9682:internal-dpl-aod-global-analysis-file-sink]: [18:50:35][INFO] LHCPeriod is not available, using current month APR
[9682:internal-dpl-aod-global-analysis-file-sink]: [18:50:35][INFO] Correctly handshaken websocket connection.
[9681:internal-dpl-aod-writer]: [18:50:35][STATE] INITIALIZING TASK ---> READY
[9681:internal-dpl-aod-writer]: [18:50:35][STATE] READY ---> RUNNING
[9681:internal-dpl-aod-writer]: [18:50:35][INFO] fair::mq::Device running...
[9683:internal-dpl-injected-dummy-sink]: [INFO] Instrumenting crash signals
[9681:internal-dpl-aod-writer]: [18:50:35][INFO] LHCPeriod is not available, using current month APR
[9681:internal-dpl-aod-writer]: [18:50:35][INFO] Correctly handshaken websocket connection.
[9679:event-selection-task]: [INFO] Spawing new device event-selection-task in process with pid 9679
[9679:event-selection-task]: [18:50:35][INFO] 
[9679:event-selection-task]:       ______      _    _______  _________ 
[9679:event-selection-task]:      / ____/___ _(_)_______   |/  /_  __ \    version 1.9.2
[9679:event-selection-task]:     / /_  / __ `/ / ___/__  /|_/ /_  / / /    build RELWITHDEBINFO
[9679:event-selection-task]:    / __/ / /_/ / / /    _  /  / / / /_/ /     https://github.com/FairRootGroup/FairMQ
[9679:event-selection-task]:   /_/    \__,_/_/_/     /_/  /_/  \___\_\     LGPL-3.0  © 2012-2025 GSI
[9679:event-selection-task]: 
[9679:event-selection-task]: [18:50:35][STATE] Starting FairMQ state machine --> IDLE
[9679:event-selection-task]: [18:50:35][STATE] IDLE ---> INITIALIZING DEVICE
[9679:event-selection-task]: [18:50:35][INFO] Init CcdApi with UserAgentID: jinhyun-MacBook-Pro-2.local-1743673835-tHbT5f, Host: http://alice-ccdb.cern.ch/, Curl timeouts: upload:20 download:1
[9679:event-selection-task]: [18:50:35][INFO] Init CcdApi with UserAgentID: jinhyun-MacBook-Pro-2.local-1743673835-tHbT5f, Host: http://alice-ccdb.cern.ch, Curl timeouts: upload:20 download:1
[9679:event-selection-task]: [18:50:35][STATE] INITIALIZING DEVICE ---> INITIALIZED
[9679:event-selection-task]: [18:50:35][STATE] INITIALIZED ---> BINDING
[9679:event-selection-task]: [18:50:35][STATE] BINDING ---> BOUND
[9683:internal-dpl-injected-dummy-sink]: [INFO] Spawing new device internal-dpl-injected-dummy-sink in process with pid 9683
[9679:event-selection-task]: [18:50:35][STATE] BOUND ---> CONNECTING
[9679:event-selection-task]: [18:50:35][STATE] CONNECTING ---> DEVICE READY
[9679:event-selection-task]: [18:50:35][STATE] DEVICE READY ---> INITIALIZING TASK
[9683:internal-dpl-injected-dummy-sink]: [18:50:35][INFO] 
[9683:internal-dpl-injected-dummy-sink]:       ______      _    _______  _________ 
[9683:internal-dpl-injected-dummy-sink]:      / ____/___ _(_)_______   |/  /_  __ \    version 1.9.2
[9683:internal-dpl-injected-dummy-sink]:     / /_  / __ `/ / ___/__  /|_/ /_  / / /    build RELWITHDEBINFO
[9683:internal-dpl-injected-dummy-sink]:    / __/ / /_/ / / /    _  /  / / / /_/ /     https://github.com/FairRootGroup/FairMQ
[9683:internal-dpl-injected-dummy-sink]:   /_/    \__,_/_/_/     /_/  /_/  \___\_\     LGPL-3.0  © 2012-2025 GSI
[9683:internal-dpl-injected-dummy-sink]: 
[9683:internal-dpl-injected-dummy-sink]: [18:50:35][STATE] Starting FairMQ state machine --> IDLE
[9679:event-selection-task]: [18:50:35][STATE] INITIALIZING TASK ---> READY
[9679:event-selection-task]: [18:50:35][STATE] READY ---> RUNNING
[9679:event-selection-task]: [18:50:35][INFO] fair::mq::Device running...
[9679:event-selection-task]: [18:50:35][INFO] LHCPeriod is not available, using current month APR
[9679:event-selection-task]: [18:50:35][INFO] Correctly handshaken websocket connection.
[9683:internal-dpl-injected-dummy-sink]: [18:50:35][STATE] IDLE ---> INITIALIZING DEVICE
[9683:internal-dpl-injected-dummy-sink]: [18:50:35][STATE] INITIALIZING DEVICE ---> INITIALIZED
[9683:internal-dpl-injected-dummy-sink]: [18:50:35][STATE] INITIALIZED ---> BINDING
[9683:internal-dpl-injected-dummy-sink]: [18:50:35][STATE] BINDING ---> BOUND
[9683:internal-dpl-injected-dummy-sink]: [18:50:35][STATE] BOUND ---> CONNECTING
[9683:internal-dpl-injected-dummy-sink]: [18:50:35][STATE] CONNECTING ---> DEVICE READY
[9683:internal-dpl-injected-dummy-sink]: [18:50:35][STATE] DEVICE READY ---> INITIALIZING TASK
[9683:internal-dpl-injected-dummy-sink]: [18:50:35][STATE] INITIALIZING TASK ---> READY
[9683:internal-dpl-injected-dummy-sink]: [18:50:35][STATE] READY ---> RUNNING
[9683:internal-dpl-injected-dummy-sink]: [18:50:35][INFO] fair::mq::Device running...
[9683:internal-dpl-injected-dummy-sink]: [18:50:35][INFO] LHCPeriod is not available, using current month APR
[9683:internal-dpl-injected-dummy-sink]: [18:50:35][INFO] Correctly handshaken websocket connection.
[9667:internal-dpl-aod-reader]: [18:50:36][STATE] INITIALIZING DEVICE ---> INITIALIZED
[9667:internal-dpl-aod-reader]: [18:50:36][STATE] INITIALIZED ---> BINDING
[9667:internal-dpl-aod-reader]: [18:50:36][STATE] BINDING ---> BOUND
[9667:internal-dpl-aod-reader]: [18:50:36][STATE] BOUND ---> CONNECTING
[9667:internal-dpl-aod-reader]: [18:50:36][STATE] CONNECTING ---> DEVICE READY
[9667:internal-dpl-aod-reader]: [18:50:36][STATE] DEVICE READY ---> INITIALIZING TASK
[9667:internal-dpl-aod-reader]: [18:50:36][STATE] INITIALIZING TASK ---> READY
[9667:internal-dpl-aod-reader]: [18:50:36][STATE] READY ---> RUNNING
[9667:internal-dpl-aod-reader]: [18:50:36][INFO] fair::mq::Device running...
[9667:internal-dpl-aod-reader]: [18:50:36][INFO] LHCPeriod is not available, using current month APR
[INFO] Controller for internal-dpl-aod-reader now available.
[9667:internal-dpl-aod-reader]: [18:50:36][INFO] Correctly handshaken websocket connection.
[9680:multiplicity-table]: Warning in <TDatabasePDG::AddParticle>: Particle with PDGcode=1000030040 already defined
[9680:multiplicity-table]: [18:50:36][STATE] IDLE ---> INITIALIZING DEVICE
[9671:timestamp-task]: [18:50:36][INFO] From metadata this data is from Run 2
[9671:timestamp-task]: [18:50:36][INFO] From metadata this data is from Data
[9671:timestamp-task]: [18:50:36][STATE] INITIALIZING DEVICE ---> INITIALIZED
[9671:timestamp-task]: [18:50:36][STATE] INITIALIZED ---> BINDING
[9671:timestamp-task]: [18:50:36][STATE] BINDING ---> BOUND
[9671:timestamp-task]: [18:50:36][STATE] BOUND ---> CONNECTING
[9671:timestamp-task]: [18:50:36][STATE] CONNECTING ---> DEVICE READY
[9671:timestamp-task]: [18:50:36][STATE] DEVICE READY ---> INITIALIZING TASK
[9671:timestamp-task]: [18:50:36][STATE] INITIALIZING TASK ---> READY
[9671:timestamp-task]: [18:50:36][STATE] READY ---> RUNNING
[9671:timestamp-task]: [18:50:36][INFO] fair::mq::Device running...
[9671:timestamp-task]: [18:50:36][INFO] LHCPeriod is not available, using current month APR
[9671:timestamp-task]: [18:50:36][INFO] Correctly handshaken websocket connection.
[9680:multiplicity-table]: [18:50:36][INFO] Init CcdApi with UserAgentID: jinhyun-MacBook-Pro-2.local-1743673836-13Ve8o, Host: http://alice-ccdb.cern.ch/, Curl timeouts: upload:20 download:1
[9680:multiplicity-table]: [18:50:36][INFO] Auto-disabling table: FV0Mults
[9680:multiplicity-table]: [18:50:36][INFO] Auto-disabling table: FT0Mults
[9680:multiplicity-table]: [18:50:36][INFO] Auto-disabling table: FDDMults
[9680:multiplicity-table]: [18:50:36][INFO] Auto-disabling table: ZDCMults
[9680:multiplicity-table]: [18:50:36][INFO] Auto-disabling table: TrackletMults
[9680:multiplicity-table]: [18:50:36][INFO] Auto-disabling table: TPCMults
[9680:multiplicity-table]: [18:50:36][INFO] Auto-disabling table: PVMults
[9680:multiplicity-table]: [18:50:36][INFO] Auto-disabling table: MultsExtra
[9680:multiplicity-table]: [18:50:36][INFO] Auto-disabling table: MultSelections
[9680:multiplicity-table]: [18:50:36][INFO] Auto-disabling table: FV0MultZeqs
[9680:multiplicity-table]: [18:50:36][INFO] Auto-disabling table: FT0MultZeqs
[9680:multiplicity-table]: [18:50:36][INFO] Auto-disabling table: FDDMultZeqs
[9680:multiplicity-table]: [18:50:36][INFO] Auto-disabling table: PVMultZeqs
[9680:multiplicity-table]: [18:50:36][INFO] Auto-disabling table: MultMCExtras
[9680:multiplicity-table]: [18:50:36][INFO] Init CcdApi with UserAgentID: jinhyun-MacBook-Pro-2.local-1743673836-13Ve8o, Host: http://alice-ccdb.cern.ch, Curl timeouts: upload:20 download:1
[9680:multiplicity-table]: [18:50:36][STATE] INITIALIZING DEVICE ---> INITIALIZED
[9680:multiplicity-table]: [18:50:36][STATE] INITIALIZED ---> BINDING
[9680:multiplicity-table]: [18:50:36][STATE] BINDING ---> BOUND
[9680:multiplicity-table]: [18:50:36][STATE] BOUND ---> CONNECTING
[9680:multiplicity-table]: [18:50:36][STATE] CONNECTING ---> DEVICE READY
[9680:multiplicity-table]: [18:50:36][STATE] DEVICE READY ---> INITIALIZING TASK
[9680:multiplicity-table]: [18:50:36][STATE] INITIALIZING TASK ---> READY
[9680:multiplicity-table]: [18:50:36][STATE] READY ---> RUNNING
[9680:multiplicity-table]: [18:50:36][INFO] fair::mq::Device running...
[9680:multiplicity-table]: [18:50:36][INFO] LHCPeriod is not available, using current month APR
[9680:multiplicity-table]: [18:50:36][INFO] Correctly handshaken websocket connection.
[9668:internal-dpl-aod-spawner]: /Users/jinhyunpark/npl/Analysis/ALICE/O2Framework/sw/BUILD/ebe931092991c73b783db87bf10f90696bc78a66/arrow/src_tmp/cpp/src/gandiva/cache.cc:61: Creating gandiva cache with capacity of 5000
[9668:internal-dpl-aod-spawner]: /Users/jinhyunpark/npl/Analysis/ALICE/O2Framework/sw/BUILD/ebe931092991c73b783db87bf10f90696bc78a66/arrow/src_tmp/cpp/src/gandiva/engine.cc:276: Detected CPU Name : apple-m1
[9668:internal-dpl-aod-spawner]: /Users/jinhyunpark/npl/Analysis/ALICE/O2Framework/sw/BUILD/ebe931092991c73b783db87bf10f90696bc78a66/arrow/src_tmp/cpp/src/gandiva/engine.cc:277: Detected CPU Features: []
[9672:printouttable1]: [18:50:36][INFO] Check1 : McCollision global index : 0
[9672:printouttable1]: [18:50:36][INFO] Check1 : McCollision global index : 1
[9672:printouttable1]: [18:50:36][INFO] Check1 : McCollision global index : 2
[9672:printouttable1]: [18:50:36][INFO] Check1 : McCollision global index : 3
[9672:printouttable1]: [18:50:36][INFO] Check1 : McCollision global index : 4
[9672:printouttable1]: [18:50:36][INFO] Check1 : McCollision global index : 5
[9672:printouttable1]: [18:50:36][INFO] Check1 : McCollision global index : 6
[9672:printouttable1]: [18:50:36][INFO] Check1 : McCollision global index : 7
[9672:printouttable1]: [18:50:36][INFO] Check1 : McCollision global index : 8
[9672:printouttable1]: [18:50:36][INFO] Check1 : McCollision global index : 9
[9672:printouttable1]: [18:50:36][INFO] Check1 : McCollision global index : 10
[9672:printouttable1]: [18:50:36][INFO] Check1 : McCollision global index : 11
[9672:printouttable1]: [18:50:36][INFO] Check1 : McCollision global index : 12
[9672:printouttable1]: [18:50:36][INFO] Check1 : McCollision global index : 13
[9672:printouttable1]: [18:50:36][INFO] Check1 : McCollision global index : 14
[9672:printouttable1]: [18:50:36][INFO] Check1 : McCollision global index : 15
[9672:printouttable1]: [18:50:36][INFO] Check1 : McCollision global index : 16
[9672:printouttable1]: [18:50:36][INFO] Check1 : McCollision global index : 17
[9672:printouttable1]: [18:50:36][INFO] Check1 : McCollision global index : 18
[9672:printouttable1]: [18:50:36][INFO] Check1 : McCollision global index : 19
[9672:printouttable1]: [18:50:36][INFO] Check1 : McCollision global index : 20
[9672:printouttable1]: [18:50:36][INFO] Check1 : McCollision global index : 21
[9672:printouttable1]: [18:50:36][INFO] Check1 : McCollision global index : 22
[9672:printouttable1]: [18:50:36][INFO] Check1 : McCollision global index : 23
[9672:printouttable1]: [18:50:36][INFO] Check1 : McCollision global index : 24
[9673:printouttable2]: [18:50:36][INFO] Check2 : McCollision's id via indexing 0
[9673:printouttable2]: [18:50:36][INFO] Check2 : McCollision's id via indexing 1
[9673:printouttable2]: [18:50:36][INFO] Check2 : McCollision's id via indexing 2
[9673:printouttable2]: [18:50:36][INFO] Check2 : McCollision's id via indexing 3
[9673:printouttable2]: [18:50:36][INFO] Check2 : McCollision's id via indexing 4
[9673:printouttable2]: [18:50:36][INFO] Check2 : McCollision's id via indexing 5
[9673:printouttable2]: [18:50:36][INFO] Check2 : McCollision's id via indexing 6
[9673:printouttable2]: [18:50:36][INFO] Check2 : McCollision's id via indexing 7
[9673:printouttable2]: [18:50:36][INFO] Check2 : McCollision's id via indexing 8
[9673:printouttable2]: [18:50:36][INFO] Check2 : McCollision's id via indexing 9
[9673:printouttable2]: [18:50:36][INFO] Check2 : McCollision's id via indexing 10
[9673:printouttable2]: [18:50:36][INFO] Check2 : McCollision's id via indexing 11
[9673:printouttable2]: [18:50:36][INFO] Check2 : McCollision's id via indexing 12
[9673:printouttable2]: [18:50:36][INFO] Check2 : McCollision's id via indexing 13
[9673:printouttable2]: [18:50:36][INFO] Check2 : McCollision's id via indexing 14
[9673:printouttable2]: [18:50:36][INFO] Check2 : McCollision's id via indexing 15
[9673:printouttable2]: [18:50:36][INFO] Check2 : McCollision's id via indexing 16
[9673:printouttable2]: [18:50:36][INFO] Check2 : McCollision's id via indexing 17
[9673:printouttable2]: [18:50:36][INFO] Check2 : McCollision's id via indexing 18
[9673:printouttable2]: [18:50:36][INFO] ! Generated event doesn't have any reconstructed events !
[9673:printouttable2]: [18:50:36][INFO] Check2 : McCollision's id via indexing 20
[9673:printouttable2]: [18:50:36][INFO] Check2 : McCollision's id via indexing 21
[9673:printouttable2]: [18:50:36][INFO] Check2 : McCollision's id via indexing 22
[9673:printouttable2]: [18:50:36][INFO] Check2 : McCollision's id via indexing 23
[9673:printouttable2]: [18:50:36][INFO] Check2 : McCollision's id via indexing 24
[9672:printouttable1]: [18:50:36][INFO] Check1 : McCollision global index : 0
[9672:printouttable1]: [18:50:36][INFO] Check1 : McCollision global index : 1
[9672:printouttable1]: [18:50:36][INFO] Check1 : McCollision global index : 2
[9672:printouttable1]: [18:50:36][INFO] Check1 : McCollision global index : 3
[9672:printouttable1]: [18:50:36][INFO] Check1 : McCollision global index : 4
[9672:printouttable1]: [18:50:36][INFO] Check1 : McCollision global index : 5
[9672:printouttable1]: [18:50:36][INFO] Check1 : McCollision global index : 6
[9672:printouttable1]: [18:50:36][INFO] Check1 : McCollision global index : 7
[9672:printouttable1]: [18:50:36][INFO] Check1 : McCollision global index : 8
[9672:printouttable1]: [18:50:36][INFO] Check1 : McCollision global index : 9
[9672:printouttable1]: [18:50:36][INFO] Check1 : McCollision global index : 10
[9672:printouttable1]: [18:50:36][INFO] Check1 : McCollision global index : 11
[9672:printouttable1]: [18:50:36][INFO] Check1 : McCollision global index : 12
[9672:printouttable1]: [18:50:36][INFO] Check1 : McCollision global index : 13
[9672:printouttable1]: [18:50:36][INFO] Check1 : McCollision global index : 14
[9672:printouttable1]: [18:50:36][INFO] Check1 : McCollision global index : 15
[9672:printouttable1]: [18:50:36][INFO] Check1 : McCollision global index : 16
[9672:printouttable1]: [18:50:36][INFO] Check1 : McCollision global index : 17
[9672:printouttable1]: [18:50:36][INFO] Check1 : McCollision global index : 18
[9672:printouttable1]: [18:50:36][INFO] Check1 : McCollision global index : 19
[9672:printouttable1]: [18:50:36][INFO] Check1 : McCollision global index : 20
[9672:printouttable1]: [18:50:36][INFO] Check1 : McCollision global index : 21
[9672:printouttable1]: [18:50:36][INFO] Check1 : McCollision global index : 22
[9672:printouttable1]: [18:50:36][INFO] Check1 : McCollision global index : 23
[9672:printouttable1]: [18:50:36][INFO] Check1 : McCollision global index : 24
[9673:printouttable2]: [18:50:36][INFO] Check2 : McCollision's id via indexing 0
[9673:printouttable2]: [18:50:36][INFO] Check2 : McCollision's id via indexing 1
[9673:printouttable2]: [18:50:36][INFO] Check2 : McCollision's id via indexing 2
[9673:printouttable2]: [18:50:36][INFO] ! Generated event doesn't have any reconstructed events !
[9673:printouttable2]: [18:50:36][INFO] Check2 : McCollision's id via indexing 4
[9673:printouttable2]: [18:50:36][INFO] Check2 : McCollision's id via indexing 5
[9673:printouttable2]: [18:50:36][INFO] Check2 : McCollision's id via indexing 6
[9673:printouttable2]: [18:50:36][INFO] Check2 : McCollision's id via indexing 7
[9673:printouttable2]: [18:50:36][INFO] Check2 : McCollision's id via indexing 8
[9673:printouttable2]: [18:50:36][INFO] Check2 : McCollision's id via indexing 9
[9673:printouttable2]: [18:50:36][INFO] Check2 : McCollision's id via indexing 10
[9673:printouttable2]: [18:50:36][INFO] Check2 : McCollision's id via indexing 11
[9673:printouttable2]: [18:50:36][INFO] Check2 : McCollision's id via indexing 12
[9673:printouttable2]: [18:50:36][INFO] Check2 : McCollision's id via indexing 13
[9673:printouttable2]: [18:50:36][INFO] Check2 : McCollision's id via indexing 14
[9673:printouttable2]: [18:50:36][INFO] Check2 : McCollision's id via indexing 15
[9673:printouttable2]: [18:50:36][INFO] Check2 : McCollision's id via indexing 16
[9673:printouttable2]: [18:50:36][INFO] Check2 : McCollision's id via indexing 17
[9673:printouttable2]: [18:50:36][INFO] Check2 : McCollision's id via indexing 18
[9673:printouttable2]: [18:50:36][INFO] Check2 : McCollision's id via indexing 19
[9673:printouttable2]: [18:50:36][INFO] Check2 : McCollision's id via indexing 20
[9673:printouttable2]: [18:50:36][INFO] Check2 : McCollision's id via indexing 21
[9673:printouttable2]: [18:50:36][INFO] Check2 : McCollision's id via indexing 22
[9673:printouttable2]: [18:50:36][INFO] Check2 : McCollision's id via indexing 23
[9673:printouttable2]: [18:50:36][INFO] Check2 : McCollision's id via indexing 24
[9675:filltable]: /Users/jinhyunpark/npl/Analysis/ALICE/O2Framework/sw/BUILD/ebe931092991c73b783db87bf10f90696bc78a66/arrow/src_tmp/cpp/src/gandiva/cache.cc:61: Creating gandiva cache with capacity of 5000
[9675:filltable]: /Users/jinhyunpark/npl/Analysis/ALICE/O2Framework/sw/BUILD/ebe931092991c73b783db87bf10f90696bc78a66/arrow/src_tmp/cpp/src/gandiva/engine.cc:276: Detected CPU Name : apple-m1
[9675:filltable]: /Users/jinhyunpark/npl/Analysis/ALICE/O2Framework/sw/BUILD/ebe931092991c73b783db87bf10f90696bc78a66/arrow/src_tmp/cpp/src/gandiva/engine.cc:277: Detected CPU Features: []
[9677:tracks-extra-spawner]: /Users/jinhyunpark/npl/Analysis/ALICE/O2Framework/sw/BUILD/ebe931092991c73b783db87bf10f90696bc78a66/arrow/src_tmp/cpp/src/gandiva/cache.cc:61: Creating gandiva cache with capacity of 5000
[9677:tracks-extra-spawner]: /Users/jinhyunpark/npl/Analysis/ALICE/O2Framework/sw/BUILD/ebe931092991c73b783db87bf10f90696bc78a66/arrow/src_tmp/cpp/src/gandiva/engine.cc:276: Detected CPU Name : apple-m1
[9677:tracks-extra-spawner]: /Users/jinhyunpark/npl/Analysis/ALICE/O2Framework/sw/BUILD/ebe931092991c73b783db87bf10f90696bc78a66/arrow/src_tmp/cpp/src/gandiva/engine.cc:277: Detected CPU Features: []
[9672:printouttable1]: [18:50:37][INFO] Check1 : McCollision global index : 0
[9672:printouttable1]: [18:50:37][INFO] Check1 : McCollision global index : 1
[9672:printouttable1]: [18:50:37][INFO] Check1 : McCollision global index : 2
[9672:printouttable1]: [18:50:37][INFO] Check1 : McCollision global index : 3
[9672:printouttable1]: [18:50:37][INFO] Check1 : McCollision global index : 4
[9672:printouttable1]: [18:50:37][INFO] Check1 : McCollision global index : 5
[9672:printouttable1]: [18:50:37][INFO] Check1 : McCollision global index : 6
[9672:printouttable1]: [18:50:37][INFO] Check1 : McCollision global index : 7
[9672:printouttable1]: [18:50:37][INFO] Check1 : McCollision global index : 8
[9672:printouttable1]: [18:50:37][INFO] Check1 : McCollision global index : 9
[9672:printouttable1]: [18:50:37][INFO] Check1 : McCollision global index : 10
[9672:printouttable1]: [18:50:37][INFO] Check1 : McCollision global index : 11
[9672:printouttable1]: [18:50:37][INFO] Check1 : McCollision global index : 12
[9672:printouttable1]: [18:50:37][INFO] Check1 : McCollision global index : 13
[9672:printouttable1]: [18:50:37][INFO] Check1 : McCollision global index : 14
[9672:printouttable1]: [18:50:37][INFO] Check1 : McCollision global index : 15
[9672:printouttable1]: [18:50:37][INFO] Check1 : McCollision global index : 16
[9672:printouttable1]: [18:50:37][INFO] Check1 : McCollision global index : 17
[9672:printouttable1]: [18:50:37][INFO] Check1 : McCollision global index : 18
[9672:printouttable1]: [18:50:37][INFO] Check1 : McCollision global index : 19
[9672:printouttable1]: [18:50:37][INFO] Check1 : McCollision global index : 20
[9672:printouttable1]: [18:50:37][INFO] Check1 : McCollision global index : 21
[9672:printouttable1]: [18:50:37][INFO] Check1 : McCollision global index : 22
[9672:printouttable1]: [18:50:37][INFO] Check1 : McCollision global index : 23
[9672:printouttable1]: [18:50:37][INFO] Check1 : McCollision global index : 24
[9673:printouttable2]: [18:50:37][INFO] Check2 : McCollision's id via indexing 0
[9673:printouttable2]: [18:50:37][INFO] Check2 : McCollision's id via indexing 1
[9673:printouttable2]: [18:50:37][INFO] Check2 : McCollision's id via indexing 2
[9673:printouttable2]: [18:50:37][INFO] Check2 : McCollision's id via indexing 3
[9673:printouttable2]: [18:50:37][INFO] Check2 : McCollision's id via indexing 4
[9673:printouttable2]: [18:50:37][INFO] ! Generated event doesn't have any reconstructed events !
[9673:printouttable2]: [18:50:37][INFO] Check2 : McCollision's id via indexing 6
[9673:printouttable2]: [18:50:37][INFO] Check2 : McCollision's id via indexing 7
[9673:printouttable2]: [18:50:37][INFO] ! Generated event doesn't have any reconstructed events !
[9673:printouttable2]: [18:50:37][INFO] Check2 : McCollision's id via indexing 9
[9673:printouttable2]: [18:50:37][INFO] Check2 : McCollision's id via indexing 9
[9673:printouttable2]: [18:50:37][INFO] Check2 : McCollision's id via indexing 10
[9673:printouttable2]: [18:50:37][INFO] Check2 : McCollision's id via indexing 11
[9673:printouttable2]: [18:50:37][INFO] Check2 : McCollision's id via indexing 12
[9673:printouttable2]: [18:50:37][INFO] Check2 : McCollision's id via indexing 13
[9673:printouttable2]: [18:50:37][INFO] Check2 : McCollision's id via indexing 14
[9673:printouttable2]: [18:50:37][INFO] Check2 : McCollision's id via indexing 15
[9673:printouttable2]: [18:50:37][INFO] Check2 : McCollision's id via indexing 16
[9673:printouttable2]: [18:50:37][INFO] Check2 : McCollision's id via indexing 17
[9673:printouttable2]: [18:50:37][INFO] ! Generated event doesn't have any reconstructed events !
[9673:printouttable2]: [18:50:37][INFO] Check2 : McCollision's id via indexing 19
[9673:printouttable2]: [18:50:37][INFO] Check2 : McCollision's id via indexing 20
[9673:printouttable2]: [18:50:37][INFO] Check2 : McCollision's id via indexing 21
[9673:printouttable2]: [18:50:37][INFO] Check2 : McCollision's id via indexing 22
[9673:printouttable2]: [18:50:37][INFO] Check2 : McCollision's id via indexing 23
[9673:printouttable2]: [18:50:37][INFO] Check2 : McCollision's id via indexing 24
[9672:printouttable1]: [18:50:37][INFO] Check1 : McCollision global index : 0
[9672:printouttable1]: [18:50:37][INFO] Check1 : McCollision global index : 1
[9672:printouttable1]: [18:50:37][INFO] Check1 : McCollision global index : 2
[9672:printouttable1]: [18:50:37][INFO] Check1 : McCollision global index : 3
[9672:printouttable1]: [18:50:37][INFO] Check1 : McCollision global index : 4
[9672:printouttable1]: [18:50:37][INFO] Check1 : McCollision global index : 5
[9672:printouttable1]: [18:50:37][INFO] Check1 : McCollision global index : 6
[9672:printouttable1]: [18:50:37][INFO] Check1 : McCollision global index : 7
[9672:printouttable1]: [18:50:37][INFO] Check1 : McCollision global index : 8
[9672:printouttable1]: [18:50:37][INFO] Check1 : McCollision global index : 9
[9672:printouttable1]: [18:50:37][INFO] Check1 : McCollision global index : 10
[9672:printouttable1]: [18:50:37][INFO] Check1 : McCollision global index : 11
[9672:printouttable1]: [18:50:37][INFO] Check1 : McCollision global index : 12
[9672:printouttable1]: [18:50:37][INFO] Check1 : McCollision global index : 13
[9672:printouttable1]: [18:50:37][INFO] Check1 : McCollision global index : 14
[9672:printouttable1]: [18:50:37][INFO] Check1 : McCollision global index : 15
[9672:printouttable1]: [18:50:37][INFO] Check1 : McCollision global index : 16
[9672:printouttable1]: [18:50:37][INFO] Check1 : McCollision global index : 17
[9672:printouttable1]: [18:50:37][INFO] Check1 : McCollision global index : 18
[9672:printouttable1]: [18:50:37][INFO] Check1 : McCollision global index : 19
[9672:printouttable1]: [18:50:37][INFO] Check1 : McCollision global index : 20
[9672:printouttable1]: [18:50:37][INFO] Check1 : McCollision global index : 21
[9672:printouttable1]: [18:50:37][INFO] Check1 : McCollision global index : 22
[9672:printouttable1]: [18:50:37][INFO] Check1 : McCollision global index : 23
[9672:printouttable1]: [18:50:37][INFO] Check1 : McCollision global index : 24
[9673:printouttable2]: [18:50:37][INFO] Check2 : McCollision's id via indexing 0
[9673:printouttable2]: [18:50:37][INFO] Check2 : McCollision's id via indexing 1
[9673:printouttable2]: [18:50:37][INFO] Check2 : McCollision's id via indexing 2
[9673:printouttable2]: [18:50:37][INFO] ! Generated event doesn't have any reconstructed events !
[9673:printouttable2]: [18:50:37][INFO] Check2 : McCollision's id via indexing 4
[9673:printouttable2]: [18:50:37][INFO] Check2 : McCollision's id via indexing 4
[9673:printouttable2]: [18:50:37][INFO] Check2 : McCollision's id via indexing 5
[9673:printouttable2]: [18:50:37][INFO] Check2 : McCollision's id via indexing 6
[9673:printouttable2]: [18:50:37][INFO] Check2 : McCollision's id via indexing 7
[9673:printouttable2]: [18:50:37][INFO] Check2 : McCollision's id via indexing 8
[9673:printouttable2]: [18:50:37][INFO] Check2 : McCollision's id via indexing 9
[9673:printouttable2]: [18:50:37][INFO] Check2 : McCollision's id via indexing 9
[9673:printouttable2]: [18:50:37][INFO] Check2 : McCollision's id via indexing 10
[9673:printouttable2]: [18:50:37][INFO] Check2 : McCollision's id via indexing 11
[9673:printouttable2]: [18:50:37][INFO] Check2 : McCollision's id via indexing 12
[9673:printouttable2]: [18:50:37][INFO] Check2 : McCollision's id via indexing 13
[9673:printouttable2]: [18:50:37][INFO] Check2 : McCollision's id via indexing 14
[9673:printouttable2]: [18:50:37][INFO] Check2 : McCollision's id via indexing 15
[9673:printouttable2]: [18:50:37][INFO] ! Generated event doesn't have any reconstructed events !
[9673:printouttable2]: [18:50:37][INFO] Check2 : McCollision's id via indexing 17
[9673:printouttable2]: [18:50:37][INFO] Check2 : McCollision's id via indexing 18
[9673:printouttable2]: [18:50:37][INFO] Check2 : McCollision's id via indexing 19
[9673:printouttable2]: [18:50:37][INFO] Check2 : McCollision's id via indexing 20
[9673:printouttable2]: [18:50:37][INFO] Check2 : McCollision's id via indexing 21
[9673:printouttable2]: [18:50:37][INFO] Check2 : McCollision's id via indexing 22
[9673:printouttable2]: [18:50:37][INFO] Check2 : McCollision's id via indexing 23
[9673:printouttable2]: [18:50:37][INFO] Check2 : McCollision's id via indexing 24
[9672:printouttable1]: [18:50:37][INFO] Check1 : McCollision global index : 0
[9672:printouttable1]: [18:50:37][INFO] Check1 : McCollision global index : 1
[9672:printouttable1]: [18:50:37][INFO] Check1 : McCollision global index : 2
[9672:printouttable1]: [18:50:37][INFO] Check1 : McCollision global index : 3
[9672:printouttable1]: [18:50:37][INFO] Check1 : McCollision global index : 4
[9672:printouttable1]: [18:50:37][INFO] Check1 : McCollision global index : 5
[9672:printouttable1]: [18:50:37][INFO] Check1 : McCollision global index : 6
[9672:printouttable1]: [18:50:37][INFO] Check1 : McCollision global index : 7
[9672:printouttable1]: [18:50:37][INFO] Check1 : McCollision global index : 8
[9672:printouttable1]: [18:50:37][INFO] Check1 : McCollision global index : 9
[9672:printouttable1]: [18:50:37][INFO] Check1 : McCollision global index : 10
[9672:printouttable1]: [18:50:37][INFO] Check1 : McCollision global index : 11
[9672:printouttable1]: [18:50:37][INFO] Check1 : McCollision global index : 12
[9672:printouttable1]: [18:50:37][INFO] Check1 : McCollision global index : 13
[9672:printouttable1]: [18:50:37][INFO] Check1 : McCollision global index : 14
[9672:printouttable1]: [18:50:37][INFO] Check1 : McCollision global index : 15
[9672:printouttable1]: [18:50:37][INFO] Check1 : McCollision global index : 16
[9672:printouttable1]: [18:50:37][INFO] Check1 : McCollision global index : 17
[9672:printouttable1]: [18:50:37][INFO] Check1 : McCollision global index : 18
[9672:printouttable1]: [18:50:37][INFO] Check1 : McCollision global index : 19
[9672:printouttable1]: [18:50:37][INFO] Check1 : McCollision global index : 20
[9672:printouttable1]: [18:50:37][INFO] Check1 : McCollision global index : 21
[9672:printouttable1]: [18:50:37][INFO] Check1 : McCollision global index : 22
[9672:printouttable1]: [18:50:37][INFO] Check1 : McCollision global index : 23
[9672:printouttable1]: [18:50:37][INFO] Check1 : McCollision global index : 24
[9673:printouttable2]: [18:50:37][INFO] Check2 : McCollision's id via indexing 0
[9673:printouttable2]: [18:50:37][INFO] Check2 : McCollision's id via indexing 1
[9673:printouttable2]: [18:50:37][INFO] Check2 : McCollision's id via indexing 2
[9673:printouttable2]: [18:50:37][INFO] Check2 : McCollision's id via indexing 3
[9673:printouttable2]: [18:50:37][INFO] ! Generated event doesn't have any reconstructed events !
[9673:printouttable2]: [18:50:37][INFO] Check2 : McCollision's id via indexing 5
[9673:printouttable2]: [18:50:37][INFO] Check2 : McCollision's id via indexing 6
[9673:printouttable2]: [18:50:37][INFO] Check2 : McCollision's id via indexing 7
[9673:printouttable2]: [18:50:37][INFO] Check2 : McCollision's id via indexing 8
[9673:printouttable2]: [18:50:37][INFO] Check2 : McCollision's id via indexing 9
[9673:printouttable2]: [18:50:37][INFO] Check2 : McCollision's id via indexing 10
[9673:printouttable2]: [18:50:37][INFO] Check2 : McCollision's id via indexing 11
[9673:printouttable2]: [18:50:37][INFO] Check2 : McCollision's id via indexing 12
[9673:printouttable2]: [18:50:37][INFO] ! Generated event doesn't have any reconstructed events !
[9673:printouttable2]: [18:50:37][INFO] Check2 : McCollision's id via indexing 14
[9673:printouttable2]: [18:50:37][INFO] Check2 : McCollision's id via indexing 15
[9673:printouttable2]: [18:50:37][INFO] Check2 : McCollision's id via indexing 16
[9673:printouttable2]: [18:50:37][INFO] Check2 : McCollision's id via indexing 17
[9673:printouttable2]: [18:50:37][INFO] Check2 : McCollision's id via indexing 18
[9673:printouttable2]: [18:50:37][INFO] Check2 : McCollision's id via indexing 19
[9673:printouttable2]: [18:50:37][INFO] Check2 : McCollision's id via indexing 20
[9673:printouttable2]: [18:50:37][INFO] Check2 : McCollision's id via indexing 21
[9673:printouttable2]: [18:50:37][INFO] Check2 : McCollision's id via indexing 22
[9673:printouttable2]: [18:50:37][INFO] Check2 : McCollision's id via indexing 23
[9673:printouttable2]: [18:50:37][INFO] Check2 : McCollision's id via indexing 24
[9672:printouttable1]: [18:50:37][INFO] Check1 : McCollision global index : 0
[9672:printouttable1]: [18:50:37][INFO] Check1 : McCollision global index : 1
[9672:printouttable1]: [18:50:37][INFO] Check1 : McCollision global index : 2
[9672:printouttable1]: [18:50:37][INFO] Check1 : McCollision global index : 3
[9672:printouttable1]: [18:50:37][INFO] Check1 : McCollision global index : 4
[9672:printouttable1]: [18:50:37][INFO] Check1 : McCollision global index : 5
[9672:printouttable1]: [18:50:37][INFO] Check1 : McCollision global index : 6
[9672:printouttable1]: [18:50:37][INFO] Check1 : McCollision global index : 7
[9672:printouttable1]: [18:50:37][INFO] Check1 : McCollision global index : 8
[9672:printouttable1]: [18:50:37][INFO] Check1 : McCollision global index : 9
[9672:printouttable1]: [18:50:37][INFO] Check1 : McCollision global index : 10
[9672:printouttable1]: [18:50:37][INFO] Check1 : McCollision global index : 11
[9672:printouttable1]: [18:50:37][INFO] Check1 : McCollision global index : 12
[9672:printouttable1]: [18:50:37][INFO] Check1 : McCollision global index : 13
[9672:printouttable1]: [18:50:37][INFO] Check1 : McCollision global index : 14
[9672:printouttable1]: [18:50:37][INFO] Check1 : McCollision global index : 15
[9672:printouttable1]: [18:50:37][INFO] Check1 : McCollision global index : 16
[9672:printouttable1]: [18:50:37][INFO] Check1 : McCollision global index : 17
[9672:printouttable1]: [18:50:37][INFO] Check1 : McCollision global index : 18
[9672:printouttable1]: [18:50:37][INFO] Check1 : McCollision global index : 19
[9672:printouttable1]: [18:50:37][INFO] Check1 : McCollision global index : 20
[9672:printouttable1]: [18:50:37][INFO] Check1 : McCollision global index : 21
[9672:printouttable1]: [18:50:37][INFO] Check1 : McCollision global index : 22
[9672:printouttable1]: [18:50:37][INFO] Check1 : McCollision global index : 23
[9672:printouttable1]: [18:50:37][INFO] Check1 : McCollision global index : 24
[9673:printouttable2]: [18:50:37][INFO] Check2 : McCollision's id via indexing 0
[9673:printouttable2]: [18:50:37][INFO] Check2 : McCollision's id via indexing 1
[9673:printouttable2]: [18:50:37][INFO] Check2 : McCollision's id via indexing 2
[9673:printouttable2]: [18:50:37][INFO] Check2 : McCollision's id via indexing 3
[9673:printouttable2]: [18:50:37][INFO] Check2 : McCollision's id via indexing 4
[9673:printouttable2]: [18:50:37][INFO] Check2 : McCollision's id via indexing 5
[9673:printouttable2]: [18:50:37][INFO] Check2 : McCollision's id via indexing 6
[9673:printouttable2]: [18:50:37][INFO] Check2 : McCollision's id via indexing 7
[9673:printouttable2]: [18:50:37][INFO] Check2 : McCollision's id via indexing 8
[9673:printouttable2]: [18:50:37][INFO] Check2 : McCollision's id via indexing 9
[9673:printouttable2]: [18:50:37][INFO] ! Generated event doesn't have any reconstructed events !
[9673:printouttable2]: [18:50:37][INFO] Check2 : McCollision's id via indexing 11
[9673:printouttable2]: [18:50:37][INFO] Check2 : McCollision's id via indexing 12
[9673:printouttable2]: [18:50:37][INFO] Check2 : McCollision's id via indexing 13
[9673:printouttable2]: [18:50:37][INFO] Check2 : McCollision's id via indexing 14
[9673:printouttable2]: [18:50:37][INFO] Check2 : McCollision's id via indexing 15
[9673:printouttable2]: [18:50:37][INFO] Check2 : McCollision's id via indexing 16
[9673:printouttable2]: [18:50:37][INFO] Check2 : McCollision's id via indexing 17
[9673:printouttable2]: [18:50:37][INFO] Check2 : McCollision's id via indexing 18
[9673:printouttable2]: [18:50:37][INFO] Check2 : McCollision's id via indexing 19
[9673:printouttable2]: [18:50:37][INFO] ! Generated event doesn't have any reconstructed events !
[9673:printouttable2]: [18:50:37][INFO] Check2 : McCollision's id via indexing 21
[9673:printouttable2]: [18:50:37][INFO] Check2 : McCollision's id via indexing 22
[9673:printouttable2]: [18:50:37][INFO] Check2 : McCollision's id via indexing 23
[9673:printouttable2]: [18:50:37][INFO] Check2 : McCollision's id via indexing 24
[9672:printouttable1]: [18:50:37][INFO] Check1 : McCollision global index : 0
[9672:printouttable1]: [18:50:37][INFO] Check1 : McCollision global index : 1
[9672:printouttable1]: [18:50:37][INFO] Check1 : McCollision global index : 2
[9672:printouttable1]: [18:50:37][INFO] Check1 : McCollision global index : 3
[9672:printouttable1]: [18:50:37][INFO] Check1 : McCollision global index : 4
[9672:printouttable1]: [18:50:37][INFO] Check1 : McCollision global index : 5
[9672:printouttable1]: [18:50:37][INFO] Check1 : McCollision global index : 6
[9672:printouttable1]: [18:50:37][INFO] Check1 : McCollision global index : 7
[9672:printouttable1]: [18:50:37][INFO] Check1 : McCollision global index : 8
[9672:printouttable1]: [18:50:37][INFO] Check1 : McCollision global index : 9
[9672:printouttable1]: [18:50:37][INFO] Check1 : McCollision global index : 10
[9672:printouttable1]: [18:50:37][INFO] Check1 : McCollision global index : 11
[9672:printouttable1]: [18:50:37][INFO] Check1 : McCollision global index : 12
[9672:printouttable1]: [18:50:37][INFO] Check1 : McCollision global index : 13
[9672:printouttable1]: [18:50:37][INFO] Check1 : McCollision global index : 14
[9672:printouttable1]: [18:50:37][INFO] Check1 : McCollision global index : 15
[9672:printouttable1]: [18:50:37][INFO] Check1 : McCollision global index : 16
[9672:printouttable1]: [18:50:37][INFO] Check1 : McCollision global index : 17
[9672:printouttable1]: [18:50:37][INFO] Check1 : McCollision global index : 18
[9672:printouttable1]: [18:50:37][INFO] Check1 : McCollision global index : 19
[9672:printouttable1]: [18:50:37][INFO] Check1 : McCollision global index : 20
[9672:printouttable1]: [18:50:37][INFO] Check1 : McCollision global index : 21
[9672:printouttable1]: [18:50:37][INFO] Check1 : McCollision global index : 22
[9672:printouttable1]: [18:50:37][INFO] Check1 : McCollision global index : 23
[9672:printouttable1]: [18:50:37][INFO] Check1 : McCollision global index : 24
[9673:printouttable2]: [18:50:37][INFO] Check2 : McCollision's id via indexing 0
[9673:printouttable2]: [18:50:37][INFO] Check2 : McCollision's id via indexing 1
[9673:printouttable2]: [18:50:37][INFO] Check2 : McCollision's id via indexing 2
[9673:printouttable2]: [18:50:37][INFO] Check2 : McCollision's id via indexing 3
[9673:printouttable2]: [18:50:37][INFO] Check2 : McCollision's id via indexing 4
[9673:printouttable2]: [18:50:37][INFO] Check2 : McCollision's id via indexing 5
[9673:printouttable2]: [18:50:37][INFO] Check2 : McCollision's id via indexing 6
[9673:printouttable2]: [18:50:37][INFO] Check2 : McCollision's id via indexing 7
[9673:printouttable2]: [18:50:37][INFO] Check2 : McCollision's id via indexing 8
[9673:printouttable2]: [18:50:37][INFO] Check2 : McCollision's id via indexing 9
[9673:printouttable2]: [18:50:37][INFO] Check2 : McCollision's id via indexing 10
[9673:printouttable2]: [18:50:37][INFO] Check2 : McCollision's id via indexing 11
[9673:printouttable2]: [18:50:37][INFO] Check2 : McCollision's id via indexing 12
[9673:printouttable2]: [18:50:37][INFO] Check2 : McCollision's id via indexing 13
[9673:printouttable2]: [18:50:37][INFO] Check2 : McCollision's id via indexing 14
[9673:printouttable2]: [18:50:37][INFO] Check2 : McCollision's id via indexing 15
[9673:printouttable2]: [18:50:37][INFO] Check2 : McCollision's id via indexing 16
[9673:printouttable2]: [18:50:37][INFO] Check2 : McCollision's id via indexing 17
[9673:printouttable2]: [18:50:37][INFO] Check2 : McCollision's id via indexing 18
[9673:printouttable2]: [18:50:37][INFO] Check2 : McCollision's id via indexing 19
[9673:printouttable2]: [18:50:37][INFO] Check2 : McCollision's id via indexing 20
[9673:printouttable2]: [18:50:37][INFO] Check2 : McCollision's id via indexing 20
[9673:printouttable2]: [18:50:37][INFO] Check2 : McCollision's id via indexing 21
[9673:printouttable2]: [18:50:37][INFO] ! Generated event doesn't have any reconstructed events !
[9673:printouttable2]: [18:50:37][INFO] Check2 : McCollision's id via indexing 23
[9673:printouttable2]: [18:50:37][INFO] Check2 : McCollision's id via indexing 24
[9672:printouttable1]: [18:50:38][INFO] Check1 : McCollision global index : 0
[9672:printouttable1]: [18:50:38][INFO] Check1 : McCollision global index : 1
[9672:printouttable1]: [18:50:38][INFO] Check1 : McCollision global index : 2
[9672:printouttable1]: [18:50:38][INFO] Check1 : McCollision global index : 3
[9672:printouttable1]: [18:50:38][INFO] Check1 : McCollision global index : 4
[9672:printouttable1]: [18:50:38][INFO] Check1 : McCollision global index : 5
[9672:printouttable1]: [18:50:38][INFO] Check1 : McCollision global index : 6
[9672:printouttable1]: [18:50:38][INFO] Check1 : McCollision global index : 7
[9672:printouttable1]: [18:50:38][INFO] Check1 : McCollision global index : 8
[9672:printouttable1]: [18:50:38][INFO] Check1 : McCollision global index : 9
[9672:printouttable1]: [18:50:38][INFO] Check1 : McCollision global index : 10
[9672:printouttable1]: [18:50:38][INFO] Check1 : McCollision global index : 11
[9672:printouttable1]: [18:50:38][INFO] Check1 : McCollision global index : 12
[9672:printouttable1]: [18:50:38][INFO] Check1 : McCollision global index : 13
[9672:printouttable1]: [18:50:38][INFO] Check1 : McCollision global index : 14
[9672:printouttable1]: [18:50:38][INFO] Check1 : McCollision global index : 15
[9672:printouttable1]: [18:50:38][INFO] Check1 : McCollision global index : 16
[9672:printouttable1]: [18:50:38][INFO] Check1 : McCollision global index : 17
[9672:printouttable1]: [18:50:38][INFO] Check1 : McCollision global index : 18
[9672:printouttable1]: [18:50:38][INFO] Check1 : McCollision global index : 19
[9672:printouttable1]: [18:50:38][INFO] Check1 : McCollision global index : 20
[9672:printouttable1]: [18:50:38][INFO] Check1 : McCollision global index : 21
[9672:printouttable1]: [18:50:38][INFO] Check1 : McCollision global index : 22
[9672:printouttable1]: [18:50:38][INFO] Check1 : McCollision global index : 23
[9672:printouttable1]: [18:50:38][INFO] Check1 : McCollision global index : 24
[9673:printouttable2]: [18:50:38][INFO] ! Generated event doesn't have any reconstructed events !
[9673:printouttable2]: [18:50:38][INFO] Check2 : McCollision's id via indexing 1
[9673:printouttable2]: [18:50:38][INFO] Check2 : McCollision's id via indexing 2
[9673:printouttable2]: [18:50:38][INFO] Check2 : McCollision's id via indexing 3
[9673:printouttable2]: [18:50:38][INFO] Check2 : McCollision's id via indexing 4
[9673:printouttable2]: [18:50:38][INFO] Check2 : McCollision's id via indexing 5
[9673:printouttable2]: [18:50:38][INFO] ! Generated event doesn't have any reconstructed events !
[9673:printouttable2]: [18:50:38][INFO] Check2 : McCollision's id via indexing 7
[9673:printouttable2]: [18:50:38][INFO] Check2 : McCollision's id via indexing 8
[9673:printouttable2]: [18:50:38][INFO] Check2 : McCollision's id via indexing 9
[9673:printouttable2]: [18:50:38][INFO] Check2 : McCollision's id via indexing 10
[9673:printouttable2]: [18:50:38][INFO] Check2 : McCollision's id via indexing 11
[9673:printouttable2]: [18:50:38][INFO] Check2 : McCollision's id via indexing 12
[9673:printouttable2]: [18:50:38][INFO] Check2 : McCollision's id via indexing 13
[9673:printouttable2]: [18:50:38][INFO] Check2 : McCollision's id via indexing 14
[9673:printouttable2]: [18:50:38][INFO] Check2 : McCollision's id via indexing 15
[9673:printouttable2]: [18:50:38][INFO] Check2 : McCollision's id via indexing 16
[9673:printouttable2]: [18:50:38][INFO] Check2 : McCollision's id via indexing 17
[9673:printouttable2]: [18:50:38][INFO] Check2 : McCollision's id via indexing 18
[9673:printouttable2]: [18:50:38][INFO] Check2 : McCollision's id via indexing 19
[9673:printouttable2]: [18:50:38][INFO] Check2 : McCollision's id via indexing 20
[9673:printouttable2]: [18:50:38][INFO] Check2 : McCollision's id via indexing 21
[9673:printouttable2]: [18:50:38][INFO] Check2 : McCollision's id via indexing 22
[9673:printouttable2]: [18:50:38][INFO] Check2 : McCollision's id via indexing 23
[9673:printouttable2]: [18:50:38][INFO] Check2 : McCollision's id via indexing 24
[9672:printouttable1]: [18:50:38][INFO] Check1 : McCollision global index : 0
[9672:printouttable1]: [18:50:38][INFO] Check1 : McCollision global index : 1
[9672:printouttable1]: [18:50:38][INFO] Check1 : McCollision global index : 2
[9672:printouttable1]: [18:50:38][INFO] Check1 : McCollision global index : 3
[9672:printouttable1]: [18:50:38][INFO] Check1 : McCollision global index : 4
[9672:printouttable1]: [18:50:38][INFO] Check1 : McCollision global index : 5
[9672:printouttable1]: [18:50:38][INFO] Check1 : McCollision global index : 6
[9672:printouttable1]: [18:50:38][INFO] Check1 : McCollision global index : 7
[9672:printouttable1]: [18:50:38][INFO] Check1 : McCollision global index : 8
[9672:printouttable1]: [18:50:38][INFO] Check1 : McCollision global index : 9
[9672:printouttable1]: [18:50:38][INFO] Check1 : McCollision global index : 10
[9672:printouttable1]: [18:50:38][INFO] Check1 : McCollision global index : 11
[9672:printouttable1]: [18:50:38][INFO] Check1 : McCollision global index : 12
[9672:printouttable1]: [18:50:38][INFO] Check1 : McCollision global index : 13
[9672:printouttable1]: [18:50:38][INFO] Check1 : McCollision global index : 14
[9672:printouttable1]: [18:50:38][INFO] Check1 : McCollision global index : 15
[9672:printouttable1]: [18:50:38][INFO] Check1 : McCollision global index : 16
[9672:printouttable1]: [18:50:38][INFO] Check1 : McCollision global index : 17
[9672:printouttable1]: [18:50:38][INFO] Check1 : McCollision global index : 18
[9672:printouttable1]: [18:50:38][INFO] Check1 : McCollision global index : 19
[9672:printouttable1]: [18:50:38][INFO] Check1 : McCollision global index : 20
[9672:printouttable1]: [18:50:38][INFO] Check1 : McCollision global index : 21
[9672:printouttable1]: [18:50:38][INFO] Check1 : McCollision global index : 22
[9672:printouttable1]: [18:50:38][INFO] Check1 : McCollision global index : 23
[9672:printouttable1]: [18:50:38][INFO] Check1 : McCollision global index : 24
[9673:printouttable2]: [18:50:38][INFO] Check2 : McCollision's id via indexing 0
[9673:printouttable2]: [18:50:38][INFO] Check2 : McCollision's id via indexing 1
[9673:printouttable2]: [18:50:38][INFO] Check2 : McCollision's id via indexing 2
[9673:printouttable2]: [18:50:38][INFO] Check2 : McCollision's id via indexing 3
[9673:printouttable2]: [18:50:38][INFO] ! Generated event doesn't have any reconstructed events !
[9673:printouttable2]: [18:50:38][INFO] Check2 : McCollision's id via indexing 5
[9673:printouttable2]: [18:50:38][INFO] Check2 : McCollision's id via indexing 6
[9673:printouttable2]: [18:50:38][INFO] Check2 : McCollision's id via indexing 7
[9673:printouttable2]: [18:50:38][INFO] ! Generated event doesn't have any reconstructed events !
[9673:printouttable2]: [18:50:38][INFO] Check2 : McCollision's id via indexing 9
[9673:printouttable2]: [18:50:38][INFO] Check2 : McCollision's id via indexing 10
[9673:printouttable2]: [18:50:38][INFO] Check2 : McCollision's id via indexing 10
[9673:printouttable2]: [18:50:38][INFO] Check2 : McCollision's id via indexing 11
[9673:printouttable2]: [18:50:38][INFO] Check2 : McCollision's id via indexing 12
[9673:printouttable2]: [18:50:38][INFO] Check2 : McCollision's id via indexing 13
[9673:printouttable2]: [18:50:38][INFO] Check2 : McCollision's id via indexing 14
[9673:printouttable2]: [18:50:38][INFO] Check2 : McCollision's id via indexing 15
[9673:printouttable2]: [18:50:38][INFO] Check2 : McCollision's id via indexing 16
[9673:printouttable2]: [18:50:38][INFO] Check2 : McCollision's id via indexing 17
[9673:printouttable2]: [18:50:38][INFO] Check2 : McCollision's id via indexing 18
[9673:printouttable2]: [18:50:38][INFO] Check2 : McCollision's id via indexing 19
[9673:printouttable2]: [18:50:38][INFO] Check2 : McCollision's id via indexing 20
[9673:printouttable2]: [18:50:38][INFO] Check2 : McCollision's id via indexing 21
[9673:printouttable2]: [18:50:38][INFO] Check2 : McCollision's id via indexing 22
[9673:printouttable2]: [18:50:38][INFO] Check2 : McCollision's id via indexing 23
[9673:printouttable2]: [18:50:38][INFO] Check2 : McCollision's id via indexing 24
[9672:printouttable1]: [18:50:38][INFO] Check1 : McCollision global index : 0
[9672:printouttable1]: [18:50:38][INFO] Check1 : McCollision global index : 1
[9672:printouttable1]: [18:50:38][INFO] Check1 : McCollision global index : 2
[9672:printouttable1]: [18:50:38][INFO] Check1 : McCollision global index : 3
[9672:printouttable1]: [18:50:38][INFO] Check1 : McCollision global index : 4
[9672:printouttable1]: [18:50:38][INFO] Check1 : McCollision global index : 5
[9672:printouttable1]: [18:50:38][INFO] Check1 : McCollision global index : 6
[9672:printouttable1]: [18:50:38][INFO] Check1 : McCollision global index : 7
[9672:printouttable1]: [18:50:38][INFO] Check1 : McCollision global index : 8
[9672:printouttable1]: [18:50:38][INFO] Check1 : McCollision global index : 9
[9672:printouttable1]: [18:50:38][INFO] Check1 : McCollision global index : 10
[9672:printouttable1]: [18:50:38][INFO] Check1 : McCollision global index : 11
[9672:printouttable1]: [18:50:38][INFO] Check1 : McCollision global index : 12
[9672:printouttable1]: [18:50:38][INFO] Check1 : McCollision global index : 13
[9672:printouttable1]: [18:50:38][INFO] Check1 : McCollision global index : 14
[9672:printouttable1]: [18:50:38][INFO] Check1 : McCollision global index : 15
[9672:printouttable1]: [18:50:38][INFO] Check1 : McCollision global index : 16
[9672:printouttable1]: [18:50:38][INFO] Check1 : McCollision global index : 17
[9672:printouttable1]: [18:50:38][INFO] Check1 : McCollision global index : 18
[9672:printouttable1]: [18:50:38][INFO] Check1 : McCollision global index : 19
[9672:printouttable1]: [18:50:38][INFO] Check1 : McCollision global index : 20
[9672:printouttable1]: [18:50:38][INFO] Check1 : McCollision global index : 21
[9672:printouttable1]: [18:50:38][INFO] Check1 : McCollision global index : 22
[9672:printouttable1]: [18:50:38][INFO] Check1 : McCollision global index : 23
[9672:printouttable1]: [18:50:38][INFO] Check1 : McCollision global index : 24
[9673:printouttable2]: [18:50:38][INFO] Check2 : McCollision's id via indexing 0
[9673:printouttable2]: [18:50:38][INFO] Check2 : McCollision's id via indexing 1
[9673:printouttable2]: [18:50:38][INFO] Check2 : McCollision's id via indexing 2
[9673:printouttable2]: [18:50:38][INFO] Check2 : McCollision's id via indexing 3
[9673:printouttable2]: [18:50:38][INFO] Check2 : McCollision's id via indexing 4
[9673:printouttable2]: [18:50:38][INFO] ! Generated event doesn't have any reconstructed events !
[9673:printouttable2]: [18:50:38][INFO] ! Generated event doesn't have any reconstructed events !
[9673:printouttable2]: [18:50:38][INFO] Check2 : McCollision's id via indexing 7
[9673:printouttable2]: [18:50:38][INFO] Check2 : McCollision's id via indexing 8
[9673:printouttable2]: [18:50:38][INFO] Check2 : McCollision's id via indexing 9
[9673:printouttable2]: [18:50:38][INFO] Check2 : McCollision's id via indexing 10
[9673:printouttable2]: [18:50:38][INFO] Check2 : McCollision's id via indexing 11
[9673:printouttable2]: [18:50:38][INFO] Check2 : McCollision's id via indexing 12
[9673:printouttable2]: [18:50:38][INFO] Check2 : McCollision's id via indexing 13
[9673:printouttable2]: [18:50:38][INFO] ! Generated event doesn't have any reconstructed events !
[9673:printouttable2]: [18:50:38][INFO] Check2 : McCollision's id via indexing 15
[9673:printouttable2]: [18:50:38][INFO] Check2 : McCollision's id via indexing 16
[9673:printouttable2]: [18:50:38][INFO] Check2 : McCollision's id via indexing 17
[9673:printouttable2]: [18:50:38][INFO] Check2 : McCollision's id via indexing 18
[9673:printouttable2]: [18:50:38][INFO] Check2 : McCollision's id via indexing 19
[9673:printouttable2]: [18:50:38][INFO] Check2 : McCollision's id via indexing 20
[9673:printouttable2]: [18:50:38][INFO] Check2 : McCollision's id via indexing 21
[9673:printouttable2]: [18:50:38][INFO] Check2 : McCollision's id via indexing 21
[9673:printouttable2]: [18:50:38][INFO] Check2 : McCollision's id via indexing 22
[9673:printouttable2]: [18:50:38][INFO] Check2 : McCollision's id via indexing 23
[9673:printouttable2]: [18:50:38][INFO] Check2 : McCollision's id via indexing 24
[9672:printouttable1]: [18:50:38][INFO] Check1 : McCollision global index : 0
[9672:printouttable1]: [18:50:38][INFO] Check1 : McCollision global index : 1
[9672:printouttable1]: [18:50:38][INFO] Check1 : McCollision global index : 2
[9672:printouttable1]: [18:50:38][INFO] Check1 : McCollision global index : 3
[9672:printouttable1]: [18:50:38][INFO] Check1 : McCollision global index : 4
[9672:printouttable1]: [18:50:38][INFO] Check1 : McCollision global index : 5
[9672:printouttable1]: [18:50:38][INFO] Check1 : McCollision global index : 6
[9672:printouttable1]: [18:50:38][INFO] Check1 : McCollision global index : 7
[9672:printouttable1]: [18:50:38][INFO] Check1 : McCollision global index : 8
[9672:printouttable1]: [18:50:38][INFO] Check1 : McCollision global index : 9
[9672:printouttable1]: [18:50:38][INFO] Check1 : McCollision global index : 10
[9672:printouttable1]: [18:50:38][INFO] Check1 : McCollision global index : 11
[9672:printouttable1]: [18:50:38][INFO] Check1 : McCollision global index : 12
[9672:printouttable1]: [18:50:38][INFO] Check1 : McCollision global index : 13
[9672:printouttable1]: [18:50:38][INFO] Check1 : McCollision global index : 14
[9672:printouttable1]: [18:50:38][INFO] Check1 : McCollision global index : 15
[9672:printouttable1]: [18:50:38][INFO] Check1 : McCollision global index : 16
[9672:printouttable1]: [18:50:38][INFO] Check1 : McCollision global index : 17
[9672:printouttable1]: [18:50:38][INFO] Check1 : McCollision global index : 18
[9672:printouttable1]: [18:50:38][INFO] Check1 : McCollision global index : 19
[9672:printouttable1]: [18:50:38][INFO] Check1 : McCollision global index : 20
[9672:printouttable1]: [18:50:38][INFO] Check1 : McCollision global index : 21
[9672:printouttable1]: [18:50:38][INFO] Check1 : McCollision global index : 22
[9672:printouttable1]: [18:50:38][INFO] Check1 : McCollision global index : 23
[9672:printouttable1]: [18:50:38][INFO] Check1 : McCollision global index : 24
[9673:printouttable2]: [18:50:38][INFO] Check2 : McCollision's id via indexing 0
[9673:printouttable2]: [18:50:38][INFO] Check2 : McCollision's id via indexing 1
[9673:printouttable2]: [18:50:38][INFO] ! Generated event doesn't have any reconstructed events !
[9673:printouttable2]: [18:50:38][INFO] Check2 : McCollision's id via indexing 3
[9673:printouttable2]: [18:50:38][INFO] Check2 : McCollision's id via indexing 4
[9673:printouttable2]: [18:50:38][INFO] Check2 : McCollision's id via indexing 5
[9673:printouttable2]: [18:50:38][INFO] Check2 : McCollision's id via indexing 6
[9673:printouttable2]: [18:50:38][INFO] ! Generated event doesn't have any reconstructed events !
[9673:printouttable2]: [18:50:38][INFO] Check2 : McCollision's id via indexing 8
[9673:printouttable2]: [18:50:38][INFO] Check2 : McCollision's id via indexing 9
[9673:printouttable2]: [18:50:38][INFO] Check2 : McCollision's id via indexing 10
[9673:printouttable2]: [18:50:38][INFO] Check2 : McCollision's id via indexing 11
[9673:printouttable2]: [18:50:38][INFO] Check2 : McCollision's id via indexing 12
[9673:printouttable2]: [18:50:38][INFO] Check2 : McCollision's id via indexing 13
[9673:printouttable2]: [18:50:38][INFO] Check2 : McCollision's id via indexing 14
[9673:printouttable2]: [18:50:38][INFO] Check2 : McCollision's id via indexing 15
[9673:printouttable2]: [18:50:38][INFO] Check2 : McCollision's id via indexing 16
[9673:printouttable2]: [18:50:38][INFO] Check2 : McCollision's id via indexing 17
[9673:printouttable2]: [18:50:38][INFO] Check2 : McCollision's id via indexing 18
[9673:printouttable2]: [18:50:38][INFO] Check2 : McCollision's id via indexing 19
[9673:printouttable2]: [18:50:38][INFO] Check2 : McCollision's id via indexing 20
[9673:printouttable2]: [18:50:38][INFO] Check2 : McCollision's id via indexing 21
[9673:printouttable2]: [18:50:38][INFO] Check2 : McCollision's id via indexing 22
[9673:printouttable2]: [18:50:38][INFO] Check2 : McCollision's id via indexing 23
[9673:printouttable2]: [18:50:38][INFO] Check2 : McCollision's id via indexing 24
[9672:printouttable1]: [18:50:39][INFO] Check1 : McCollision global index : 0
[9672:printouttable1]: [18:50:39][INFO] Check1 : McCollision global index : 1
[9672:printouttable1]: [18:50:39][INFO] Check1 : McCollision global index : 2
[9672:printouttable1]: [18:50:39][INFO] Check1 : McCollision global index : 3
[9672:printouttable1]: [18:50:39][INFO] Check1 : McCollision global index : 4
[9672:printouttable1]: [18:50:39][INFO] Check1 : McCollision global index : 5
[9672:printouttable1]: [18:50:39][INFO] Check1 : McCollision global index : 6
[9672:printouttable1]: [18:50:39][INFO] Check1 : McCollision global index : 7
[9672:printouttable1]: [18:50:39][INFO] Check1 : McCollision global index : 8
[9672:printouttable1]: [18:50:39][INFO] Check1 : McCollision global index : 9
[9672:printouttable1]: [18:50:39][INFO] Check1 : McCollision global index : 10
[9672:printouttable1]: [18:50:39][INFO] Check1 : McCollision global index : 11
[9672:printouttable1]: [18:50:39][INFO] Check1 : McCollision global index : 12
[9672:printouttable1]: [18:50:39][INFO] Check1 : McCollision global index : 13
[9672:printouttable1]: [18:50:39][INFO] Check1 : McCollision global index : 14
[9672:printouttable1]: [18:50:39][INFO] Check1 : McCollision global index : 15
[9672:printouttable1]: [18:50:39][INFO] Check1 : McCollision global index : 16
[9672:printouttable1]: [18:50:39][INFO] Check1 : McCollision global index : 17
[9672:printouttable1]: [18:50:39][INFO] Check1 : McCollision global index : 18
[9672:printouttable1]: [18:50:39][INFO] Check1 : McCollision global index : 19
[9672:printouttable1]: [18:50:39][INFO] Check1 : McCollision global index : 20
[9672:printouttable1]: [18:50:39][INFO] Check1 : McCollision global index : 21
[9672:printouttable1]: [18:50:39][INFO] Check1 : McCollision global index : 22
[9672:printouttable1]: [18:50:39][INFO] Check1 : McCollision global index : 23
[9672:printouttable1]: [18:50:39][INFO] Check1 : McCollision global index : 24
[9673:printouttable2]: [18:50:39][INFO] Check2 : McCollision's id via indexing 0
[9673:printouttable2]: [18:50:39][INFO] Check2 : McCollision's id via indexing 1
[9673:printouttable2]: [18:50:39][INFO] Check2 : McCollision's id via indexing 2
[9673:printouttable2]: [18:50:39][INFO] Check2 : McCollision's id via indexing 3
[9673:printouttable2]: [18:50:39][INFO] Check2 : McCollision's id via indexing 4
[9673:printouttable2]: [18:50:39][INFO] Check2 : McCollision's id via indexing 5
[9673:printouttable2]: [18:50:39][INFO] Check2 : McCollision's id via indexing 6
[9673:printouttable2]: [18:50:39][INFO] Check2 : McCollision's id via indexing 7
[9673:printouttable2]: [18:50:39][INFO] Check2 : McCollision's id via indexing 8
[9673:printouttable2]: [18:50:39][INFO] Check2 : McCollision's id via indexing 9
[9673:printouttable2]: [18:50:39][INFO] Check2 : McCollision's id via indexing 10
[9673:printouttable2]: [18:50:39][INFO] Check2 : McCollision's id via indexing 11
[9673:printouttable2]: [18:50:39][INFO] Check2 : McCollision's id via indexing 12
[9673:printouttable2]: [18:50:39][INFO] Check2 : McCollision's id via indexing 13
[9673:printouttable2]: [18:50:39][INFO] Check2 : McCollision's id via indexing 14
[9673:printouttable2]: [18:50:39][INFO] Check2 : McCollision's id via indexing 15
[9673:printouttable2]: [18:50:39][INFO] Check2 : McCollision's id via indexing 16
[9673:printouttable2]: [18:50:39][INFO] Check2 : McCollision's id via indexing 17
[9673:printouttable2]: [18:50:39][INFO] Check2 : McCollision's id via indexing 18
[9673:printouttable2]: [18:50:39][INFO] Check2 : McCollision's id via indexing 19
[9673:printouttable2]: [18:50:39][INFO] ! Generated event doesn't have any reconstructed events !
[9673:printouttable2]: [18:50:39][INFO] Check2 : McCollision's id via indexing 21
[9673:printouttable2]: [18:50:39][INFO] Check2 : McCollision's id via indexing 22
[9673:printouttable2]: [18:50:39][INFO] Check2 : McCollision's id via indexing 23
[9673:printouttable2]: [18:50:39][INFO] Check2 : McCollision's id via indexing 24
[9672:printouttable1]: [18:50:39][INFO] Check1 : McCollision global index : 0
[9672:printouttable1]: [18:50:39][INFO] Check1 : McCollision global index : 1
[9672:printouttable1]: [18:50:39][INFO] Check1 : McCollision global index : 2
[9672:printouttable1]: [18:50:39][INFO] Check1 : McCollision global index : 3
[9672:printouttable1]: [18:50:39][INFO] Check1 : McCollision global index : 4
[9672:printouttable1]: [18:50:39][INFO] Check1 : McCollision global index : 5
[9672:printouttable1]: [18:50:39][INFO] Check1 : McCollision global index : 6
[9672:printouttable1]: [18:50:39][INFO] Check1 : McCollision global index : 7
[9672:printouttable1]: [18:50:39][INFO] Check1 : McCollision global index : 8
[9672:printouttable1]: [18:50:39][INFO] Check1 : McCollision global index : 9
[9672:printouttable1]: [18:50:39][INFO] Check1 : McCollision global index : 10
[9672:printouttable1]: [18:50:39][INFO] Check1 : McCollision global index : 11
[9672:printouttable1]: [18:50:39][INFO] Check1 : McCollision global index : 12
[9672:printouttable1]: [18:50:39][INFO] Check1 : McCollision global index : 13
[9672:printouttable1]: [18:50:39][INFO] Check1 : McCollision global index : 14
[9672:printouttable1]: [18:50:39][INFO] Check1 : McCollision global index : 15
[9672:printouttable1]: [18:50:39][INFO] Check1 : McCollision global index : 16
[9672:printouttable1]: [18:50:39][INFO] Check1 : McCollision global index : 17
[9672:printouttable1]: [18:50:39][INFO] Check1 : McCollision global index : 18
[9672:printouttable1]: [18:50:39][INFO] Check1 : McCollision global index : 19
[9672:printouttable1]: [18:50:39][INFO] Check1 : McCollision global index : 20
[9672:printouttable1]: [18:50:39][INFO] Check1 : McCollision global index : 21
[9672:printouttable1]: [18:50:39][INFO] Check1 : McCollision global index : 22
[9672:printouttable1]: [18:50:39][INFO] Check1 : McCollision global index : 23
[9672:printouttable1]: [18:50:39][INFO] Check1 : McCollision global index : 24
[9673:printouttable2]: [18:50:39][INFO] Check2 : McCollision's id via indexing 0
[9673:printouttable2]: [18:50:39][INFO] Check2 : McCollision's id via indexing 1
[9673:printouttable2]: [18:50:39][INFO] Check2 : McCollision's id via indexing 2
[9673:printouttable2]: [18:50:39][INFO] Check2 : McCollision's id via indexing 3
[9673:printouttable2]: [18:50:39][INFO] Check2 : McCollision's id via indexing 4
[9673:printouttable2]: [18:50:39][INFO] Check2 : McCollision's id via indexing 5
[9673:printouttable2]: [18:50:39][INFO] Check2 : McCollision's id via indexing 6
[9673:printouttable2]: [18:50:39][INFO] Check2 : McCollision's id via indexing 7
[9673:printouttable2]: [18:50:39][INFO] Check2 : McCollision's id via indexing 8
[9673:printouttable2]: [18:50:39][INFO] Check2 : McCollision's id via indexing 9
[9673:printouttable2]: [18:50:39][INFO] Check2 : McCollision's id via indexing 10
[9673:printouttable2]: [18:50:39][INFO] Check2 : McCollision's id via indexing 11
[9673:printouttable2]: [18:50:39][INFO] Check2 : McCollision's id via indexing 12
[9673:printouttable2]: [18:50:39][INFO] Check2 : McCollision's id via indexing 13
[9673:printouttable2]: [18:50:39][INFO] Check2 : McCollision's id via indexing 14
[9673:printouttable2]: [18:50:39][INFO] Check2 : McCollision's id via indexing 15
[9673:printouttable2]: [18:50:39][INFO] Check2 : McCollision's id via indexing 16
[9673:printouttable2]: [18:50:39][INFO] Check2 : McCollision's id via indexing 17
[9673:printouttable2]: [18:50:39][INFO] Check2 : McCollision's id via indexing 18
[9673:printouttable2]: [18:50:39][INFO] Check2 : McCollision's id via indexing 19
[9673:printouttable2]: [18:50:39][INFO] Check2 : McCollision's id via indexing 20
[9673:printouttable2]: [18:50:39][INFO] Check2 : McCollision's id via indexing 21
[9673:printouttable2]: [18:50:39][INFO] Check2 : McCollision's id via indexing 22
[9673:printouttable2]: [18:50:39][INFO] Check2 : McCollision's id via indexing 23
[9673:printouttable2]: [18:50:39][INFO] Check2 : McCollision's id via indexing 24
[9672:printouttable1]: [18:50:39][INFO] Check1 : McCollision global index : 0
[9672:printouttable1]: [18:50:39][INFO] Check1 : McCollision global index : 1
[9672:printouttable1]: [18:50:39][INFO] Check1 : McCollision global index : 2
[9672:printouttable1]: [18:50:39][INFO] Check1 : McCollision global index : 3
[9672:printouttable1]: [18:50:39][INFO] Check1 : McCollision global index : 4
[9672:printouttable1]: [18:50:39][INFO] Check1 : McCollision global index : 5
[9672:printouttable1]: [18:50:39][INFO] Check1 : McCollision global index : 6
[9672:printouttable1]: [18:50:39][INFO] Check1 : McCollision global index : 7
[9672:printouttable1]: [18:50:39][INFO] Check1 : McCollision global index : 8
[9672:printouttable1]: [18:50:39][INFO] Check1 : McCollision global index : 9
[9672:printouttable1]: [18:50:39][INFO] Check1 : McCollision global index : 10
[9672:printouttable1]: [18:50:39][INFO] Check1 : McCollision global index : 11
[9672:printouttable1]: [18:50:39][INFO] Check1 : McCollision global index : 12
[9672:printouttable1]: [18:50:39][INFO] Check1 : McCollision global index : 13
[9672:printouttable1]: [18:50:39][INFO] Check1 : McCollision global index : 14
[9672:printouttable1]: [18:50:39][INFO] Check1 : McCollision global index : 15
[9672:printouttable1]: [18:50:39][INFO] Check1 : McCollision global index : 16
[9672:printouttable1]: [18:50:39][INFO] Check1 : McCollision global index : 17
[9672:printouttable1]: [18:50:39][INFO] Check1 : McCollision global index : 18
[9672:printouttable1]: [18:50:39][INFO] Check1 : McCollision global index : 19
[9672:printouttable1]: [18:50:39][INFO] Check1 : McCollision global index : 20
[9672:printouttable1]: [18:50:39][INFO] Check1 : McCollision global index : 21
[9672:printouttable1]: [18:50:39][INFO] Check1 : McCollision global index : 22
[9672:printouttable1]: [18:50:39][INFO] Check1 : McCollision global index : 23
[9672:printouttable1]: [18:50:39][INFO] Check1 : McCollision global index : 24
[9672:printouttable1]: [18:50:39][INFO] Check1 : McCollision global index : 25
[9672:printouttable1]: [18:50:39][INFO] Check1 : McCollision global index : 26
[9672:printouttable1]: [18:50:39][INFO] Check1 : McCollision global index : 27
[9672:printouttable1]: [18:50:39][INFO] Check1 : McCollision global index : 28
[9672:printouttable1]: [18:50:39][INFO] Check1 : McCollision global index : 29
[9672:printouttable1]: [18:50:39][INFO] Check1 : McCollision global index : 30
[9672:printouttable1]: [18:50:39][INFO] Check1 : McCollision global index : 31
[9672:printouttable1]: [18:50:39][INFO] Check1 : McCollision global index : 32
[9672:printouttable1]: [18:50:39][INFO] Check1 : McCollision global index : 33
[9672:printouttable1]: [18:50:39][INFO] Check1 : McCollision global index : 34
[9672:printouttable1]: [18:50:39][INFO] Check1 : McCollision global index : 35
[9672:printouttable1]: [18:50:39][INFO] Check1 : McCollision global index : 36
[9672:printouttable1]: [18:50:39][INFO] Check1 : McCollision global index : 37
[9672:printouttable1]: [18:50:39][INFO] Check1 : McCollision global index : 38
[9672:printouttable1]: [18:50:39][INFO] Check1 : McCollision global index : 39
[9672:printouttable1]: [18:50:39][INFO] Check1 : McCollision global index : 40
[9672:printouttable1]: [18:50:39][INFO] Check1 : McCollision global index : 41
[9672:printouttable1]: [18:50:39][INFO] Check1 : McCollision global index : 42
[9672:printouttable1]: [18:50:39][INFO] Check1 : McCollision global index : 43
[9672:printouttable1]: [18:50:39][INFO] Check1 : McCollision global index : 44
[9672:printouttable1]: [18:50:39][INFO] Check1 : McCollision global index : 45
[9672:printouttable1]: [18:50:39][INFO] Check1 : McCollision global index : 46
[9672:printouttable1]: [18:50:39][INFO] Check1 : McCollision global index : 47
[9672:printouttable1]: [18:50:39][INFO] Check1 : McCollision global index : 48
[9672:printouttable1]: [18:50:39][INFO] Check1 : McCollision global index : 49
[9673:printouttable2]: [18:50:39][INFO] Check2 : McCollision's id via indexing 0
[9673:printouttable2]: [18:50:39][INFO] Check2 : McCollision's id via indexing 1
[9673:printouttable2]: [18:50:39][INFO] Check2 : McCollision's id via indexing 2
[9673:printouttable2]: [18:50:39][INFO] Check2 : McCollision's id via indexing 3
[9673:printouttable2]: [18:50:39][INFO] Check2 : McCollision's id via indexing 4
[9673:printouttable2]: [18:50:39][INFO] Check2 : McCollision's id via indexing 5
[9673:printouttable2]: [18:50:39][INFO] Check2 : McCollision's id via indexing 6
[9673:printouttable2]: [18:50:39][INFO] Check2 : McCollision's id via indexing 7
[9673:printouttable2]: [18:50:39][INFO] Check2 : McCollision's id via indexing 8
[9673:printouttable2]: [18:50:39][INFO] Check2 : McCollision's id via indexing 9
[9673:printouttable2]: [18:50:39][INFO] Check2 : McCollision's id via indexing 10
[9673:printouttable2]: [18:50:39][INFO] Check2 : McCollision's id via indexing 11
[9673:printouttable2]: [18:50:39][INFO] ! Generated event doesn't have any reconstructed events !
[9673:printouttable2]: [18:50:39][INFO] Check2 : McCollision's id via indexing 13
[9673:printouttable2]: [18:50:39][INFO] Check2 : McCollision's id via indexing 14
[9673:printouttable2]: [18:50:39][INFO] Check2 : McCollision's id via indexing 15
[9673:printouttable2]: [18:50:39][INFO] Check2 : McCollision's id via indexing 16
[9673:printouttable2]: [18:50:39][INFO] Check2 : McCollision's id via indexing 17
[9673:printouttable2]: [18:50:39][INFO] ! Generated event doesn't have any reconstructed events !
[9673:printouttable2]: [18:50:39][INFO] Check2 : McCollision's id via indexing 19
[9673:printouttable2]: [18:50:39][INFO] Check2 : McCollision's id via indexing 20
[9673:printouttable2]: [18:50:39][INFO] Check2 : McCollision's id via indexing 21
[9673:printouttable2]: [18:50:39][INFO] Check2 : McCollision's id via indexing 22
[9673:printouttable2]: [18:50:39][INFO] Check2 : McCollision's id via indexing 23
[9673:printouttable2]: [18:50:39][INFO] Check2 : McCollision's id via indexing 24
[9673:printouttable2]: [18:50:39][INFO] Check2 : McCollision's id via indexing 25
[9673:printouttable2]: [18:50:39][INFO] Check2 : McCollision's id via indexing 26
[9673:printouttable2]: [18:50:39][INFO] Check2 : McCollision's id via indexing 27
[9673:printouttable2]: [18:50:39][INFO] Check2 : McCollision's id via indexing 28
[9673:printouttable2]: [18:50:39][INFO] Check2 : McCollision's id via indexing 29
[9673:printouttable2]: [18:50:39][INFO] Check2 : McCollision's id via indexing 30
[9673:printouttable2]: [18:50:39][INFO] Check2 : McCollision's id via indexing 31
[9673:printouttable2]: [18:50:39][INFO] Check2 : McCollision's id via indexing 32
[9673:printouttable2]: [18:50:39][INFO] Check2 : McCollision's id via indexing 33
[9673:printouttable2]: [18:50:39][INFO] Check2 : McCollision's id via indexing 34
[9673:printouttable2]: [18:50:39][INFO] Check2 : McCollision's id via indexing 35
[9673:printouttable2]: [18:50:39][INFO] Check2 : McCollision's id via indexing 36
[9673:printouttable2]: [18:50:39][INFO] Check2 : McCollision's id via indexing 37
[9673:printouttable2]: [18:50:39][INFO] Check2 : McCollision's id via indexing 38
[9673:printouttable2]: [18:50:39][INFO] Check2 : McCollision's id via indexing 39
[9673:printouttable2]: [18:50:39][INFO] Check2 : McCollision's id via indexing 40
[9673:printouttable2]: [18:50:39][INFO] Check2 : McCollision's id via indexing 41
[9673:printouttable2]: [18:50:39][INFO] Check2 : McCollision's id via indexing 42
[9673:printouttable2]: [18:50:39][INFO] Check2 : McCollision's id via indexing 42
[9673:printouttable2]: [18:50:39][INFO] Check2 : McCollision's id via indexing 43
[9673:printouttable2]: [18:50:39][INFO] Check2 : McCollision's id via indexing 44
[9673:printouttable2]: [18:50:39][INFO] Check2 : McCollision's id via indexing 45
[9673:printouttable2]: [18:50:39][INFO] Check2 : McCollision's id via indexing 46
[9673:printouttable2]: [18:50:39][INFO] Check2 : McCollision's id via indexing 47
[9673:printouttable2]: [18:50:39][INFO] Check2 : McCollision's id via indexing 48
[9673:printouttable2]: [18:50:39][INFO] Check2 : McCollision's id via indexing 49
[9672:printouttable1]: [18:50:39][INFO] Check1 : McCollision global index : 0
[9672:printouttable1]: [18:50:39][INFO] Check1 : McCollision global index : 1
[9672:printouttable1]: [18:50:39][INFO] Check1 : McCollision global index : 2
[9672:printouttable1]: [18:50:39][INFO] Check1 : McCollision global index : 3
[9672:printouttable1]: [18:50:39][INFO] Check1 : McCollision global index : 4
[9672:printouttable1]: [18:50:39][INFO] Check1 : McCollision global index : 5
[9672:printouttable1]: [18:50:39][INFO] Check1 : McCollision global index : 6
[9672:printouttable1]: [18:50:39][INFO] Check1 : McCollision global index : 7
[9672:printouttable1]: [18:50:39][INFO] Check1 : McCollision global index : 8
[9672:printouttable1]: [18:50:39][INFO] Check1 : McCollision global index : 9
[9672:printouttable1]: [18:50:39][INFO] Check1 : McCollision global index : 10
[9672:printouttable1]: [18:50:39][INFO] Check1 : McCollision global index : 11
[9672:printouttable1]: [18:50:39][INFO] Check1 : McCollision global index : 12
[9672:printouttable1]: [18:50:39][INFO] Check1 : McCollision global index : 13
[9672:printouttable1]: [18:50:39][INFO] Check1 : McCollision global index : 14
[9672:printouttable1]: [18:50:39][INFO] Check1 : McCollision global index : 15
[9672:printouttable1]: [18:50:39][INFO] Check1 : McCollision global index : 16
[9672:printouttable1]: [18:50:39][INFO] Check1 : McCollision global index : 17
[9672:printouttable1]: [18:50:39][INFO] Check1 : McCollision global index : 18
[9672:printouttable1]: [18:50:39][INFO] Check1 : McCollision global index : 19
[9672:printouttable1]: [18:50:39][INFO] Check1 : McCollision global index : 20
[9672:printouttable1]: [18:50:39][INFO] Check1 : McCollision global index : 21
[9672:printouttable1]: [18:50:39][INFO] Check1 : McCollision global index : 22
[9672:printouttable1]: [18:50:39][INFO] Check1 : McCollision global index : 23
[9672:printouttable1]: [18:50:39][INFO] Check1 : McCollision global index : 24
[9673:printouttable2]: [18:50:39][INFO] Check2 : McCollision's id via indexing 0
[9673:printouttable2]: [18:50:39][INFO] Check2 : McCollision's id via indexing 1
[9673:printouttable2]: [18:50:39][INFO] Check2 : McCollision's id via indexing 2
[9673:printouttable2]: [18:50:39][INFO] Check2 : McCollision's id via indexing 3
[9673:printouttable2]: [18:50:39][INFO] Check2 : McCollision's id via indexing 4
[9673:printouttable2]: [18:50:39][INFO] Check2 : McCollision's id via indexing 5
[9673:printouttable2]: [18:50:39][INFO] Check2 : McCollision's id via indexing 6
[9673:printouttable2]: [18:50:39][INFO] Check2 : McCollision's id via indexing 7
[9673:printouttable2]: [18:50:39][INFO] Check2 : McCollision's id via indexing 8
[9673:printouttable2]: [18:50:39][INFO] Check2 : McCollision's id via indexing 9
[9673:printouttable2]: [18:50:39][INFO] Check2 : McCollision's id via indexing 10
[9673:printouttable2]: [18:50:39][INFO] Check2 : McCollision's id via indexing 11
[9673:printouttable2]: [18:50:39][INFO] Check2 : McCollision's id via indexing 12
[9673:printouttable2]: [18:50:39][INFO] Check2 : McCollision's id via indexing 13
[9673:printouttable2]: [18:50:39][INFO] Check2 : McCollision's id via indexing 14
[9673:printouttable2]: [18:50:39][INFO] Check2 : McCollision's id via indexing 15
[9673:printouttable2]: [18:50:39][INFO] Check2 : McCollision's id via indexing 16
[9673:printouttable2]: [18:50:39][INFO] Check2 : McCollision's id via indexing 17
[9673:printouttable2]: [18:50:39][INFO] Check2 : McCollision's id via indexing 18
[9673:printouttable2]: [18:50:39][INFO] Check2 : McCollision's id via indexing 19
[9673:printouttable2]: [18:50:39][INFO] Check2 : McCollision's id via indexing 20
[9673:printouttable2]: [18:50:39][INFO] Check2 : McCollision's id via indexing 21
[9673:printouttable2]: [18:50:39][INFO] Check2 : McCollision's id via indexing 22
[9673:printouttable2]: [18:50:39][INFO] Check2 : McCollision's id via indexing 23
[9673:printouttable2]: [18:50:39][INFO] Check2 : McCollision's id via indexing 24
[9671:timestamp-task]: Info in <TJAlienConnectionManager>: Opening connection to JCentral. Please wait
[9671:timestamp-task]: Info in <TJAlienConnectionManager>: Opening connection to 128.142.249.62
[9672:printouttable1]: [18:50:40][INFO] Check1 : McCollision global index : 0
[9672:printouttable1]: [18:50:40][INFO] Check1 : McCollision global index : 1
[9672:printouttable1]: [18:50:40][INFO] Check1 : McCollision global index : 2
[9672:printouttable1]: [18:50:40][INFO] Check1 : McCollision global index : 3
[9672:printouttable1]: [18:50:40][INFO] Check1 : McCollision global index : 4
[9672:printouttable1]: [18:50:40][INFO] Check1 : McCollision global index : 5
[9672:printouttable1]: [18:50:40][INFO] Check1 : McCollision global index : 6
[9672:printouttable1]: [18:50:40][INFO] Check1 : McCollision global index : 7
[9672:printouttable1]: [18:50:40][INFO] Check1 : McCollision global index : 8
[9672:printouttable1]: [18:50:40][INFO] Check1 : McCollision global index : 9
[9672:printouttable1]: [18:50:40][INFO] Check1 : McCollision global index : 10
[9672:printouttable1]: [18:50:40][INFO] Check1 : McCollision global index : 11
[9672:printouttable1]: [18:50:40][INFO] Check1 : McCollision global index : 12
[9672:printouttable1]: [18:50:40][INFO] Check1 : McCollision global index : 13
[9672:printouttable1]: [18:50:40][INFO] Check1 : McCollision global index : 14
[9672:printouttable1]: [18:50:40][INFO] Check1 : McCollision global index : 15
[9672:printouttable1]: [18:50:40][INFO] Check1 : McCollision global index : 16
[9672:printouttable1]: [18:50:40][INFO] Check1 : McCollision global index : 17
[9672:printouttable1]: [18:50:40][INFO] Check1 : McCollision global index : 18
[9672:printouttable1]: [18:50:40][INFO] Check1 : McCollision global index : 19
[9672:printouttable1]: [18:50:40][INFO] Check1 : McCollision global index : 20
[9672:printouttable1]: [18:50:40][INFO] Check1 : McCollision global index : 21
[9672:printouttable1]: [18:50:40][INFO] Check1 : McCollision global index : 22
[9672:printouttable1]: [18:50:40][INFO] Check1 : McCollision global index : 23
[9672:printouttable1]: [18:50:40][INFO] Check1 : McCollision global index : 24
[9673:printouttable2]: [18:50:40][INFO] Check2 : McCollision's id via indexing 0
[9673:printouttable2]: [18:50:40][INFO] Check2 : McCollision's id via indexing 1
[9673:printouttable2]: [18:50:40][INFO] Check2 : McCollision's id via indexing 2
[9673:printouttable2]: [18:50:40][INFO] Check2 : McCollision's id via indexing 3
[9673:printouttable2]: [18:50:40][INFO] Check2 : McCollision's id via indexing 4
[9673:printouttable2]: [18:50:40][INFO] Check2 : McCollision's id via indexing 5
[9673:printouttable2]: [18:50:40][INFO] Check2 : McCollision's id via indexing 6
[9673:printouttable2]: [18:50:40][INFO] Check2 : McCollision's id via indexing 6
[9673:printouttable2]: [18:50:40][INFO] Check2 : McCollision's id via indexing 7
[9673:printouttable2]: [18:50:40][INFO] Check2 : McCollision's id via indexing 8
[9673:printouttable2]: [18:50:40][INFO] Check2 : McCollision's id via indexing 9
[9673:printouttable2]: [18:50:40][INFO] Check2 : McCollision's id via indexing 10
[9673:printouttable2]: [18:50:40][INFO] Check2 : McCollision's id via indexing 11
[9673:printouttable2]: [18:50:40][INFO] Check2 : McCollision's id via indexing 12
[9673:printouttable2]: [18:50:40][INFO] Check2 : McCollision's id via indexing 13
[9673:printouttable2]: [18:50:40][INFO] Check2 : McCollision's id via indexing 14
[9673:printouttable2]: [18:50:40][INFO] Check2 : McCollision's id via indexing 15
[9673:printouttable2]: [18:50:40][INFO] Check2 : McCollision's id via indexing 16
[9673:printouttable2]: [18:50:40][INFO] Check2 : McCollision's id via indexing 17
[9673:printouttable2]: [18:50:40][INFO] Check2 : McCollision's id via indexing 18
[9673:printouttable2]: [18:50:40][INFO] Check2 : McCollision's id via indexing 19
[9673:printouttable2]: [18:50:40][INFO] Check2 : McCollision's id via indexing 20
[9673:printouttable2]: [18:50:40][INFO] Check2 : McCollision's id via indexing 21
[9673:printouttable2]: [18:50:40][INFO] Check2 : McCollision's id via indexing 22
[9673:printouttable2]: [18:50:40][INFO] Check2 : McCollision's id via indexing 23
[9673:printouttable2]: [18:50:40][INFO] Check2 : McCollision's id via indexing 24
[9671:timestamp-task]: Info in <TJAlienConnectionManager>: Successfully connected to 128.142.249.62
[9672:printouttable1]: [18:50:41][INFO] Check1 : McCollision global index : 0
[9672:printouttable1]: [18:50:41][INFO] Check1 : McCollision global index : 1
[9672:printouttable1]: [18:50:41][INFO] Check1 : McCollision global index : 2
[9672:printouttable1]: [18:50:41][INFO] Check1 : McCollision global index : 3
[9672:printouttable1]: [18:50:41][INFO] Check1 : McCollision global index : 4
[9672:printouttable1]: [18:50:41][INFO] Check1 : McCollision global index : 5
[9672:printouttable1]: [18:50:41][INFO] Check1 : McCollision global index : 6
[9672:printouttable1]: [18:50:41][INFO] Check1 : McCollision global index : 7
[9672:printouttable1]: [18:50:41][INFO] Check1 : McCollision global index : 8
[9672:printouttable1]: [18:50:41][INFO] Check1 : McCollision global index : 9
[9672:printouttable1]: [18:50:41][INFO] Check1 : McCollision global index : 10
[9672:printouttable1]: [18:50:41][INFO] Check1 : McCollision global index : 11
[9672:printouttable1]: [18:50:41][INFO] Check1 : McCollision global index : 12
[9672:printouttable1]: [18:50:41][INFO] Check1 : McCollision global index : 13
[9672:printouttable1]: [18:50:41][INFO] Check1 : McCollision global index : 14
[9672:printouttable1]: [18:50:41][INFO] Check1 : McCollision global index : 15
[9672:printouttable1]: [18:50:41][INFO] Check1 : McCollision global index : 16
[9672:printouttable1]: [18:50:41][INFO] Check1 : McCollision global index : 17
[9672:printouttable1]: [18:50:41][INFO] Check1 : McCollision global index : 18
[9672:printouttable1]: [18:50:41][INFO] Check1 : McCollision global index : 19
[9672:printouttable1]: [18:50:41][INFO] Check1 : McCollision global index : 20
[9672:printouttable1]: [18:50:41][INFO] Check1 : McCollision global index : 21
[9672:printouttable1]: [18:50:41][INFO] Check1 : McCollision global index : 22
[9672:printouttable1]: [18:50:41][INFO] Check1 : McCollision global index : 23
[9672:printouttable1]: [18:50:41][INFO] Check1 : McCollision global index : 24
[9673:printouttable2]: [18:50:41][INFO] Check2 : McCollision's id via indexing 0
[9673:printouttable2]: [18:50:41][INFO] Check2 : McCollision's id via indexing 1
[9673:printouttable2]: [18:50:41][INFO] Check2 : McCollision's id via indexing 2
[9673:printouttable2]: [18:50:41][INFO] ! Generated event doesn't have any reconstructed events !
[9673:printouttable2]: [18:50:41][INFO] Check2 : McCollision's id via indexing 4
[9673:printouttable2]: [18:50:41][INFO] Check2 : McCollision's id via indexing 5
[9673:printouttable2]: [18:50:41][INFO] Check2 : McCollision's id via indexing 6
[9673:printouttable2]: [18:50:41][INFO] Check2 : McCollision's id via indexing 7
[9673:printouttable2]: [18:50:41][INFO] Check2 : McCollision's id via indexing 8
[9673:printouttable2]: [18:50:41][INFO] Check2 : McCollision's id via indexing 9
[9673:printouttable2]: [18:50:41][INFO] Check2 : McCollision's id via indexing 10
[9673:printouttable2]: [18:50:41][INFO] Check2 : McCollision's id via indexing 11
[9673:printouttable2]: [18:50:41][INFO] Check2 : McCollision's id via indexing 12
[9673:printouttable2]: [18:50:41][INFO] Check2 : McCollision's id via indexing 13
[9673:printouttable2]: [18:50:41][INFO] Check2 : McCollision's id via indexing 13
[9673:printouttable2]: [18:50:41][INFO] Check2 : McCollision's id via indexing 14
[9673:printouttable2]: [18:50:41][INFO] Check2 : McCollision's id via indexing 15
[9673:printouttable2]: [18:50:41][INFO] ! Generated event doesn't have any reconstructed events !
[9673:printouttable2]: [18:50:41][INFO] Check2 : McCollision's id via indexing 17
[9673:printouttable2]: [18:50:41][INFO] Check2 : McCollision's id via indexing 18
[9673:printouttable2]: [18:50:41][INFO] Check2 : McCollision's id via indexing 19
[9673:printouttable2]: [18:50:41][INFO] Check2 : McCollision's id via indexing 20
[9673:printouttable2]: [18:50:41][INFO] Check2 : McCollision's id via indexing 21
[9673:printouttable2]: [18:50:41][INFO] Check2 : McCollision's id via indexing 22
[9673:printouttable2]: [18:50:41][INFO] Check2 : McCollision's id via indexing 23
[9673:printouttable2]: [18:50:41][INFO] Check2 : McCollision's id via indexing 24
[9671:timestamp-task]: Info in <TJAlienFile::Open>: Accessing file /alice/data/CCDB/CTP/Calib/OrbitReset/08/03541/8e9235ed-63d1-11ee-8014-0aa140641b9a in SE <ALICE::KISTI_GSDC::EOS>
[9672:printouttable1]: [18:50:42][INFO] Check1 : McCollision global index : 0
[9672:printouttable1]: [18:50:42][INFO] Check1 : McCollision global index : 1
[9672:printouttable1]: [18:50:42][INFO] Check1 : McCollision global index : 2
[9672:printouttable1]: [18:50:42][INFO] Check1 : McCollision global index : 3
[9672:printouttable1]: [18:50:42][INFO] Check1 : McCollision global index : 4
[9672:printouttable1]: [18:50:42][INFO] Check1 : McCollision global index : 5
[9672:printouttable1]: [18:50:42][INFO] Check1 : McCollision global index : 6
[9672:printouttable1]: [18:50:42][INFO] Check1 : McCollision global index : 7
[9672:printouttable1]: [18:50:42][INFO] Check1 : McCollision global index : 8
[9672:printouttable1]: [18:50:42][INFO] Check1 : McCollision global index : 9
[9672:printouttable1]: [18:50:42][INFO] Check1 : McCollision global index : 10
[9672:printouttable1]: [18:50:42][INFO] Check1 : McCollision global index : 11
[9672:printouttable1]: [18:50:42][INFO] Check1 : McCollision global index : 12
[9672:printouttable1]: [18:50:42][INFO] Check1 : McCollision global index : 13
[9672:printouttable1]: [18:50:42][INFO] Check1 : McCollision global index : 14
[9672:printouttable1]: [18:50:42][INFO] Check1 : McCollision global index : 15
[9672:printouttable1]: [18:50:42][INFO] Check1 : McCollision global index : 16
[9672:printouttable1]: [18:50:42][INFO] Check1 : McCollision global index : 17
[9672:printouttable1]: [18:50:42][INFO] Check1 : McCollision global index : 18
[9672:printouttable1]: [18:50:42][INFO] Check1 : McCollision global index : 19
[9672:printouttable1]: [18:50:42][INFO] Check1 : McCollision global index : 20
[9672:printouttable1]: [18:50:42][INFO] Check1 : McCollision global index : 21
[9672:printouttable1]: [18:50:42][INFO] Check1 : McCollision global index : 22
[9672:printouttable1]: [18:50:42][INFO] Check1 : McCollision global index : 23
[9672:printouttable1]: [18:50:42][INFO] Check1 : McCollision global index : 24
[9672:printouttable1]: [18:50:42][INFO] Check1 : McCollision global index : 25
[9672:printouttable1]: [18:50:42][INFO] Check1 : McCollision global index : 26
[9672:printouttable1]: [18:50:42][INFO] Check1 : McCollision global index : 27
[9672:printouttable1]: [18:50:42][INFO] Check1 : McCollision global index : 28
[9672:printouttable1]: [18:50:42][INFO] Check1 : McCollision global index : 29
[9672:printouttable1]: [18:50:42][INFO] Check1 : McCollision global index : 30
[9672:printouttable1]: [18:50:42][INFO] Check1 : McCollision global index : 31
[9672:printouttable1]: [18:50:42][INFO] Check1 : McCollision global index : 32
[9672:printouttable1]: [18:50:42][INFO] Check1 : McCollision global index : 33
[9672:printouttable1]: [18:50:42][INFO] Check1 : McCollision global index : 34
[9672:printouttable1]: [18:50:42][INFO] Check1 : McCollision global index : 35
[9672:printouttable1]: [18:50:42][INFO] Check1 : McCollision global index : 36
[9672:printouttable1]: [18:50:42][INFO] Check1 : McCollision global index : 37
[9672:printouttable1]: [18:50:42][INFO] Check1 : McCollision global index : 38
[9672:printouttable1]: [18:50:42][INFO] Check1 : McCollision global index : 39
[9672:printouttable1]: [18:50:42][INFO] Check1 : McCollision global index : 40
[9672:printouttable1]: [18:50:42][INFO] Check1 : McCollision global index : 41
[9672:printouttable1]: [18:50:42][INFO] Check1 : McCollision global index : 42
[9672:printouttable1]: [18:50:42][INFO] Check1 : McCollision global index : 43
[9672:printouttable1]: [18:50:42][INFO] Check1 : McCollision global index : 44
[9672:printouttable1]: [18:50:42][INFO] Check1 : McCollision global index : 45
[9672:printouttable1]: [18:50:42][INFO] Check1 : McCollision global index : 46
[9672:printouttable1]: [18:50:42][INFO] Check1 : McCollision global index : 47
[9672:printouttable1]: [18:50:42][INFO] Check1 : McCollision global index : 48
[9672:printouttable1]: [18:50:42][INFO] Check1 : McCollision global index : 49
[9673:printouttable2]: [18:50:42][INFO] Check2 : McCollision's id via indexing 0
[9673:printouttable2]: [18:50:42][INFO] Check2 : McCollision's id via indexing 1
[9673:printouttable2]: [18:50:42][INFO] Check2 : McCollision's id via indexing 2
[9673:printouttable2]: [18:50:42][INFO] Check2 : McCollision's id via indexing 3
[9673:printouttable2]: [18:50:42][INFO] Check2 : McCollision's id via indexing 4
[9673:printouttable2]: [18:50:42][INFO] ! Generated event doesn't have any reconstructed events !
[9673:printouttable2]: [18:50:42][INFO] Check2 : McCollision's id via indexing 6
[9673:printouttable2]: [18:50:42][INFO] Check2 : McCollision's id via indexing 7
[9673:printouttable2]: [18:50:42][INFO] Check2 : McCollision's id via indexing 8
[9673:printouttable2]: [18:50:42][INFO] ! Generated event doesn't have any reconstructed events !
[9673:printouttable2]: [18:50:42][INFO] Check2 : McCollision's id via indexing 10
[9673:printouttable2]: [18:50:42][INFO] Check2 : McCollision's id via indexing 11
[9673:printouttable2]: [18:50:42][INFO] Check2 : McCollision's id via indexing 12
[9673:printouttable2]: [18:50:42][INFO] Check2 : McCollision's id via indexing 13
[9673:printouttable2]: [18:50:42][INFO] Check2 : McCollision's id via indexing 14
[9673:printouttable2]: [18:50:42][INFO] Check2 : McCollision's id via indexing 15
[9673:printouttable2]: [18:50:42][INFO] Check2 : McCollision's id via indexing 16
[9673:printouttable2]: [18:50:42][INFO] Check2 : McCollision's id via indexing 17
[9673:printouttable2]: [18:50:42][INFO] Check2 : McCollision's id via indexing 18
[9673:printouttable2]: [18:50:42][INFO] Check2 : McCollision's id via indexing 19
[9673:printouttable2]: [18:50:42][INFO] Check2 : McCollision's id via indexing 20
[9673:printouttable2]: [18:50:42][INFO] Check2 : McCollision's id via indexing 21
[9673:printouttable2]: [18:50:42][INFO] Check2 : McCollision's id via indexing 22
[9673:printouttable2]: [18:50:42][INFO] Check2 : McCollision's id via indexing 23
[9673:printouttable2]: [18:50:42][INFO] Check2 : McCollision's id via indexing 24
[9673:printouttable2]: [18:50:42][INFO] Check2 : McCollision's id via indexing 25
[9673:printouttable2]: [18:50:42][INFO] Check2 : McCollision's id via indexing 26
[9673:printouttable2]: [18:50:42][INFO] Check2 : McCollision's id via indexing 27
[9673:printouttable2]: [18:50:42][INFO] Check2 : McCollision's id via indexing 28
[9673:printouttable2]: [18:50:42][INFO] Check2 : McCollision's id via indexing 29
[9673:printouttable2]: [18:50:42][INFO] Check2 : McCollision's id via indexing 30
[9673:printouttable2]: [18:50:42][INFO] Check2 : McCollision's id via indexing 31
[9673:printouttable2]: [18:50:42][INFO] Check2 : McCollision's id via indexing 32
[9673:printouttable2]: [18:50:42][INFO] Check2 : McCollision's id via indexing 33
[9673:printouttable2]: [18:50:42][INFO] Check2 : McCollision's id via indexing 33
[9673:printouttable2]: [18:50:42][INFO] ! Generated event doesn't have any reconstructed events !
[9673:printouttable2]: [18:50:42][INFO] Check2 : McCollision's id via indexing 35
[9673:printouttable2]: [18:50:42][INFO] Check2 : McCollision's id via indexing 36
[9673:printouttable2]: [18:50:42][INFO] Check2 : McCollision's id via indexing 37
[9673:printouttable2]: [18:50:42][INFO] Check2 : McCollision's id via indexing 38
[9673:printouttable2]: [18:50:42][INFO] Check2 : McCollision's id via indexing 39
[9673:printouttable2]: [18:50:42][INFO] Check2 : McCollision's id via indexing 40
[9673:printouttable2]: [18:50:42][INFO] Check2 : McCollision's id via indexing 41
[9673:printouttable2]: [18:50:42][INFO] Check2 : McCollision's id via indexing 42
[9673:printouttable2]: [18:50:42][INFO] Check2 : McCollision's id via indexing 43
[9673:printouttable2]: [18:50:42][INFO] Check2 : McCollision's id via indexing 44
[9673:printouttable2]: [18:50:42][INFO] Check2 : McCollision's id via indexing 45
[9673:printouttable2]: [18:50:42][INFO] Check2 : McCollision's id via indexing 46
[9673:printouttable2]: [18:50:42][INFO] Check2 : McCollision's id via indexing 47
[9673:printouttable2]: [18:50:42][INFO] Check2 : McCollision's id via indexing 48
[9673:printouttable2]: [18:50:42][INFO] Check2 : McCollision's id via indexing 49
[9671:timestamp-task]: [18:50:42][INFO] ccdb reads http://alice-ccdb.cern.ch/CTP/Calib/OrbitReset/1696546217987/8e9235ed-63d1-11ee-8014-0aa140641b9a for 1696549490855 (retrieve, agent_id: jinhyun-MacBook-Pro-2.local-1743673835-n95Dld), 
[9671:timestamp-task]: [18:50:42][INFO] Add new run number 544116 with orbit-reset timestamp 1696546217986806, SOR: 1696549278654, EOR: 1696549703056 to cache
[9672:printouttable1]: [18:50:42][INFO] Check1 : McCollision global index : 0
[9672:printouttable1]: [18:50:42][INFO] Check1 : McCollision global index : 1
[9672:printouttable1]: [18:50:42][INFO] Check1 : McCollision global index : 2
[9672:printouttable1]: [18:50:42][INFO] Check1 : McCollision global index : 3
[9672:printouttable1]: [18:50:42][INFO] Check1 : McCollision global index : 4
[9672:printouttable1]: [18:50:42][INFO] Check1 : McCollision global index : 5
[9672:printouttable1]: [18:50:42][INFO] Check1 : McCollision global index : 6
[9672:printouttable1]: [18:50:42][INFO] Check1 : McCollision global index : 7
[9672:printouttable1]: [18:50:42][INFO] Check1 : McCollision global index : 8
[9672:printouttable1]: [18:50:42][INFO] Check1 : McCollision global index : 9
[9672:printouttable1]: [18:50:42][INFO] Check1 : McCollision global index : 10
[9672:printouttable1]: [18:50:42][INFO] Check1 : McCollision global index : 11
[9672:printouttable1]: [18:50:42][INFO] Check1 : McCollision global index : 12
[9672:printouttable1]: [18:50:42][INFO] Check1 : McCollision global index : 13
[9672:printouttable1]: [18:50:42][INFO] Check1 : McCollision global index : 14
[9672:printouttable1]: [18:50:42][INFO] Check1 : McCollision global index : 15
[9672:printouttable1]: [18:50:42][INFO] Check1 : McCollision global index : 16
[9672:printouttable1]: [18:50:42][INFO] Check1 : McCollision global index : 17
[9672:printouttable1]: [18:50:42][INFO] Check1 : McCollision global index : 18
[9672:printouttable1]: [18:50:42][INFO] Check1 : McCollision global index : 19
[9672:printouttable1]: [18:50:42][INFO] Check1 : McCollision global index : 20
[9672:printouttable1]: [18:50:42][INFO] Check1 : McCollision global index : 21
[9672:printouttable1]: [18:50:42][INFO] Check1 : McCollision global index : 22
[9672:printouttable1]: [18:50:42][INFO] Check1 : McCollision global index : 23
[9672:printouttable1]: [18:50:42][INFO] Check1 : McCollision global index : 24
[9673:printouttable2]: [18:50:42][INFO] Check2 : McCollision's id via indexing 0
[9673:printouttable2]: [18:50:42][INFO] Check2 : McCollision's id via indexing 1
[9673:printouttable2]: [18:50:42][INFO] Check2 : McCollision's id via indexing 2
[9673:printouttable2]: [18:50:42][INFO] Check2 : McCollision's id via indexing 3
[9673:printouttable2]: [18:50:42][INFO] Check2 : McCollision's id via indexing 4
[9673:printouttable2]: [18:50:42][INFO] Check2 : McCollision's id via indexing 5
[9673:printouttable2]: [18:50:42][INFO] Check2 : McCollision's id via indexing 6
[9673:printouttable2]: [18:50:42][INFO] Check2 : McCollision's id via indexing 7
[9673:printouttable2]: [18:50:42][INFO] Check2 : McCollision's id via indexing 8
[9673:printouttable2]: [18:50:42][INFO] Check2 : McCollision's id via indexing 9
[9673:printouttable2]: [18:50:42][INFO] Check2 : McCollision's id via indexing 10
[9673:printouttable2]: [18:50:42][INFO] Check2 : McCollision's id via indexing 11
[9673:printouttable2]: [18:50:42][INFO] Check2 : McCollision's id via indexing 12
[9673:printouttable2]: [18:50:42][INFO] Check2 : McCollision's id via indexing 13
[9673:printouttable2]: [18:50:42][INFO] Check2 : McCollision's id via indexing 14
[9673:printouttable2]: [18:50:42][INFO] Check2 : McCollision's id via indexing 15
[9673:printouttable2]: [18:50:42][INFO] Check2 : McCollision's id via indexing 16
[9673:printouttable2]: [18:50:42][INFO] Check2 : McCollision's id via indexing 17
[9673:printouttable2]: [18:50:42][INFO] Check2 : McCollision's id via indexing 18
[9673:printouttable2]: [18:50:42][INFO] Check2 : McCollision's id via indexing 19
[9673:printouttable2]: [18:50:42][INFO] Check2 : McCollision's id via indexing 20
[9673:printouttable2]: [18:50:42][INFO] ! Generated event doesn't have any reconstructed events !
[9673:printouttable2]: [18:50:42][INFO] Check2 : McCollision's id via indexing 22
[9673:printouttable2]: [18:50:42][INFO] ! Generated event doesn't have any reconstructed events !
[9673:printouttable2]: [18:50:42][INFO] Check2 : McCollision's id via indexing 24
[9672:printouttable1]: [18:50:43][INFO] Check1 : McCollision global index : 0
[9672:printouttable1]: [18:50:43][INFO] Check1 : McCollision global index : 1
[9672:printouttable1]: [18:50:43][INFO] Check1 : McCollision global index : 2
[9672:printouttable1]: [18:50:43][INFO] Check1 : McCollision global index : 3
[9672:printouttable1]: [18:50:43][INFO] Check1 : McCollision global index : 4
[9672:printouttable1]: [18:50:43][INFO] Check1 : McCollision global index : 5
[9672:printouttable1]: [18:50:43][INFO] Check1 : McCollision global index : 6
[9672:printouttable1]: [18:50:43][INFO] Check1 : McCollision global index : 7
[9672:printouttable1]: [18:50:43][INFO] Check1 : McCollision global index : 8
[9672:printouttable1]: [18:50:43][INFO] Check1 : McCollision global index : 9
[9672:printouttable1]: [18:50:43][INFO] Check1 : McCollision global index : 10
[9672:printouttable1]: [18:50:43][INFO] Check1 : McCollision global index : 11
[9672:printouttable1]: [18:50:43][INFO] Check1 : McCollision global index : 12
[9672:printouttable1]: [18:50:43][INFO] Check1 : McCollision global index : 13
[9672:printouttable1]: [18:50:43][INFO] Check1 : McCollision global index : 14
[9672:printouttable1]: [18:50:43][INFO] Check1 : McCollision global index : 15
[9672:printouttable1]: [18:50:43][INFO] Check1 : McCollision global index : 16
[9672:printouttable1]: [18:50:43][INFO] Check1 : McCollision global index : 17
[9672:printouttable1]: [18:50:43][INFO] Check1 : McCollision global index : 18
[9672:printouttable1]: [18:50:43][INFO] Check1 : McCollision global index : 19
[9672:printouttable1]: [18:50:43][INFO] Check1 : McCollision global index : 20
[9672:printouttable1]: [18:50:43][INFO] Check1 : McCollision global index : 21
[9672:printouttable1]: [18:50:43][INFO] Check1 : McCollision global index : 22
[9672:printouttable1]: [18:50:43][INFO] Check1 : McCollision global index : 23
[9672:printouttable1]: [18:50:43][INFO] Check1 : McCollision global index : 24
[9673:printouttable2]: [18:50:43][INFO] Check2 : McCollision's id via indexing 0
[9673:printouttable2]: [18:50:43][INFO] Check2 : McCollision's id via indexing 1
[9673:printouttable2]: [18:50:43][INFO] Check2 : McCollision's id via indexing 2
[9673:printouttable2]: [18:50:43][INFO] ! Generated event doesn't have any reconstructed events !
[9673:printouttable2]: [18:50:43][INFO] Check2 : McCollision's id via indexing 4
[9673:printouttable2]: [18:50:43][INFO] ! Generated event doesn't have any reconstructed events !
[9673:printouttable2]: [18:50:43][INFO] Check2 : McCollision's id via indexing 6
[9673:printouttable2]: [18:50:43][INFO] ! Generated event doesn't have any reconstructed events !
[9673:printouttable2]: [18:50:43][INFO] Check2 : McCollision's id via indexing 8
[9673:printouttable2]: [18:50:43][INFO] Check2 : McCollision's id via indexing 9
[9673:printouttable2]: [18:50:43][INFO] Check2 : McCollision's id via indexing 10
[9673:printouttable2]: [18:50:43][INFO] Check2 : McCollision's id via indexing 11
[9673:printouttable2]: [18:50:43][INFO] Check2 : McCollision's id via indexing 12
[9673:printouttable2]: [18:50:43][INFO] Check2 : McCollision's id via indexing 13
[9673:printouttable2]: [18:50:43][INFO] Check2 : McCollision's id via indexing 14
[9673:printouttable2]: [18:50:43][INFO] Check2 : McCollision's id via indexing 15
[9673:printouttable2]: [18:50:43][INFO] ! Generated event doesn't have any reconstructed events !
[9673:printouttable2]: [18:50:43][INFO] Check2 : McCollision's id via indexing 17
[9673:printouttable2]: [18:50:43][INFO] Check2 : McCollision's id via indexing 18
[9673:printouttable2]: [18:50:43][INFO] Check2 : McCollision's id via indexing 19
[9673:printouttable2]: [18:50:43][INFO] Check2 : McCollision's id via indexing 20
[9673:printouttable2]: [18:50:43][INFO] Check2 : McCollision's id via indexing 21
[9673:printouttable2]: [18:50:43][INFO] Check2 : McCollision's id via indexing 22
[9673:printouttable2]: [18:50:43][INFO] Check2 : McCollision's id via indexing 23
[9673:printouttable2]: [18:50:43][INFO] Check2 : McCollision's id via indexing 24
[9674:bc-selection-task]: Info in <TJAlienConnectionManager>: Opening connection to JCentral. Please wait
[9674:bc-selection-task]: Info in <TJAlienConnectionManager>: Opening connection to 128.142.249.29
[9674:bc-selection-task]: Info in <TJAlienConnectionManager>: Successfully connected to 128.142.249.29
[9674:bc-selection-task]: Info in <TJAlienFile::Open>: Accessing file /alice/data/CCDB/CTP/Calib/OrbitReset/08/03541/8e9235ed-63d1-11ee-8014-0aa140641b9a in SE <ALICE::KISTI_GSDC::EOS>
[9674:bc-selection-task]: [18:50:48][INFO] ccdb reads http://alice-ccdb.cern.ch/CTP/Calib/OrbitReset/1696546217987/8e9235ed-63d1-11ee-8014-0aa140641b9a for 1696549490855 (retrieve, agent_id: jinhyun-MacBook-Pro-2.local-1743673835-tDXO0a), 
[9674:bc-selection-task]: Info in <TJAlienFile::Open>: Accessing file /alice/data/CCDB/GLO/Config/GRPECS/00/51080/aa734a21-63d9-11ee-8015-0aa145271b9a in SE <ALICE::KISTI_GSDC::EOS>
[9674:bc-selection-task]: [18:50:49][INFO] ccdb reads http://alice-ccdb.cern.ch/GLO/Config/GRPECS/1696549226920/aa734a21-63d9-11ee-8015-0aa145271b9a for 1696549490855 (retrieve, agent_id: jinhyun-MacBook-Pro-2.local-1743673835-tDXO0a), 
[9674:bc-selection-task]: Info in <TJAlienFile::Open>: Accessing file /alice/data/CCDB/CTP/Calib/FirstRunOrbit/13/15129/aede1fd1-63d8-11ee-8015-0aa140641b9a in SE <ALICE::KISTI_GSDC::EOS>
[9674:bc-selection-task]: [18:50:51][INFO] ccdb reads http://alice-ccdb.cern.ch/CTP/Calib/FirstRunOrbit/1696549278693/aede1fd1-63d8-11ee-8015-0aa140641b9a for 1696549490855 (retrieve, agent_id: jinhyun-MacBook-Pro-2.local-1743673835-tDXO0a), 
[9674:bc-selection-task]: Info in <TJAlienFile::Open>: Accessing file /alice/data/CCDB/EventSelection/EventSelectionParams/05/07443/5f880452-f6ff-11ee-82dc-90ce809b250c in SE <ALICE::KISTI_GSDC::EOS>
[9674:bc-selection-task]: [18:50:52][INFO] ccdb reads http://alice-ccdb.cern.ch/EventSelection/EventSelectionParams/1543767116001/5f880452-f6ff-11ee-82dc-90ce809b250c for 1696549490855 (retrieve, agent_id: jinhyun-MacBook-Pro-2.local-1743673835-tDXO0a), 
[9674:bc-selection-task]: Info in <TJAlienFile::Open>: Accessing file /alice/data/CCDB/ITS/Config/AlpideParam/08/59055/55865c37-639c-11ee-8013-0aa1229c1b9a in SE <ALICE::KISTI_GSDC::EOS>
[9674:bc-selection-task]: [18:50:53][INFO] ccdb reads http://alice-ccdb.cern.ch/ITS/Config/AlpideParam/1696523359595/55865c37-639c-11ee-8013-0aa1229c1b9a for 1696549490855 (retrieve, agent_id: jinhyun-MacBook-Pro-2.local-1743673835-tDXO0a), 
[9674:bc-selection-task]: Info in <TJAlienFile::Open>: Accessing file /alice/data/CCDB/EventSelection/TriggerAliases/09/25694/def337ee-6827-11ee-bc26-90ce809b250c in SE <ALICE::KISTI_GSDC::EOS>
[9674:bc-selection-task]: [18:50:55][INFO] ccdb reads http://alice-ccdb.cern.ch/EventSelection/TriggerAliases/1696549226920/def337ee-6827-11ee-bc26-90ce809b250c for 1696549490855 (retrieve, agent_id: jinhyun-MacBook-Pro-2.local-1743673835-tDXO0a), 
[9674:bc-selection-task]: Info in <TJAlienFile::Open>: Accessing file /alice/data/CCDB/GLO/Config/GRPLHCIF/00/20529/c0998e8f-63d6-11ee-8015-0aa1229c1b9a in SE <ALICE::KISTI_GSDC::EOS>
[9674:bc-selection-task]: [18:50:56][INFO] ccdb reads http://alice-ccdb.cern.ch/GLO/Config/GRPLHCIF/1696548450045/c0998e8f-63d6-11ee-8015-0aa1229c1b9a for 1696549490855 (retrieve, agent_id: jinhyun-MacBook-Pro-2.local-1743673835-tDXO0a), 
[9674:bc-selection-task]: Info in <TJAlienFile::Open>: Accessing file /alice/data/CCDB/ITS/Calib/TimeDeadMap/11/42851/1f94861f-b3ba-11ee-8d89-200114580202 in SE <ALICE::KISTI_GSDC::EOS>
[9674:bc-selection-task]: [18:50:57][INFO] ccdb reads http://alice-ccdb.cern.ch/ITS/Calib/TimeDeadMap/1696549166920/1f94861f-b3ba-11ee-8d89-200114580202 for 1696549490855 (retrieve, agent_id: jinhyun-MacBook-Pro-2.local-1743673835-tDXO0a), 
[9674:bc-selection-task]: Info in <TJAlienFile::Open>: Accessing file /alice/data/CCDB/Users/j/jian/RCT/00/21284/d827a59c-f9c2-11ef-adaf-200114580202 in SE <ALICE::KISTI_GSDC::EOS>
[9674:bc-selection-task]: Info in <TKey::ReadObjectAny>: Using Converter StreamerInfo from map<unsigned long,unsigned int> to map<ULong64_t,unsigned int>
[9674:bc-selection-task]: [18:50:58][INFO] ccdb reads http://alice-ccdb.cern.ch/Users/j/jian/RCT/1696549268654/d827a59c-f9c2-11ef-adaf-200114580202 for 1696549490855 (retrieve, agent_id: jinhyun-MacBook-Pro-2.local-1743673835-tDXO0a), 
[9678:track-propagation]: [18:50:58][INFO] Loading material look-up table for timestamp: 1696549298049
[9678:track-propagation]: Error in <TFile::TFile>: file /cvmfs/alice.cern.ch/ccdb/GLO/Param/MatLUT/06/29739/3f0d0f81-99d9-11ee-b9a2-200114580202 does not exist
[9678:track-propagation]: Info in <TJAlienConnectionManager>: Opening connection to JCentral. Please wait
[9678:track-propagation]: Info in <TJAlienConnectionManager>: Opening connection to 128.142.249.34
[9678:track-propagation]: Info in <TJAlienConnectionManager>: Successfully connected to 128.142.249.34
[9678:track-propagation]: Info in <TJAlienFile::Open>: Accessing file /alice/data/CCDB/GLO/Param/MatLUT/06/29739/3f0d0f81-99d9-11ee-b9a2-200114580202 in SE <ALICE::KISTI_GSDC::EOS>
[9678:track-propagation]: [18:51:02][INFO] ccdb reads http://alice-ccdb.cern.ch/GLO/Param/MatLUT/1546300800000/3f0d0f81-99d9-11ee-b9a2-200114580202 for 1696549298049 (retrieve, agent_id: jinhyun-MacBook-Pro-2.local-1743673835-mGDLtl), 
[9678:track-propagation]: [18:51:02][INFO] Initializing voxel layer lookup
[9678:track-propagation]: Info in <TJAlienFile::Open>: Accessing file /alice/data/CCDB/GLO/Config/GRPMagField/07/61367/03cf166c-5f60-11ee-8003-0aa1229c1b9a in SE <ALICE::KISTI_GSDC::EOS>
[9678:track-propagation]: [18:51:04][INFO] ccdb reads http://alice-ccdb.cern.ch/GLO/Config/GRPMagField/1696057648043/03cf166c-5f60-11ee-8003-0aa1229c1b9a for 1696549298049 (retrieve, agent_id: jinhyun-MacBook-Pro-2.local-1743673835-mGDLtl), 
[9678:track-propagation]: [18:51:04][INFO] Setting magnetic field to current 29999.8 A for run 544116 from its GRPMagField CCDB object
[9678:track-propagation]: [18:51:04][INFO] MagneticField::Print: MagneticFieldMap:
[9678:track-propagation]: [18:51:04][INFO] MagneticField::Print: Solenoid (0.999995*)5 kG, Dipole ON (0.999993) 
[9678:track-propagation]: [18:51:04][INFO] MagneticField::Print: Machine B fields for p-p  beam (7000 GeV): QGrad: 22.0002 Dipole: 37.8781
[9678:track-propagation]: [18:51:04][INFO] MagneticField::Print: Uses Sol30_Dip6_Hole  of /Users/jinhyunpark/npl/Analysis/ALICE/O2Framework/sw/osx_arm64/O2/daily-20250327-0000-local1/share/Common/maps/mfchebKGI_sym.root
[9678:track-propagation]: Info in <TGeoGlobalMagField::SetField>: Global magnetic field set to <MagneticFieldMap>
[9678:track-propagation]: Info in <TGeoGlobalMagField::Lock>: Global magnetic field <MagneticFieldMap> is now locked
[9678:track-propagation]: [18:51:04][INFO] Loaded 440 params from $(O2_ROOT)/share/Common/maps/sol5k.txt
[9678:track-propagation]: Info in <TJAlienFile::Open>: Accessing file /alice/data/CCDB/GLO/Calib/MeanVertex/10/54158/10d0ccc3-63d9-11ee-8015-0aa200321b9a in SE <ALICE::KISTI_GSDC::EOS>
[9678:track-propagation]: [18:51:05][INFO] ccdb reads http://alice-ccdb.cern.ch/GLO/Calib/MeanVertex/1696549268651/10d0ccc3-63d9-11ee-8015-0aa200321b9a for 1696549298049 (retrieve, agent_id: jinhyun-MacBook-Pro-2.local-1743673835-mGDLtl), 
[9679:event-selection-task]: /Users/jinhyunpark/npl/Analysis/ALICE/O2Framework/sw/BUILD/ebe931092991c73b783db87bf10f90696bc78a66/arrow/src_tmp/cpp/src/gandiva/cache.cc:61: Creating gandiva cache with capacity of 5000
[9679:event-selection-task]: /Users/jinhyunpark/npl/Analysis/ALICE/O2Framework/sw/BUILD/ebe931092991c73b783db87bf10f90696bc78a66/arrow/src_tmp/cpp/src/gandiva/engine.cc:276: Detected CPU Name : apple-m1
[9679:event-selection-task]: /Users/jinhyunpark/npl/Analysis/ALICE/O2Framework/sw/BUILD/ebe931092991c73b783db87bf10f90696bc78a66/arrow/src_tmp/cpp/src/gandiva/engine.cc:277: Detected CPU Features: []
[9679:event-selection-task]: Info in <TJAlienConnectionManager>: Opening connection to JCentral. Please wait
[9679:event-selection-task]: Info in <TJAlienConnectionManager>: Opening connection to 128.142.249.50
[9679:event-selection-task]: Info in <TJAlienConnectionManager>: Successfully connected to 128.142.249.50
[9679:event-selection-task]: Info in <TJAlienFile::Open>: Accessing file /alice/data/CCDB/CTP/Calib/OrbitReset/08/03541/8e9235ed-63d1-11ee-8014-0aa140641b9a in SE <ALICE::KISTI_GSDC::EOS>
[9679:event-selection-task]: [18:51:11][INFO] ccdb reads http://alice-ccdb.cern.ch/CTP/Calib/OrbitReset/1696546217987/8e9235ed-63d1-11ee-8014-0aa140641b9a for 1696549490855 (retrieve, agent_id: jinhyun-MacBook-Pro-2.local-1743673835-tHbT5f), 
[9679:event-selection-task]: Info in <TJAlienFile::Open>: Accessing file /alice/data/CCDB/GLO/Config/GRPECS/00/51080/aa734a21-63d9-11ee-8015-0aa145271b9a in SE <ALICE::KISTI_GSDC::EOS>
[9679:event-selection-task]: [18:51:12][INFO] ccdb reads http://alice-ccdb.cern.ch/GLO/Config/GRPECS/1696549226920/aa734a21-63d9-11ee-8015-0aa145271b9a for 1696549490855 (retrieve, agent_id: jinhyun-MacBook-Pro-2.local-1743673835-tHbT5f), 
[9679:event-selection-task]: Info in <TJAlienFile::Open>: Accessing file /alice/data/CCDB/CTP/Calib/FirstRunOrbit/13/15129/aede1fd1-63d8-11ee-8015-0aa140641b9a in SE <ALICE::KISTI_GSDC::EOS>
[9679:event-selection-task]: [18:51:13][INFO] ccdb reads http://alice-ccdb.cern.ch/CTP/Calib/FirstRunOrbit/1696549278693/aede1fd1-63d8-11ee-8015-0aa140641b9a for 1696549490855 (retrieve, agent_id: jinhyun-MacBook-Pro-2.local-1743673835-tHbT5f), 
[9679:event-selection-task]: Info in <TJAlienFile::Open>: Accessing file /alice/data/CCDB/GLO/Config/GRPLHCIF/00/20529/c0998e8f-63d6-11ee-8015-0aa1229c1b9a in SE <ALICE::KISTI_GSDC::EOS>
[9679:event-selection-task]: [18:51:14][INFO] ccdb reads http://alice-ccdb.cern.ch/GLO/Config/GRPLHCIF/1696548450045/c0998e8f-63d6-11ee-8015-0aa1229c1b9a for 1696549298049 (retrieve, agent_id: jinhyun-MacBook-Pro-2.local-1743673835-tHbT5f), 
[9679:event-selection-task]: Info in <TJAlienFile::Open>: Accessing file /alice/data/CCDB/ITS/Config/AlpideParam/08/59055/55865c37-639c-11ee-8013-0aa1229c1b9a in SE <ALICE::KISTI_GSDC::EOS>
[9679:event-selection-task]: [18:51:15][INFO] ccdb reads http://alice-ccdb.cern.ch/ITS/Config/AlpideParam/1696523359595/55865c37-639c-11ee-8013-0aa1229c1b9a for 1696549298049 (retrieve, agent_id: jinhyun-MacBook-Pro-2.local-1743673835-tHbT5f), 
[9680:multiplicity-table]: /Users/jinhyunpark/npl/Analysis/ALICE/O2Framework/sw/BUILD/ebe931092991c73b783db87bf10f90696bc78a66/arrow/src_tmp/cpp/src/gandiva/cache.cc:61: Creating gandiva cache with capacity of 5000
[9680:multiplicity-table]: /Users/jinhyunpark/npl/Analysis/ALICE/O2Framework/sw/BUILD/ebe931092991c73b783db87bf10f90696bc78a66/arrow/src_tmp/cpp/src/gandiva/engine.cc:276: Detected CPU Name : apple-m1
[9680:multiplicity-table]: /Users/jinhyunpark/npl/Analysis/ALICE/O2Framework/sw/BUILD/ebe931092991c73b783db87bf10f90696bc78a66/arrow/src_tmp/cpp/src/gandiva/engine.cc:277: Detected CPU Features: []
[9679:event-selection-task]: [18:51:17][WARN] Timed out sending after 1s. Downstream backpressure detected on from_event-selection-task_to_multiplicity-table[0].
[9680:multiplicity-table]: Info in <TJAlienConnectionManager>: Opening connection to JCentral. Please wait
[9680:multiplicity-table]: Info in <TJAlienConnectionManager>: Opening connection to 128.142.249.17
[9680:multiplicity-table]: Info in <TJAlienConnectionManager>: Successfully connected to 128.142.249.17
[9680:multiplicity-table]: Info in <TJAlienFile::Open>: Accessing file /alice/data/CCDB/Centrality/Calibration/01/25381/341f036d-99f3-11ee-ae3f-20010871025e in SE <ALICE::KISTI_GSDC::EOS>
[9680:multiplicity-table]: [18:51:24][INFO] ccdb reads http://alice-ccdb.cern.ch/Centrality/Calibration/1695750420000/341f036d-99f3-11ee-ae3f-20010871025e for 1696549490855 (retrieve, agent_id: jinhyun-MacBook-Pro-2.local-1743673836-13Ve8o), 
[9679:event-selection-task]: [18:51:24][INFO] Downstream backpressure on from_event-selection-task_to_multiplicity-table[0] recovered.
[9681:internal-dpl-aod-writer]: [18:51:24][INFO] No AODs to be saved.
[9672:printouttable1]: [18:51:25][INFO] Check1 : McCollision global index : 0
[9672:printouttable1]: [18:51:25][INFO] Check1 : McCollision global index : 1
[9672:printouttable1]: [18:51:25][INFO] Check1 : McCollision global index : 2
[9672:printouttable1]: [18:51:25][INFO] Check1 : McCollision global index : 3
[9672:printouttable1]: [18:51:25][INFO] Check1 : McCollision global index : 4
[9672:printouttable1]: [18:51:25][INFO] Check1 : McCollision global index : 5
[9672:printouttable1]: [18:51:25][INFO] Check1 : McCollision global index : 6
[9672:printouttable1]: [18:51:25][INFO] Check1 : McCollision global index : 7
[9672:printouttable1]: [18:51:25][INFO] Check1 : McCollision global index : 8
[9672:printouttable1]: [18:51:25][INFO] Check1 : McCollision global index : 9
[9672:printouttable1]: [18:51:25][INFO] Check1 : McCollision global index : 10
[9672:printouttable1]: [18:51:25][INFO] Check1 : McCollision global index : 11
[9672:printouttable1]: [18:51:25][INFO] Check1 : McCollision global index : 12
[9672:printouttable1]: [18:51:25][INFO] Check1 : McCollision global index : 13
[9672:printouttable1]: [18:51:25][INFO] Check1 : McCollision global index : 14
[9672:printouttable1]: [18:51:25][INFO] Check1 : McCollision global index : 15
[9672:printouttable1]: [18:51:25][INFO] Check1 : McCollision global index : 16
[9672:printouttable1]: [18:51:25][INFO] Check1 : McCollision global index : 17
[9672:printouttable1]: [18:51:25][INFO] Check1 : McCollision global index : 18
[9672:printouttable1]: [18:51:25][INFO] Check1 : McCollision global index : 19
[9672:printouttable1]: [18:51:25][INFO] Check1 : McCollision global index : 20
[9672:printouttable1]: [18:51:25][INFO] Check1 : McCollision global index : 21
[9672:printouttable1]: [18:51:25][INFO] Check1 : McCollision global index : 22
[9672:printouttable1]: [18:51:25][INFO] Check1 : McCollision global index : 23
[9672:printouttable1]: [18:51:25][INFO] Check1 : McCollision global index : 24
[9673:printouttable2]: [18:51:25][INFO] Check2 : McCollision's id via indexing 0
[9673:printouttable2]: [18:51:25][INFO] Check2 : McCollision's id via indexing 1
[9673:printouttable2]: [18:51:25][INFO] Check2 : McCollision's id via indexing 2
[9673:printouttable2]: [18:51:25][INFO] Check2 : McCollision's id via indexing 3
[9673:printouttable2]: [18:51:25][INFO] Check2 : McCollision's id via indexing 4
[9673:printouttable2]: [18:51:25][INFO] Check2 : McCollision's id via indexing 5
[9673:printouttable2]: [18:51:25][INFO] Check2 : McCollision's id via indexing 6
[9673:printouttable2]: [18:51:25][INFO] ! Generated event doesn't have any reconstructed events !
[9673:printouttable2]: [18:51:25][INFO] Check2 : McCollision's id via indexing 8
[9673:printouttable2]: [18:51:25][INFO] Check2 : McCollision's id via indexing 9
[9673:printouttable2]: [18:51:25][INFO] Check2 : McCollision's id via indexing 10
[9673:printouttable2]: [18:51:25][INFO] Check2 : McCollision's id via indexing 11
[9673:printouttable2]: [18:51:25][INFO] Check2 : McCollision's id via indexing 12
[9673:printouttable2]: [18:51:25][INFO] Check2 : McCollision's id via indexing 13
[9673:printouttable2]: [18:51:25][INFO] Check2 : McCollision's id via indexing 14
[9673:printouttable2]: [18:51:25][INFO] Check2 : McCollision's id via indexing 15
[9673:printouttable2]: [18:51:25][INFO] Check2 : McCollision's id via indexing 16
[9673:printouttable2]: [18:51:25][INFO] Check2 : McCollision's id via indexing 17
[9673:printouttable2]: [18:51:25][INFO] Check2 : McCollision's id via indexing 18
[9673:printouttable2]: [18:51:25][INFO] Check2 : McCollision's id via indexing 19
[9673:printouttable2]: [18:51:25][INFO] Check2 : McCollision's id via indexing 20
[9673:printouttable2]: [18:51:25][INFO] Check2 : McCollision's id via indexing 21
[9673:printouttable2]: [18:51:25][INFO] Check2 : McCollision's id via indexing 22
[9673:printouttable2]: [18:51:25][INFO] Check2 : McCollision's id via indexing 23
[9673:printouttable2]: [18:51:25][INFO] Check2 : McCollision's id via indexing 24
[9672:printouttable1]: [18:51:25][INFO] Check1 : McCollision global index : 0
[9672:printouttable1]: [18:51:25][INFO] Check1 : McCollision global index : 1
[9672:printouttable1]: [18:51:25][INFO] Check1 : McCollision global index : 2
[9672:printouttable1]: [18:51:25][INFO] Check1 : McCollision global index : 3
[9672:printouttable1]: [18:51:25][INFO] Check1 : McCollision global index : 4
[9672:printouttable1]: [18:51:25][INFO] Check1 : McCollision global index : 5
[9672:printouttable1]: [18:51:25][INFO] Check1 : McCollision global index : 6
[9672:printouttable1]: [18:51:25][INFO] Check1 : McCollision global index : 7
[9672:printouttable1]: [18:51:25][INFO] Check1 : McCollision global index : 8
[9672:printouttable1]: [18:51:25][INFO] Check1 : McCollision global index : 9
[9672:printouttable1]: [18:51:25][INFO] Check1 : McCollision global index : 10
[9672:printouttable1]: [18:51:25][INFO] Check1 : McCollision global index : 11
[9672:printouttable1]: [18:51:25][INFO] Check1 : McCollision global index : 12
[9672:printouttable1]: [18:51:25][INFO] Check1 : McCollision global index : 13
[9672:printouttable1]: [18:51:25][INFO] Check1 : McCollision global index : 14
[9672:printouttable1]: [18:51:25][INFO] Check1 : McCollision global index : 15
[9672:printouttable1]: [18:51:25][INFO] Check1 : McCollision global index : 16
[9672:printouttable1]: [18:51:25][INFO] Check1 : McCollision global index : 17
[9672:printouttable1]: [18:51:25][INFO] Check1 : McCollision global index : 18
[9672:printouttable1]: [18:51:25][INFO] Check1 : McCollision global index : 19
[9672:printouttable1]: [18:51:25][INFO] Check1 : McCollision global index : 20
[9672:printouttable1]: [18:51:25][INFO] Check1 : McCollision global index : 21
[9672:printouttable1]: [18:51:25][INFO] Check1 : McCollision global index : 22
[9672:printouttable1]: [18:51:25][INFO] Check1 : McCollision global index : 23
[9672:printouttable1]: [18:51:25][INFO] Check1 : McCollision global index : 24
[9673:printouttable2]: [18:51:25][INFO] Check2 : McCollision's id via indexing 0
[9673:printouttable2]: [18:51:25][INFO] Check2 : McCollision's id via indexing 1
[9673:printouttable2]: [18:51:25][INFO] Check2 : McCollision's id via indexing 2
[9673:printouttable2]: [18:51:25][INFO] Check2 : McCollision's id via indexing 3
[9673:printouttable2]: [18:51:25][INFO] Check2 : McCollision's id via indexing 4
[9673:printouttable2]: [18:51:25][INFO] Check2 : McCollision's id via indexing 5
[9673:printouttable2]: [18:51:25][INFO] Check2 : McCollision's id via indexing 6
[9673:printouttable2]: [18:51:25][INFO] Check2 : McCollision's id via indexing 7
[9673:printouttable2]: [18:51:25][INFO] Check2 : McCollision's id via indexing 8
[9673:printouttable2]: [18:51:25][INFO] Check2 : McCollision's id via indexing 8
[9673:printouttable2]: [18:51:25][INFO] ! Generated event doesn't have any reconstructed events !
[9673:printouttable2]: [18:51:25][INFO] Check2 : McCollision's id via indexing 10
[9673:printouttable2]: [18:51:25][INFO] Check2 : McCollision's id via indexing 11
[9673:printouttable2]: [18:51:25][INFO] Check2 : McCollision's id via indexing 12
[9673:printouttable2]: [18:51:25][INFO] Check2 : McCollision's id via indexing 13
[9673:printouttable2]: [18:51:25][INFO] Check2 : McCollision's id via indexing 14
[9673:printouttable2]: [18:51:25][INFO] Check2 : McCollision's id via indexing 15
[9673:printouttable2]: [18:51:25][INFO] Check2 : McCollision's id via indexing 16
[9673:printouttable2]: [18:51:25][INFO] Check2 : McCollision's id via indexing 17
[9673:printouttable2]: [18:51:25][INFO] Check2 : McCollision's id via indexing 18
[9673:printouttable2]: [18:51:25][INFO] Check2 : McCollision's id via indexing 19
[9673:printouttable2]: [18:51:25][INFO] Check2 : McCollision's id via indexing 20
[9673:printouttable2]: [18:51:25][INFO] ! Generated event doesn't have any reconstructed events !
[9673:printouttable2]: [18:51:25][INFO] Check2 : McCollision's id via indexing 22
[9673:printouttable2]: [18:51:25][INFO] Check2 : McCollision's id via indexing 23
[9673:printouttable2]: [18:51:25][INFO] Check2 : McCollision's id via indexing 24
[9672:printouttable1]: [18:51:25][INFO] Check1 : McCollision global index : 0
[9672:printouttable1]: [18:51:25][INFO] Check1 : McCollision global index : 1
[9672:printouttable1]: [18:51:25][INFO] Check1 : McCollision global index : 2
[9672:printouttable1]: [18:51:25][INFO] Check1 : McCollision global index : 3
[9672:printouttable1]: [18:51:25][INFO] Check1 : McCollision global index : 4
[9672:printouttable1]: [18:51:25][INFO] Check1 : McCollision global index : 5
[9672:printouttable1]: [18:51:25][INFO] Check1 : McCollision global index : 6
[9672:printouttable1]: [18:51:25][INFO] Check1 : McCollision global index : 7
[9672:printouttable1]: [18:51:25][INFO] Check1 : McCollision global index : 8
[9672:printouttable1]: [18:51:25][INFO] Check1 : McCollision global index : 9
[9672:printouttable1]: [18:51:25][INFO] Check1 : McCollision global index : 10
[9672:printouttable1]: [18:51:25][INFO] Check1 : McCollision global index : 11
[9672:printouttable1]: [18:51:25][INFO] Check1 : McCollision global index : 12
[9672:printouttable1]: [18:51:25][INFO] Check1 : McCollision global index : 13
[9672:printouttable1]: [18:51:25][INFO] Check1 : McCollision global index : 14
[9672:printouttable1]: [18:51:25][INFO] Check1 : McCollision global index : 15
[9672:printouttable1]: [18:51:25][INFO] Check1 : McCollision global index : 16
[9672:printouttable1]: [18:51:25][INFO] Check1 : McCollision global index : 17
[9672:printouttable1]: [18:51:25][INFO] Check1 : McCollision global index : 18
[9672:printouttable1]: [18:51:25][INFO] Check1 : McCollision global index : 19
[9672:printouttable1]: [18:51:25][INFO] Check1 : McCollision global index : 20
[9672:printouttable1]: [18:51:25][INFO] Check1 : McCollision global index : 21
[9672:printouttable1]: [18:51:25][INFO] Check1 : McCollision global index : 22
[9672:printouttable1]: [18:51:25][INFO] Check1 : McCollision global index : 23
[9672:printouttable1]: [18:51:25][INFO] Check1 : McCollision global index : 24
[9672:printouttable1]: [18:51:25][INFO] Check1 : McCollision global index : 25
[9672:printouttable1]: [18:51:25][INFO] Check1 : McCollision global index : 26
[9672:printouttable1]: [18:51:25][INFO] Check1 : McCollision global index : 27
[9672:printouttable1]: [18:51:25][INFO] Check1 : McCollision global index : 28
[9672:printouttable1]: [18:51:25][INFO] Check1 : McCollision global index : 29
[9672:printouttable1]: [18:51:25][INFO] Check1 : McCollision global index : 30
[9672:printouttable1]: [18:51:25][INFO] Check1 : McCollision global index : 31
[9672:printouttable1]: [18:51:25][INFO] Check1 : McCollision global index : 32
[9672:printouttable1]: [18:51:25][INFO] Check1 : McCollision global index : 33
[9672:printouttable1]: [18:51:25][INFO] Check1 : McCollision global index : 34
[9672:printouttable1]: [18:51:25][INFO] Check1 : McCollision global index : 35
[9672:printouttable1]: [18:51:25][INFO] Check1 : McCollision global index : 36
[9672:printouttable1]: [18:51:25][INFO] Check1 : McCollision global index : 37
[9672:printouttable1]: [18:51:25][INFO] Check1 : McCollision global index : 38
[9672:printouttable1]: [18:51:25][INFO] Check1 : McCollision global index : 39
[9672:printouttable1]: [18:51:25][INFO] Check1 : McCollision global index : 40
[9672:printouttable1]: [18:51:25][INFO] Check1 : McCollision global index : 41
[9672:printouttable1]: [18:51:25][INFO] Check1 : McCollision global index : 42
[9672:printouttable1]: [18:51:25][INFO] Check1 : McCollision global index : 43
[9672:printouttable1]: [18:51:25][INFO] Check1 : McCollision global index : 44
[9672:printouttable1]: [18:51:25][INFO] Check1 : McCollision global index : 45
[9672:printouttable1]: [18:51:25][INFO] Check1 : McCollision global index : 46
[9672:printouttable1]: [18:51:25][INFO] Check1 : McCollision global index : 47
[9672:printouttable1]: [18:51:25][INFO] Check1 : McCollision global index : 48
[9672:printouttable1]: [18:51:25][INFO] Check1 : McCollision global index : 49
[9673:printouttable2]: [18:51:25][INFO] Check2 : McCollision's id via indexing 0
[9673:printouttable2]: [18:51:25][INFO] Check2 : McCollision's id via indexing 1
[9673:printouttable2]: [18:51:25][INFO] Check2 : McCollision's id via indexing 2
[9673:printouttable2]: [18:51:25][INFO] Check2 : McCollision's id via indexing 3
[9673:printouttable2]: [18:51:25][INFO] Check2 : McCollision's id via indexing 4
[9673:printouttable2]: [18:51:25][INFO] Check2 : McCollision's id via indexing 5
[9673:printouttable2]: [18:51:25][INFO] Check2 : McCollision's id via indexing 6
[9673:printouttable2]: [18:51:25][INFO] Check2 : McCollision's id via indexing 7
[9673:printouttable2]: [18:51:25][INFO] Check2 : McCollision's id via indexing 8
[9673:printouttable2]: [18:51:25][INFO] Check2 : McCollision's id via indexing 9
[9673:printouttable2]: [18:51:25][INFO] Check2 : McCollision's id via indexing 10
[9673:printouttable2]: [18:51:25][INFO] Check2 : McCollision's id via indexing 11
[9673:printouttable2]: [18:51:25][INFO] ! Generated event doesn't have any reconstructed events !
[9673:printouttable2]: [18:51:25][INFO] Check2 : McCollision's id via indexing 13
[9673:printouttable2]: [18:51:25][INFO] Check2 : McCollision's id via indexing 14
[9673:printouttable2]: [18:51:25][INFO] Check2 : McCollision's id via indexing 15
[9673:printouttable2]: [18:51:25][INFO] Check2 : McCollision's id via indexing 16
[9673:printouttable2]: [18:51:25][INFO] Check2 : McCollision's id via indexing 17
[9673:printouttable2]: [18:51:25][INFO] Check2 : McCollision's id via indexing 18
[9673:printouttable2]: [18:51:25][INFO] Check2 : McCollision's id via indexing 19
[9673:printouttable2]: [18:51:25][INFO] Check2 : McCollision's id via indexing 20
[9673:printouttable2]: [18:51:25][INFO] Check2 : McCollision's id via indexing 21
[9673:printouttable2]: [18:51:25][INFO] Check2 : McCollision's id via indexing 22
[9673:printouttable2]: [18:51:25][INFO] Check2 : McCollision's id via indexing 23
[9673:printouttable2]: [18:51:25][INFO] Check2 : McCollision's id via indexing 24
[9673:printouttable2]: [18:51:25][INFO] Check2 : McCollision's id via indexing 25
[9673:printouttable2]: [18:51:25][INFO] Check2 : McCollision's id via indexing 26
[9673:printouttable2]: [18:51:25][INFO] Check2 : McCollision's id via indexing 27
[9673:printouttable2]: [18:51:25][INFO] Check2 : McCollision's id via indexing 28
[9673:printouttable2]: [18:51:25][INFO] Check2 : McCollision's id via indexing 29
[9673:printouttable2]: [18:51:25][INFO] Check2 : McCollision's id via indexing 30
[9673:printouttable2]: [18:51:25][INFO] Check2 : McCollision's id via indexing 31
[9673:printouttable2]: [18:51:25][INFO] Check2 : McCollision's id via indexing 32
[9673:printouttable2]: [18:51:25][INFO] Check2 : McCollision's id via indexing 33
[9673:printouttable2]: [18:51:25][INFO] Check2 : McCollision's id via indexing 34
[9673:printouttable2]: [18:51:25][INFO] Check2 : McCollision's id via indexing 35
[9673:printouttable2]: [18:51:25][INFO] Check2 : McCollision's id via indexing 36
[9673:printouttable2]: [18:51:25][INFO] Check2 : McCollision's id via indexing 37
[9673:printouttable2]: [18:51:25][INFO] Check2 : McCollision's id via indexing 38
[9673:printouttable2]: [18:51:25][INFO] Check2 : McCollision's id via indexing 39
[9673:printouttable2]: [18:51:25][INFO] Check2 : McCollision's id via indexing 40
[9673:printouttable2]: [18:51:25][INFO] Check2 : McCollision's id via indexing 41
[9673:printouttable2]: [18:51:25][INFO] Check2 : McCollision's id via indexing 42
[9673:printouttable2]: [18:51:25][INFO] Check2 : McCollision's id via indexing 43
[9673:printouttable2]: [18:51:25][INFO] Check2 : McCollision's id via indexing 44
[9673:printouttable2]: [18:51:25][INFO] Check2 : McCollision's id via indexing 45
[9673:printouttable2]: [18:51:25][INFO] ! Generated event doesn't have any reconstructed events !
[9673:printouttable2]: [18:51:25][INFO] Check2 : McCollision's id via indexing 47
[9673:printouttable2]: [18:51:25][INFO] Check2 : McCollision's id via indexing 48
[9673:printouttable2]: [18:51:25][INFO] Check2 : McCollision's id via indexing 49
[9672:printouttable1]: [18:51:26][INFO] Check1 : McCollision global index : 0
[9672:printouttable1]: [18:51:26][INFO] Check1 : McCollision global index : 1
[9672:printouttable1]: [18:51:26][INFO] Check1 : McCollision global index : 2
[9672:printouttable1]: [18:51:26][INFO] Check1 : McCollision global index : 3
[9672:printouttable1]: [18:51:26][INFO] Check1 : McCollision global index : 4
[9672:printouttable1]: [18:51:26][INFO] Check1 : McCollision global index : 5
[9672:printouttable1]: [18:51:26][INFO] Check1 : McCollision global index : 6
[9672:printouttable1]: [18:51:26][INFO] Check1 : McCollision global index : 7
[9672:printouttable1]: [18:51:26][INFO] Check1 : McCollision global index : 8
[9672:printouttable1]: [18:51:26][INFO] Check1 : McCollision global index : 9
[9672:printouttable1]: [18:51:26][INFO] Check1 : McCollision global index : 10
[9672:printouttable1]: [18:51:26][INFO] Check1 : McCollision global index : 11
[9672:printouttable1]: [18:51:26][INFO] Check1 : McCollision global index : 12
[9672:printouttable1]: [18:51:26][INFO] Check1 : McCollision global index : 13
[9672:printouttable1]: [18:51:26][INFO] Check1 : McCollision global index : 14
[9672:printouttable1]: [18:51:26][INFO] Check1 : McCollision global index : 15
[9672:printouttable1]: [18:51:26][INFO] Check1 : McCollision global index : 16
[9672:printouttable1]: [18:51:26][INFO] Check1 : McCollision global index : 17
[9672:printouttable1]: [18:51:26][INFO] Check1 : McCollision global index : 18
[9672:printouttable1]: [18:51:26][INFO] Check1 : McCollision global index : 19
[9672:printouttable1]: [18:51:26][INFO] Check1 : McCollision global index : 20
[9672:printouttable1]: [18:51:26][INFO] Check1 : McCollision global index : 21
[9672:printouttable1]: [18:51:26][INFO] Check1 : McCollision global index : 22
[9672:printouttable1]: [18:51:26][INFO] Check1 : McCollision global index : 23
[9672:printouttable1]: [18:51:26][INFO] Check1 : McCollision global index : 24
[9673:printouttable2]: [18:51:26][INFO] Check2 : McCollision's id via indexing 0
[9673:printouttable2]: [18:51:26][INFO] ! Generated event doesn't have any reconstructed events !
[9673:printouttable2]: [18:51:26][INFO] Check2 : McCollision's id via indexing 2
[9673:printouttable2]: [18:51:26][INFO] Check2 : McCollision's id via indexing 3
[9673:printouttable2]: [18:51:26][INFO] Check2 : McCollision's id via indexing 4
[9673:printouttable2]: [18:51:26][INFO] Check2 : McCollision's id via indexing 5
[9673:printouttable2]: [18:51:26][INFO] Check2 : McCollision's id via indexing 6
[9673:printouttable2]: [18:51:26][INFO] Check2 : McCollision's id via indexing 7
[9673:printouttable2]: [18:51:26][INFO] Check2 : McCollision's id via indexing 8
[9673:printouttable2]: [18:51:26][INFO] Check2 : McCollision's id via indexing 9
[9673:printouttable2]: [18:51:26][INFO] Check2 : McCollision's id via indexing 10
[9673:printouttable2]: [18:51:26][INFO] ! Generated event doesn't have any reconstructed events !
[9673:printouttable2]: [18:51:26][INFO] Check2 : McCollision's id via indexing 12
[9673:printouttable2]: [18:51:26][INFO] Check2 : McCollision's id via indexing 13
[9673:printouttable2]: [18:51:26][INFO] Check2 : McCollision's id via indexing 14
[9673:printouttable2]: [18:51:26][INFO] ! Generated event doesn't have any reconstructed events !
[9673:printouttable2]: [18:51:26][INFO] Check2 : McCollision's id via indexing 16
[9673:printouttable2]: [18:51:26][INFO] Check2 : McCollision's id via indexing 17
[9673:printouttable2]: [18:51:26][INFO] Check2 : McCollision's id via indexing 18
[9673:printouttable2]: [18:51:26][INFO] Check2 : McCollision's id via indexing 19
[9673:printouttable2]: [18:51:26][INFO] Check2 : McCollision's id via indexing 20
[9673:printouttable2]: [18:51:26][INFO] Check2 : McCollision's id via indexing 21
[9673:printouttable2]: [18:51:26][INFO] Check2 : McCollision's id via indexing 22
[9673:printouttable2]: [18:51:26][INFO] Check2 : McCollision's id via indexing 23
[9673:printouttable2]: [18:51:26][INFO] Check2 : McCollision's id via indexing 23
[9673:printouttable2]: [18:51:26][INFO] Check2 : McCollision's id via indexing 24
[9672:printouttable1]: [18:51:26][INFO] Check1 : McCollision global index : 0
[9672:printouttable1]: [18:51:26][INFO] Check1 : McCollision global index : 1
[9672:printouttable1]: [18:51:26][INFO] Check1 : McCollision global index : 2
[9672:printouttable1]: [18:51:26][INFO] Check1 : McCollision global index : 3
[9672:printouttable1]: [18:51:26][INFO] Check1 : McCollision global index : 4
[9672:printouttable1]: [18:51:26][INFO] Check1 : McCollision global index : 5
[9672:printouttable1]: [18:51:26][INFO] Check1 : McCollision global index : 6
[9672:printouttable1]: [18:51:26][INFO] Check1 : McCollision global index : 7
[9672:printouttable1]: [18:51:26][INFO] Check1 : McCollision global index : 8
[9672:printouttable1]: [18:51:26][INFO] Check1 : McCollision global index : 9
[9672:printouttable1]: [18:51:26][INFO] Check1 : McCollision global index : 10
[9672:printouttable1]: [18:51:26][INFO] Check1 : McCollision global index : 11
[9672:printouttable1]: [18:51:26][INFO] Check1 : McCollision global index : 12
[9672:printouttable1]: [18:51:26][INFO] Check1 : McCollision global index : 13
[9672:printouttable1]: [18:51:26][INFO] Check1 : McCollision global index : 14
[9672:printouttable1]: [18:51:26][INFO] Check1 : McCollision global index : 15
[9672:printouttable1]: [18:51:26][INFO] Check1 : McCollision global index : 16
[9672:printouttable1]: [18:51:26][INFO] Check1 : McCollision global index : 17
[9672:printouttable1]: [18:51:26][INFO] Check1 : McCollision global index : 18
[9672:printouttable1]: [18:51:26][INFO] Check1 : McCollision global index : 19
[9672:printouttable1]: [18:51:26][INFO] Check1 : McCollision global index : 20
[9672:printouttable1]: [18:51:26][INFO] Check1 : McCollision global index : 21
[9672:printouttable1]: [18:51:26][INFO] Check1 : McCollision global index : 22
[9672:printouttable1]: [18:51:26][INFO] Check1 : McCollision global index : 23
[9672:printouttable1]: [18:51:26][INFO] Check1 : McCollision global index : 24
[9673:printouttable2]: [18:51:26][INFO] Check2 : McCollision's id via indexing 0
[9673:printouttable2]: [18:51:26][INFO] Check2 : McCollision's id via indexing 1
[9673:printouttable2]: [18:51:26][INFO] Check2 : McCollision's id via indexing 2
[9673:printouttable2]: [18:51:26][INFO] Check2 : McCollision's id via indexing 3
[9673:printouttable2]: [18:51:26][INFO] Check2 : McCollision's id via indexing 4
[9673:printouttable2]: [18:51:26][INFO] Check2 : McCollision's id via indexing 5
[9673:printouttable2]: [18:51:26][INFO] Check2 : McCollision's id via indexing 6
[9673:printouttable2]: [18:51:26][INFO] Check2 : McCollision's id via indexing 7
[9673:printouttable2]: [18:51:26][INFO] Check2 : McCollision's id via indexing 8
[9673:printouttable2]: [18:51:26][INFO] ! Generated event doesn't have any reconstructed events !
[9673:printouttable2]: [18:51:26][INFO] Check2 : McCollision's id via indexing 10
[9673:printouttable2]: [18:51:26][INFO] Check2 : McCollision's id via indexing 11
[9673:printouttable2]: [18:51:26][INFO] Check2 : McCollision's id via indexing 12
[9673:printouttable2]: [18:51:26][INFO] Check2 : McCollision's id via indexing 13
[9673:printouttable2]: [18:51:26][INFO] Check2 : McCollision's id via indexing 14
[9673:printouttable2]: [18:51:26][INFO] Check2 : McCollision's id via indexing 15
[9673:printouttable2]: [18:51:26][INFO] ! Generated event doesn't have any reconstructed events !
[9673:printouttable2]: [18:51:26][INFO] Check2 : McCollision's id via indexing 17
[9673:printouttable2]: [18:51:26][INFO] Check2 : McCollision's id via indexing 18
[9673:printouttable2]: [18:51:26][INFO] Check2 : McCollision's id via indexing 19
[9673:printouttable2]: [18:51:26][INFO] Check2 : McCollision's id via indexing 20
[9673:printouttable2]: [18:51:26][INFO] Check2 : McCollision's id via indexing 21
[9673:printouttable2]: [18:51:26][INFO] Check2 : McCollision's id via indexing 22
[9673:printouttable2]: [18:51:26][INFO] ! Generated event doesn't have any reconstructed events !
[9673:printouttable2]: [18:51:26][INFO] Check2 : McCollision's id via indexing 24
[9672:printouttable1]: [18:51:26][INFO] Check1 : McCollision global index : 0
[9672:printouttable1]: [18:51:26][INFO] Check1 : McCollision global index : 1
[9672:printouttable1]: [18:51:26][INFO] Check1 : McCollision global index : 2
[9672:printouttable1]: [18:51:26][INFO] Check1 : McCollision global index : 3
[9672:printouttable1]: [18:51:26][INFO] Check1 : McCollision global index : 4
[9672:printouttable1]: [18:51:26][INFO] Check1 : McCollision global index : 5
[9672:printouttable1]: [18:51:26][INFO] Check1 : McCollision global index : 6
[9672:printouttable1]: [18:51:26][INFO] Check1 : McCollision global index : 7
[9672:printouttable1]: [18:51:26][INFO] Check1 : McCollision global index : 8
[9672:printouttable1]: [18:51:26][INFO] Check1 : McCollision global index : 9
[9672:printouttable1]: [18:51:26][INFO] Check1 : McCollision global index : 10
[9672:printouttable1]: [18:51:26][INFO] Check1 : McCollision global index : 11
[9672:printouttable1]: [18:51:26][INFO] Check1 : McCollision global index : 12
[9672:printouttable1]: [18:51:26][INFO] Check1 : McCollision global index : 13
[9672:printouttable1]: [18:51:26][INFO] Check1 : McCollision global index : 14
[9672:printouttable1]: [18:51:26][INFO] Check1 : McCollision global index : 15
[9672:printouttable1]: [18:51:26][INFO] Check1 : McCollision global index : 16
[9672:printouttable1]: [18:51:26][INFO] Check1 : McCollision global index : 17
[9672:printouttable1]: [18:51:26][INFO] Check1 : McCollision global index : 18
[9672:printouttable1]: [18:51:26][INFO] Check1 : McCollision global index : 19
[9672:printouttable1]: [18:51:26][INFO] Check1 : McCollision global index : 20
[9672:printouttable1]: [18:51:26][INFO] Check1 : McCollision global index : 21
[9672:printouttable1]: [18:51:26][INFO] Check1 : McCollision global index : 22
[9672:printouttable1]: [18:51:26][INFO] Check1 : McCollision global index : 23
[9672:printouttable1]: [18:51:26][INFO] Check1 : McCollision global index : 24
[9673:printouttable2]: [18:51:26][INFO] Check2 : McCollision's id via indexing 0
[9673:printouttable2]: [18:51:26][INFO] Check2 : McCollision's id via indexing 1
[9673:printouttable2]: [18:51:26][INFO] Check2 : McCollision's id via indexing 2
[9673:printouttable2]: [18:51:26][INFO] Check2 : McCollision's id via indexing 3
[9673:printouttable2]: [18:51:26][INFO] Check2 : McCollision's id via indexing 4
[9673:printouttable2]: [18:51:26][INFO] Check2 : McCollision's id via indexing 5
[9673:printouttable2]: [18:51:26][INFO] ! Generated event doesn't have any reconstructed events !
[9673:printouttable2]: [18:51:26][INFO] Check2 : McCollision's id via indexing 7
[9673:printouttable2]: [18:51:26][INFO] Check2 : McCollision's id via indexing 8
[9673:printouttable2]: [18:51:26][INFO] Check2 : McCollision's id via indexing 9
[9673:printouttable2]: [18:51:26][INFO] Check2 : McCollision's id via indexing 10
[9673:printouttable2]: [18:51:26][INFO] Check2 : McCollision's id via indexing 11
[9673:printouttable2]: [18:51:26][INFO] Check2 : McCollision's id via indexing 12
[9673:printouttable2]: [18:51:26][INFO] Check2 : McCollision's id via indexing 13
[9673:printouttable2]: [18:51:26][INFO] Check2 : McCollision's id via indexing 14
[9673:printouttable2]: [18:51:26][INFO] Check2 : McCollision's id via indexing 15
[9673:printouttable2]: [18:51:26][INFO] Check2 : McCollision's id via indexing 16
[9673:printouttable2]: [18:51:26][INFO] Check2 : McCollision's id via indexing 17
[9673:printouttable2]: [18:51:26][INFO] Check2 : McCollision's id via indexing 18
[9673:printouttable2]: [18:51:26][INFO] Check2 : McCollision's id via indexing 19
[9673:printouttable2]: [18:51:26][INFO] Check2 : McCollision's id via indexing 20
[9673:printouttable2]: [18:51:26][INFO] ! Generated event doesn't have any reconstructed events !
[9673:printouttable2]: [18:51:26][INFO] Check2 : McCollision's id via indexing 22
[9673:printouttable2]: [18:51:26][INFO] Check2 : McCollision's id via indexing 23
[9673:printouttable2]: [18:51:26][INFO] Check2 : McCollision's id via indexing 24
[9673:printouttable2]: [18:51:26][INFO] Check2 : McCollision's id via indexing 24
[9672:printouttable1]: [18:51:26][INFO] Check1 : McCollision global index : 0
[9672:printouttable1]: [18:51:26][INFO] Check1 : McCollision global index : 1
[9672:printouttable1]: [18:51:26][INFO] Check1 : McCollision global index : 2
[9672:printouttable1]: [18:51:26][INFO] Check1 : McCollision global index : 3
[9672:printouttable1]: [18:51:26][INFO] Check1 : McCollision global index : 4
[9672:printouttable1]: [18:51:26][INFO] Check1 : McCollision global index : 5
[9672:printouttable1]: [18:51:26][INFO] Check1 : McCollision global index : 6
[9672:printouttable1]: [18:51:26][INFO] Check1 : McCollision global index : 7
[9672:printouttable1]: [18:51:26][INFO] Check1 : McCollision global index : 8
[9672:printouttable1]: [18:51:26][INFO] Check1 : McCollision global index : 9
[9672:printouttable1]: [18:51:26][INFO] Check1 : McCollision global index : 10
[9672:printouttable1]: [18:51:26][INFO] Check1 : McCollision global index : 11
[9672:printouttable1]: [18:51:26][INFO] Check1 : McCollision global index : 12
[9672:printouttable1]: [18:51:26][INFO] Check1 : McCollision global index : 13
[9672:printouttable1]: [18:51:26][INFO] Check1 : McCollision global index : 14
[9672:printouttable1]: [18:51:26][INFO] Check1 : McCollision global index : 15
[9672:printouttable1]: [18:51:26][INFO] Check1 : McCollision global index : 16
[9672:printouttable1]: [18:51:26][INFO] Check1 : McCollision global index : 17
[9672:printouttable1]: [18:51:26][INFO] Check1 : McCollision global index : 18
[9672:printouttable1]: [18:51:26][INFO] Check1 : McCollision global index : 19
[9672:printouttable1]: [18:51:26][INFO] Check1 : McCollision global index : 20
[9672:printouttable1]: [18:51:26][INFO] Check1 : McCollision global index : 21
[9672:printouttable1]: [18:51:26][INFO] Check1 : McCollision global index : 22
[9672:printouttable1]: [18:51:26][INFO] Check1 : McCollision global index : 23
[9672:printouttable1]: [18:51:26][INFO] Check1 : McCollision global index : 24
[9673:printouttable2]: [18:51:26][INFO] Check2 : McCollision's id via indexing 0
[9673:printouttable2]: [18:51:26][INFO] Check2 : McCollision's id via indexing 1
[9673:printouttable2]: [18:51:26][INFO] Check2 : McCollision's id via indexing 2
[9673:printouttable2]: [18:51:26][INFO] Check2 : McCollision's id via indexing 3
[9673:printouttable2]: [18:51:26][INFO] Check2 : McCollision's id via indexing 4
[9673:printouttable2]: [18:51:26][INFO] Check2 : McCollision's id via indexing 5
[9673:printouttable2]: [18:51:26][INFO] Check2 : McCollision's id via indexing 6
[9673:printouttable2]: [18:51:26][INFO] Check2 : McCollision's id via indexing 7
[9673:printouttable2]: [18:51:26][INFO] Check2 : McCollision's id via indexing 8
[9673:printouttable2]: [18:51:26][INFO] Check2 : McCollision's id via indexing 9
[9673:printouttable2]: [18:51:26][INFO] Check2 : McCollision's id via indexing 10
[9673:printouttable2]: [18:51:26][INFO] Check2 : McCollision's id via indexing 11
[9673:printouttable2]: [18:51:26][INFO] Check2 : McCollision's id via indexing 12
[9673:printouttable2]: [18:51:26][INFO] Check2 : McCollision's id via indexing 13
[9673:printouttable2]: [18:51:26][INFO] Check2 : McCollision's id via indexing 14
[9673:printouttable2]: [18:51:26][INFO] Check2 : McCollision's id via indexing 15
[9673:printouttable2]: [18:51:26][INFO] Check2 : McCollision's id via indexing 16
[9673:printouttable2]: [18:51:26][INFO] Check2 : McCollision's id via indexing 17
[9673:printouttable2]: [18:51:26][INFO] ! Generated event doesn't have any reconstructed events !
[9673:printouttable2]: [18:51:26][INFO] Check2 : McCollision's id via indexing 19
[9673:printouttable2]: [18:51:26][INFO] Check2 : McCollision's id via indexing 20
[9673:printouttable2]: [18:51:26][INFO] Check2 : McCollision's id via indexing 21
[9673:printouttable2]: [18:51:26][INFO] Check2 : McCollision's id via indexing 22
[9673:printouttable2]: [18:51:26][INFO] Check2 : McCollision's id via indexing 23
[9673:printouttable2]: [18:51:26][INFO] Check2 : McCollision's id via indexing 24
[9672:printouttable1]: [18:51:27][INFO] Check1 : McCollision global index : 0
[9672:printouttable1]: [18:51:27][INFO] Check1 : McCollision global index : 1
[9672:printouttable1]: [18:51:27][INFO] Check1 : McCollision global index : 2
[9672:printouttable1]: [18:51:27][INFO] Check1 : McCollision global index : 3
[9672:printouttable1]: [18:51:27][INFO] Check1 : McCollision global index : 4
[9672:printouttable1]: [18:51:27][INFO] Check1 : McCollision global index : 5
[9672:printouttable1]: [18:51:27][INFO] Check1 : McCollision global index : 6
[9672:printouttable1]: [18:51:27][INFO] Check1 : McCollision global index : 7
[9672:printouttable1]: [18:51:27][INFO] Check1 : McCollision global index : 8
[9672:printouttable1]: [18:51:27][INFO] Check1 : McCollision global index : 9
[9672:printouttable1]: [18:51:27][INFO] Check1 : McCollision global index : 10
[9672:printouttable1]: [18:51:27][INFO] Check1 : McCollision global index : 11
[9672:printouttable1]: [18:51:27][INFO] Check1 : McCollision global index : 12
[9672:printouttable1]: [18:51:27][INFO] Check1 : McCollision global index : 13
[9672:printouttable1]: [18:51:27][INFO] Check1 : McCollision global index : 14
[9672:printouttable1]: [18:51:27][INFO] Check1 : McCollision global index : 15
[9672:printouttable1]: [18:51:27][INFO] Check1 : McCollision global index : 16
[9672:printouttable1]: [18:51:27][INFO] Check1 : McCollision global index : 17
[9672:printouttable1]: [18:51:27][INFO] Check1 : McCollision global index : 18
[9672:printouttable1]: [18:51:27][INFO] Check1 : McCollision global index : 19
[9672:printouttable1]: [18:51:27][INFO] Check1 : McCollision global index : 20
[9672:printouttable1]: [18:51:27][INFO] Check1 : McCollision global index : 21
[9672:printouttable1]: [18:51:27][INFO] Check1 : McCollision global index : 22
[9672:printouttable1]: [18:51:27][INFO] Check1 : McCollision global index : 23
[9672:printouttable1]: [18:51:27][INFO] Check1 : McCollision global index : 24
[9673:printouttable2]: [18:51:27][INFO] Check2 : McCollision's id via indexing 0
[9673:printouttable2]: [18:51:27][INFO] Check2 : McCollision's id via indexing 1
[9673:printouttable2]: [18:51:27][INFO] Check2 : McCollision's id via indexing 2
[9673:printouttable2]: [18:51:27][INFO] Check2 : McCollision's id via indexing 3
[9673:printouttable2]: [18:51:27][INFO] Check2 : McCollision's id via indexing 4
[9673:printouttable2]: [18:51:27][INFO] Check2 : McCollision's id via indexing 5
[9673:printouttable2]: [18:51:27][INFO] Check2 : McCollision's id via indexing 5
[9673:printouttable2]: [18:51:27][INFO] Check2 : McCollision's id via indexing 6
[9673:printouttable2]: [18:51:27][INFO] Check2 : McCollision's id via indexing 7
[9673:printouttable2]: [18:51:27][INFO] Check2 : McCollision's id via indexing 8
[9673:printouttable2]: [18:51:27][INFO] Check2 : McCollision's id via indexing 9
[9673:printouttable2]: [18:51:27][INFO] Check2 : McCollision's id via indexing 10
[9673:printouttable2]: [18:51:27][INFO] Check2 : McCollision's id via indexing 11
[9673:printouttable2]: [18:51:27][INFO] ! Generated event doesn't have any reconstructed events !
[9673:printouttable2]: [18:51:27][INFO] Check2 : McCollision's id via indexing 13
[9673:printouttable2]: [18:51:27][INFO] Check2 : McCollision's id via indexing 14
[9673:printouttable2]: [18:51:27][INFO] Check2 : McCollision's id via indexing 15
[9673:printouttable2]: [18:51:27][INFO] ! Generated event doesn't have any reconstructed events !
[9673:printouttable2]: [18:51:27][INFO] Check2 : McCollision's id via indexing 17
[9673:printouttable2]: [18:51:27][INFO] Check2 : McCollision's id via indexing 18
[9673:printouttable2]: [18:51:27][INFO] Check2 : McCollision's id via indexing 19
[9673:printouttable2]: [18:51:27][INFO] Check2 : McCollision's id via indexing 20
[9673:printouttable2]: [18:51:27][INFO] Check2 : McCollision's id via indexing 21
[9673:printouttable2]: [18:51:27][INFO] Check2 : McCollision's id via indexing 22
[9673:printouttable2]: [18:51:27][INFO] Check2 : McCollision's id via indexing 23
[9673:printouttable2]: [18:51:27][INFO] Check2 : McCollision's id via indexing 24
[9672:printouttable1]: [18:51:27][INFO] Check1 : McCollision global index : 0
[9672:printouttable1]: [18:51:27][INFO] Check1 : McCollision global index : 1
[9672:printouttable1]: [18:51:27][INFO] Check1 : McCollision global index : 2
[9672:printouttable1]: [18:51:27][INFO] Check1 : McCollision global index : 3
[9672:printouttable1]: [18:51:27][INFO] Check1 : McCollision global index : 4
[9672:printouttable1]: [18:51:27][INFO] Check1 : McCollision global index : 5
[9672:printouttable1]: [18:51:27][INFO] Check1 : McCollision global index : 6
[9672:printouttable1]: [18:51:27][INFO] Check1 : McCollision global index : 7
[9672:printouttable1]: [18:51:27][INFO] Check1 : McCollision global index : 8
[9672:printouttable1]: [18:51:27][INFO] Check1 : McCollision global index : 9
[9672:printouttable1]: [18:51:27][INFO] Check1 : McCollision global index : 10
[9672:printouttable1]: [18:51:27][INFO] Check1 : McCollision global index : 11
[9672:printouttable1]: [18:51:27][INFO] Check1 : McCollision global index : 12
[9672:printouttable1]: [18:51:27][INFO] Check1 : McCollision global index : 13
[9672:printouttable1]: [18:51:27][INFO] Check1 : McCollision global index : 14
[9672:printouttable1]: [18:51:27][INFO] Check1 : McCollision global index : 15
[9672:printouttable1]: [18:51:27][INFO] Check1 : McCollision global index : 16
[9672:printouttable1]: [18:51:27][INFO] Check1 : McCollision global index : 17
[9672:printouttable1]: [18:51:27][INFO] Check1 : McCollision global index : 18
[9672:printouttable1]: [18:51:27][INFO] Check1 : McCollision global index : 19
[9672:printouttable1]: [18:51:27][INFO] Check1 : McCollision global index : 20
[9672:printouttable1]: [18:51:27][INFO] Check1 : McCollision global index : 21
[9672:printouttable1]: [18:51:27][INFO] Check1 : McCollision global index : 22
[9672:printouttable1]: [18:51:27][INFO] Check1 : McCollision global index : 23
[9672:printouttable1]: [18:51:27][INFO] Check1 : McCollision global index : 24
[9673:printouttable2]: [18:51:27][INFO] Check2 : McCollision's id via indexing 0
[9673:printouttable2]: [18:51:27][INFO] Check2 : McCollision's id via indexing 1
[9673:printouttable2]: [18:51:27][INFO] Check2 : McCollision's id via indexing 2
[9673:printouttable2]: [18:51:27][INFO] Check2 : McCollision's id via indexing 3
[9673:printouttable2]: [18:51:27][INFO] Check2 : McCollision's id via indexing 4
[9673:printouttable2]: [18:51:27][INFO] Check2 : McCollision's id via indexing 5
[9673:printouttable2]: [18:51:27][INFO] Check2 : McCollision's id via indexing 6
[9673:printouttable2]: [18:51:27][INFO] Check2 : McCollision's id via indexing 7
[9673:printouttable2]: [18:51:27][INFO] Check2 : McCollision's id via indexing 8
[9673:printouttable2]: [18:51:27][INFO] Check2 : McCollision's id via indexing 9
[9673:printouttable2]: [18:51:27][INFO] Check2 : McCollision's id via indexing 10
[9673:printouttable2]: [18:51:27][INFO] Check2 : McCollision's id via indexing 11
[9673:printouttable2]: [18:51:27][INFO] Check2 : McCollision's id via indexing 12
[9673:printouttable2]: [18:51:27][INFO] Check2 : McCollision's id via indexing 13
[9673:printouttable2]: [18:51:27][INFO] Check2 : McCollision's id via indexing 14
[9673:printouttable2]: [18:51:27][INFO] Check2 : McCollision's id via indexing 15
[9673:printouttable2]: [18:51:27][INFO] Check2 : McCollision's id via indexing 16
[9673:printouttable2]: [18:51:27][INFO] Check2 : McCollision's id via indexing 17
[9673:printouttable2]: [18:51:27][INFO] Check2 : McCollision's id via indexing 18
[9673:printouttable2]: [18:51:27][INFO] Check2 : McCollision's id via indexing 19
[9673:printouttable2]: [18:51:27][INFO] Check2 : McCollision's id via indexing 20
[9673:printouttable2]: [18:51:27][INFO] Check2 : McCollision's id via indexing 21
[9673:printouttable2]: [18:51:27][INFO] Check2 : McCollision's id via indexing 22
[9673:printouttable2]: [18:51:27][INFO] Check2 : McCollision's id via indexing 23
[9673:printouttable2]: [18:51:27][INFO] Check2 : McCollision's id via indexing 24
[9672:printouttable1]: [18:51:27][INFO] Check1 : McCollision global index : 0
[9672:printouttable1]: [18:51:27][INFO] Check1 : McCollision global index : 1
[9672:printouttable1]: [18:51:27][INFO] Check1 : McCollision global index : 2
[9672:printouttable1]: [18:51:27][INFO] Check1 : McCollision global index : 3
[9672:printouttable1]: [18:51:27][INFO] Check1 : McCollision global index : 4
[9672:printouttable1]: [18:51:27][INFO] Check1 : McCollision global index : 5
[9672:printouttable1]: [18:51:27][INFO] Check1 : McCollision global index : 6
[9672:printouttable1]: [18:51:27][INFO] Check1 : McCollision global index : 7
[9672:printouttable1]: [18:51:27][INFO] Check1 : McCollision global index : 8
[9672:printouttable1]: [18:51:27][INFO] Check1 : McCollision global index : 9
[9672:printouttable1]: [18:51:27][INFO] Check1 : McCollision global index : 10
[9672:printouttable1]: [18:51:27][INFO] Check1 : McCollision global index : 11
[9672:printouttable1]: [18:51:27][INFO] Check1 : McCollision global index : 12
[9672:printouttable1]: [18:51:27][INFO] Check1 : McCollision global index : 13
[9672:printouttable1]: [18:51:27][INFO] Check1 : McCollision global index : 14
[9672:printouttable1]: [18:51:27][INFO] Check1 : McCollision global index : 15
[9672:printouttable1]: [18:51:27][INFO] Check1 : McCollision global index : 16
[9672:printouttable1]: [18:51:27][INFO] Check1 : McCollision global index : 17
[9672:printouttable1]: [18:51:27][INFO] Check1 : McCollision global index : 18
[9672:printouttable1]: [18:51:27][INFO] Check1 : McCollision global index : 19
[9672:printouttable1]: [18:51:27][INFO] Check1 : McCollision global index : 20
[9672:printouttable1]: [18:51:27][INFO] Check1 : McCollision global index : 21
[9672:printouttable1]: [18:51:27][INFO] Check1 : McCollision global index : 22
[9672:printouttable1]: [18:51:27][INFO] Check1 : McCollision global index : 23
[9672:printouttable1]: [18:51:27][INFO] Check1 : McCollision global index : 24
[9673:printouttable2]: [18:51:27][INFO] Check2 : McCollision's id via indexing 0
[9673:printouttable2]: [18:51:27][INFO] Check2 : McCollision's id via indexing 1
[9673:printouttable2]: [18:51:27][INFO] Check2 : McCollision's id via indexing 2
[9673:printouttable2]: [18:51:27][INFO] Check2 : McCollision's id via indexing 3
[9673:printouttable2]: [18:51:27][INFO] Check2 : McCollision's id via indexing 4
[9673:printouttable2]: [18:51:27][INFO] Check2 : McCollision's id via indexing 5
[9673:printouttable2]: [18:51:27][INFO] Check2 : McCollision's id via indexing 6
[9673:printouttable2]: [18:51:27][INFO] Check2 : McCollision's id via indexing 7
[9673:printouttable2]: [18:51:27][INFO] Check2 : McCollision's id via indexing 8
[9673:printouttable2]: [18:51:27][INFO] Check2 : McCollision's id via indexing 9
[9673:printouttable2]: [18:51:27][INFO] ! Generated event doesn't have any reconstructed events !
[9673:printouttable2]: [18:51:27][INFO] ! Generated event doesn't have any reconstructed events !
[9673:printouttable2]: [18:51:27][INFO] Check2 : McCollision's id via indexing 12
[9673:printouttable2]: [18:51:27][INFO] Check2 : McCollision's id via indexing 13
[9673:printouttable2]: [18:51:27][INFO] Check2 : McCollision's id via indexing 14
[9673:printouttable2]: [18:51:27][INFO] Check2 : McCollision's id via indexing 14
[9673:printouttable2]: [18:51:27][INFO] Check2 : McCollision's id via indexing 15
[9673:printouttable2]: [18:51:27][INFO] Check2 : McCollision's id via indexing 16
[9673:printouttable2]: [18:51:27][INFO] Check2 : McCollision's id via indexing 17
[9673:printouttable2]: [18:51:27][INFO] Check2 : McCollision's id via indexing 18
[9673:printouttable2]: [18:51:27][INFO] Check2 : McCollision's id via indexing 19
[9673:printouttable2]: [18:51:27][INFO] Check2 : McCollision's id via indexing 20
[9673:printouttable2]: [18:51:27][INFO] Check2 : McCollision's id via indexing 21
[9673:printouttable2]: [18:51:27][INFO] Check2 : McCollision's id via indexing 22
[9673:printouttable2]: [18:51:27][INFO] Check2 : McCollision's id via indexing 23
[9673:printouttable2]: [18:51:27][INFO] Check2 : McCollision's id via indexing 24
[9672:printouttable1]: [18:51:27][INFO] Check1 : McCollision global index : 0
[9672:printouttable1]: [18:51:27][INFO] Check1 : McCollision global index : 1
[9672:printouttable1]: [18:51:27][INFO] Check1 : McCollision global index : 2
[9672:printouttable1]: [18:51:27][INFO] Check1 : McCollision global index : 3
[9672:printouttable1]: [18:51:27][INFO] Check1 : McCollision global index : 4
[9672:printouttable1]: [18:51:27][INFO] Check1 : McCollision global index : 5
[9672:printouttable1]: [18:51:27][INFO] Check1 : McCollision global index : 6
[9672:printouttable1]: [18:51:27][INFO] Check1 : McCollision global index : 7
[9672:printouttable1]: [18:51:27][INFO] Check1 : McCollision global index : 8
[9672:printouttable1]: [18:51:27][INFO] Check1 : McCollision global index : 9
[9672:printouttable1]: [18:51:27][INFO] Check1 : McCollision global index : 10
[9672:printouttable1]: [18:51:27][INFO] Check1 : McCollision global index : 11
[9672:printouttable1]: [18:51:27][INFO] Check1 : McCollision global index : 12
[9672:printouttable1]: [18:51:27][INFO] Check1 : McCollision global index : 13
[9672:printouttable1]: [18:51:27][INFO] Check1 : McCollision global index : 14
[9672:printouttable1]: [18:51:27][INFO] Check1 : McCollision global index : 15
[9672:printouttable1]: [18:51:27][INFO] Check1 : McCollision global index : 16
[9672:printouttable1]: [18:51:27][INFO] Check1 : McCollision global index : 17
[9667:internal-dpl-aod-reader]: [18:51:27][INFO] No input files left to read for reader 0!
[9672:printouttable1]: [18:51:27][INFO] Check1 : McCollision global index : 18
[9672:printouttable1]: [18:51:27][INFO] Check1 : McCollision global index : 19
[9672:printouttable1]: [18:51:27][INFO] Check1 : McCollision global index : 20
[9672:printouttable1]: [18:51:27][INFO] Check1 : McCollision global index : 21
[9672:printouttable1]: [18:51:27][INFO] Check1 : McCollision global index : 22
[9672:printouttable1]: [18:51:27][INFO] Check1 : McCollision global index : 23
[9672:printouttable1]: [18:51:27][INFO] Check1 : McCollision global index : 24
[9667:internal-dpl-aod-reader]: [18:51:27][INFO] Read info: lfn=/Users/jinhyunpark/npl/Analysis/ALICE/data/ao2d/O2Tutorial4.0/MC/AO2D.root,size=1775705331,total_df=31,read_df=31,read_bytes=2929533157,read_calls=4236,io_time=7.6,wait_time=43.9,level=0
[9673:printouttable2]: [18:51:27][INFO] Check2 : McCollision's id via indexing 0
[9673:printouttable2]: [18:51:27][INFO] Check2 : McCollision's id via indexing 1
[9673:printouttable2]: [18:51:27][INFO] Check2 : McCollision's id via indexing 2
[9667:internal-dpl-aod-reader]: [18:51:27][INFO] Sending end-of-stream message to channel from_internal-dpl-aod-reader_to_internal-dpl-aod-spawner
[9667:internal-dpl-aod-reader]: [18:51:27][INFO] Sending end-of-stream message to channel from_internal-dpl-aod-reader_to_internal-dpl-aod-index-builder
[9667:internal-dpl-aod-reader]: [18:51:27][INFO] Sending end-of-stream message to channel from_internal-dpl-aod-reader_to_mc-collision-converter
[9673:printouttable2]: [18:51:27][INFO] Check2 : McCollision's id via indexing 3
[9673:printouttable2]: [18:51:27][INFO] Check2 : McCollision's id via indexing 4
[9673:printouttable2]: [18:51:27][INFO] Check2 : McCollision's id via indexing 5
[9667:internal-dpl-aod-reader]: [18:51:27][INFO] Sending end-of-stream message to channel from_internal-dpl-aod-reader_to_printouttable2
[9667:internal-dpl-aod-reader]: [18:51:27][INFO] Sending end-of-stream message to channel from_internal-dpl-aod-reader_to_internal-dpl-aod-writer
[9673:printouttable2]: [18:51:27][INFO] Check2 : McCollision's id via indexing 6
[9673:printouttable2]: [18:51:27][INFO] ! Generated event doesn't have any reconstructed events !
[9673:printouttable2]: [18:51:27][INFO] Check2 : McCollision's id via indexing 8
[9673:printouttable2]: [18:51:27][INFO] ! Generated event doesn't have any reconstructed events !
[9673:printouttable2]: [18:51:27][INFO] Check2 : McCollision's id via indexing 10
[9673:printouttable2]: [18:51:27][INFO] Check2 : McCollision's id via indexing 11
[9673:printouttable2]: [18:51:27][INFO] Check2 : McCollision's id via indexing 12
[9673:printouttable2]: [18:51:27][INFO] Check2 : McCollision's id via indexing 13
[9673:printouttable2]: [18:51:27][INFO] Check2 : McCollision's id via indexing 14
[9673:printouttable2]: [18:51:27][INFO] Check2 : McCollision's id via indexing 15
[9673:printouttable2]: [18:51:27][INFO] Check2 : McCollision's id via indexing 16
[9673:printouttable2]: [18:51:27][INFO] Check2 : McCollision's id via indexing 17
[9673:printouttable2]: [18:51:27][INFO] Check2 : McCollision's id via indexing 18
[9673:printouttable2]: [18:51:27][INFO] Check2 : McCollision's id via indexing 19
[9673:printouttable2]: [18:51:27][INFO] Check2 : McCollision's id via indexing 20
[9673:printouttable2]: [18:51:27][INFO] Check2 : McCollision's id via indexing 21
[9673:printouttable2]: [18:51:27][INFO] ! Generated event doesn't have any reconstructed events !
[9673:printouttable2]: [18:51:27][INFO] Check2 : McCollision's id via indexing 23
[9673:printouttable2]: [18:51:27][INFO] Check2 : McCollision's id via indexing 24
[9670:mc-collision-converter]: [18:51:27][INFO] Sending end-of-stream message to channel from_mc-collision-converter_to_printouttable1
[9672:printouttable1]: [18:51:27][INFO] Sending end-of-stream message to channel from_printouttable1_to_printouttable2
[9673:printouttable2]: [18:51:27][INFO] Sending end-of-stream message to channel from_printouttable2_to_filltable
[9669:internal-dpl-aod-index-builder]: [18:51:27][INFO] Sending end-of-stream message to channel from_internal-dpl-aod-index-builder_to_timestamp-task
[9669:internal-dpl-aod-index-builder]: [18:51:27][INFO] Sending end-of-stream message to channel from_internal-dpl-aod-index-builder_to_bc-selection-task
[9671:timestamp-task]: [18:51:27][INFO] CCDBManager summary: 2 queries, 563 bytes for 2 objects, 1 good fetches (and 0 failed ones) in 3,913 ms, instance: jinhyun-MacBook-Pro-2.local-1743673835-n95Dld
[9671:timestamp-task]: [18:51:27][INFO] CCDB cache miss/hit/failures
[9671:timestamp-task]: [18:51:27][INFO]   CTP/Calib/OrbitReset: 1/0/0 (563-563 bytes)
[9671:timestamp-task]: [18:51:27][INFO]   RCT-Run-Info HeaderOnly: 1/0/0 (0-0 bytes)
[9671:timestamp-task]: [18:51:27][INFO] Sending end-of-stream message to channel from_timestamp-task_to_bc-selection-task
[9674:bc-selection-task]: [18:51:27][INFO] CCDBManager summary: 10 queries, 13,126 bytes for 10 objects, 9 good fetches (and 0 failed ones) in 14,823 ms, instance: jinhyun-MacBook-Pro-2.local-1743673835-tDXO0a
[9674:bc-selection-task]: [18:51:27][INFO] CCDB cache miss/hit/failures
[9674:bc-selection-task]: [18:51:27][INFO]   ITS/Calib/TimeDeadMap: 1/0/0 (3397-3397 bytes)
[9674:bc-selection-task]: [18:51:27][INFO]   GLO/Config/GRPLHCIF: 1/0/0 (1815-1815 bytes)
[9674:bc-selection-task]: [18:51:27][INFO]   EventSelection/EventSelectionParams: 1/0/0 (1610-1610 bytes)
[9674:bc-selection-task]: [18:51:27][INFO]   ITS/Config/AlpideParam: 1/0/0 (1416-1416 bytes)
[9674:bc-selection-task]: [18:51:27][INFO]   GLO/Config/GRPECS: 1/0/0 (1878-1878 bytes)
[9674:bc-selection-task]: [18:51:27][INFO]   EventSelection/TriggerAliases: 1/0/0 (1122-1122 bytes)
[9674:bc-selection-task]: [18:51:27][INFO]   CTP/Calib/OrbitReset: 1/0/0 (563-563 bytes)
[9674:bc-selection-task]: [18:51:27][INFO]   Users/j/jian/RCT: 1/0/0 (746-746 bytes)
[9674:bc-selection-task]: [18:51:27][INFO]   CTP/Calib/FirstRunOrbit: 1/0/0 (579-579 bytes)
[9674:bc-selection-task]: [18:51:27][INFO]   RCT-Run-Info HeaderOnly: 1/0/0 (0-0 bytes)
[9674:bc-selection-task]: [18:51:27][INFO] Sending end-of-stream message to channel from_bc-selection-task_to_track-propagation
[9674:bc-selection-task]: [18:51:27][INFO] Sending end-of-stream message to channel from_bc-selection-task_to_event-selection-task
[9674:bc-selection-task]: [18:51:27][INFO] Sending end-of-stream message to channel from_bc-selection-task_to_multiplicity-table
[9674:bc-selection-task]: [18:51:27][INFO] Sending end-of-stream message to channel from_bc-selection-task_to_internal-dpl-aod-global-analysis-file-sink
[9668:internal-dpl-aod-spawner]: [18:51:27][INFO] Sending end-of-stream message to channel from_internal-dpl-aod-spawner_to_filltable
[9668:internal-dpl-aod-spawner]: [18:51:27][INFO] Sending end-of-stream message to channel from_internal-dpl-aod-spawner_to_tracks-extra-v002-converter
[9668:internal-dpl-aod-spawner]: [18:51:27][INFO] Sending end-of-stream message to channel from_internal-dpl-aod-spawner_to_track-propagation
[9668:internal-dpl-aod-spawner]: [18:51:27][INFO] Sending end-of-stream message to channel from_internal-dpl-aod-spawner_to_event-selection-task
[9676:tracks-extra-v002-converter]: [18:51:27][INFO] Sending end-of-stream message to channel from_tracks-extra-v002-converter_to_tracks-extra-spawner
[9677:tracks-extra-spawner]: [18:51:27][INFO] Sending end-of-stream message to channel from_tracks-extra-spawner_to_event-selection-task
[9675:filltable]: [18:51:28][INFO] Sending end-of-stream message to channel from_filltable_to_track-propagation
[9675:filltable]: [18:51:28][INFO] Sending end-of-stream message to channel from_filltable_to_internal-dpl-aod-global-analysis-file-sink
[9675:filltable]: [18:51:28][INFO] Sending end-of-stream message to channel from_filltable_to_internal-dpl-aod-writer
[9678:track-propagation]: [18:51:36][INFO] CCDBManager summary: 3 queries, 21,441,716 bytes for 3 objects, 3 good fetches (and 0 failed ones) in 6,541 ms, instance: jinhyun-MacBook-Pro-2.local-1743673835-mGDLtl
[9678:track-propagation]: [18:51:36][INFO] CCDB cache miss/hit/failures
[9678:track-propagation]: [18:51:36][INFO]   GLO/Calib/MeanVertex: 1/0/0 (1605-1605 bytes)
[9678:track-propagation]: [18:51:36][INFO]   GLO/Config/GRPMagField: 1/0/0 (1115-1115 bytes)
[9678:track-propagation]: [18:51:36][INFO]   GLO/Param/MatLUT: 1/0/0 (21438996-21438996 bytes)
[9681:internal-dpl-aod-writer]: [18:51:36][CRITICAL] Some Lifetime::Timeframe data got dropped starting at 31
[9678:track-propagation]: [18:51:36][INFO] Sending end-of-stream message to channel from_track-propagation_to_event-selection-task
[9678:track-propagation]: [18:51:36][INFO] Sending end-of-stream message to channel from_track-propagation_to_internal-dpl-aod-global-analysis-file-sink
[9678:track-propagation]: [18:51:36][INFO] Sending end-of-stream message to channel from_track-propagation_to_internal-dpl-aod-writer
[9679:event-selection-task]: [18:51:36][INFO] CCDBManager summary: 6 queries, 6,251 bytes for 6 objects, 5 good fetches (and 0 failed ones) in 7,300 ms, instance: jinhyun-MacBook-Pro-2.local-1743673835-tHbT5f
[9679:event-selection-task]: [18:51:36][INFO] CCDB cache miss/hit/failures
[9679:event-selection-task]: [18:51:36][INFO]   ITS/Config/AlpideParam: 1/0/0 (1416-1416 bytes)
[9679:event-selection-task]: [18:51:36][INFO]   GLO/Config/GRPECS: 1/0/0 (1878-1878 bytes)
[9679:event-selection-task]: [18:51:36][INFO]   CTP/Calib/OrbitReset: 1/0/0 (563-563 bytes)
[9679:event-selection-task]: [18:51:36][INFO]   GLO/Config/GRPLHCIF: 1/0/0 (1815-1815 bytes)
[9679:event-selection-task]: [18:51:36][INFO]   CTP/Calib/FirstRunOrbit: 1/0/0 (579-579 bytes)
[9679:event-selection-task]: [18:51:36][INFO]   RCT-Run-Info HeaderOnly: 1/0/0 (0-0 bytes)
[9679:event-selection-task]: [18:51:36][INFO] Sending end-of-stream message to channel from_event-selection-task_to_multiplicity-table
[9679:event-selection-task]: [18:51:36][INFO] Sending end-of-stream message to channel from_event-selection-task_to_internal-dpl-aod-global-analysis-file-sink
[9680:multiplicity-table]: [18:51:36][INFO] CCDBManager summary: 2 queries, 3,719 bytes for 2 objects, 1 good fetches (and 0 failed ones) in 7,097 ms, instance: jinhyun-MacBook-Pro-2.local-1743673836-13Ve8o
[9680:multiplicity-table]: [18:51:36][INFO] CCDB cache miss/hit/failures
[9680:multiplicity-table]: [18:51:36][INFO]   Centrality/Calibration: 1/0/0 (3719-3719 bytes)
[9680:multiplicity-table]: [18:51:36][INFO]   RCT-Run-Info HeaderOnly: 1/0/0 (0-0 bytes)
[9680:multiplicity-table]: [18:51:36][INFO] Sending end-of-stream message to channel from_multiplicity-table_to_internal-dpl-aod-global-analysis-file-sink
[9680:multiplicity-table]: [18:51:36][INFO] Sending end-of-stream message to channel from_multiplicity-table_to_internal-dpl-aod-writer
[9681:internal-dpl-aod-writer]: [18:51:36][INFO] Sending end-of-stream message to channel from_internal-dpl-aod-writer_to_internal-dpl-injected-dummy-sink
[9682:internal-dpl-aod-global-analysis-file-sink]: [18:51:36][ERROR] Cannot read class info from buffer of ATSK/12c99cc07f5f____/0
[INFO] Quitting
[INFO] QUIT_REQUESTED
[9677:tracks-extra-spawner]: [18:51:36][INFO] Received device shutdown request (signal 15).
[9677:tracks-extra-spawner]: [18:51:36][INFO] Waiting for graceful device shutdown. Hit Ctrl-C again to abort immediately.
[9677:tracks-extra-spawner]: [18:51:36][INFO] New state requested. No timeout set, quitting immediately as per --completion-policy
[9666:internal-dpl-clock]: [18:51:36][INFO] Received device shutdown request (signal 15).
[9666:internal-dpl-clock]: [18:51:36][INFO] Waiting for graceful device shutdown. Hit Ctrl-C again to abort immediately.
[9677:tracks-extra-spawner]: [18:51:36][STATE] RUNNING ---> READY
[9677:tracks-extra-spawner]: [18:51:36][STATE] READY ---> RESETTING TASK
[9677:tracks-extra-spawner]: [18:51:36][STATE] RESETTING TASK ---> DEVICE READY
[9677:tracks-extra-spawner]: [18:51:36][STATE] DEVICE READY ---> RESETTING DEVICE
[9666:internal-dpl-clock]: [18:51:36][INFO] New state requested. No timeout set, quitting immediately as per --completion-policy
[9666:internal-dpl-clock]: [18:51:36][INFO] Sending end-of-stream message to channel from_internal-dpl-clock_to_internal-dpl-aod-reader
[9666:internal-dpl-clock]: [18:51:36][STATE] RUNNING ---> READY
[9666:internal-dpl-clock]: [18:51:36][STATE] READY ---> RESETTING TASK
[9666:internal-dpl-clock]: [18:51:36][STATE] RESETTING TASK ---> DEVICE READY
[9666:internal-dpl-clock]: [18:51:36][STATE] DEVICE READY ---> RESETTING DEVICE
[9666:internal-dpl-clock]: [18:51:36][STATE] RESETTING DEVICE ---> IDLE
[9666:internal-dpl-clock]: [18:51:36][STATE] IDLE ---> EXITING
[9666:internal-dpl-clock]: [18:51:36][STATE] Exiting FairMQ state machine
[9677:tracks-extra-spawner]: [18:51:36][STATE] RESETTING DEVICE ---> IDLE
[9677:tracks-extra-spawner]: [18:51:36][STATE] IDLE ---> EXITING
[9677:tracks-extra-spawner]: [18:51:36][STATE] Exiting FairMQ state machine
[9681:internal-dpl-aod-writer]: [18:51:36][INFO] Received device shutdown request (signal 15).
[9670:mc-collision-converter]: [18:51:36][INFO] Received device shutdown request (signal 15).
[9670:mc-collision-converter]: [18:51:36][INFO] Waiting for graceful device shutdown. Hit Ctrl-C again to abort immediately.
[9681:internal-dpl-aod-writer]: [18:51:36][INFO] Waiting for graceful device shutdown. Hit Ctrl-C again to abort immediately.
[9681:internal-dpl-aod-writer]: [18:51:36][INFO] New state requested. No timeout set, quitting immediately as per --completion-policy
[9670:mc-collision-converter]: [18:51:36][INFO] New state requested. No timeout set, quitting immediately as per --completion-policy
[9681:internal-dpl-aod-writer]: [18:51:36][STATE] RUNNING ---> READY
[9670:mc-collision-converter]: [18:51:36][STATE] RUNNING ---> READY
[9681:internal-dpl-aod-writer]: [18:51:36][STATE] READY ---> RESETTING TASK
[9670:mc-collision-converter]: [18:51:36][STATE] READY ---> RESETTING TASK
[9670:mc-collision-converter]: [18:51:36][STATE] RESETTING TASK ---> DEVICE READY
[9681:internal-dpl-aod-writer]: [18:51:36][STATE] RESETTING TASK ---> DEVICE READY
[9681:internal-dpl-aod-writer]: [18:51:36][STATE] DEVICE READY ---> RESETTING DEVICE
[9670:mc-collision-converter]: [18:51:36][STATE] DEVICE READY ---> RESETTING DEVICE
[9670:mc-collision-converter]: [18:51:36][STATE] RESETTING DEVICE ---> IDLE
[9670:mc-collision-converter]: [18:51:36][STATE] IDLE ---> EXITING
[9670:mc-collision-converter]: [18:51:36][STATE] Exiting FairMQ state machine
[9681:internal-dpl-aod-writer]: [18:51:36][STATE] RESETTING DEVICE ---> IDLE
[9681:internal-dpl-aod-writer]: [18:51:36][STATE] IDLE ---> EXITING
[9681:internal-dpl-aod-writer]: [18:51:36][STATE] Exiting FairMQ state machine
[9667:internal-dpl-aod-reader]: [18:51:36][INFO] Received device shutdown request (signal 15).
[9667:internal-dpl-aod-reader]: [18:51:36][INFO] Waiting for graceful device shutdown. Hit Ctrl-C again to abort immediately.
[9676:tracks-extra-v002-converter]: [18:51:36][INFO] Received device shutdown request (signal 15).
[9676:tracks-extra-v002-converter]: [18:51:36][INFO] Waiting for graceful device shutdown. Hit Ctrl-C again to abort immediately.
[9667:internal-dpl-aod-reader]: [18:51:36][INFO] New state requested. No timeout set, quitting immediately as per --completion-policy
[9676:tracks-extra-v002-converter]: [18:51:36][INFO] New state requested. No timeout set, quitting immediately as per --completion-policy
[9667:internal-dpl-aod-reader]: [18:51:36][STATE] RUNNING ---> READY
[9676:tracks-extra-v002-converter]: [18:51:36][STATE] RUNNING ---> READY
[9676:tracks-extra-v002-converter]: [18:51:36][STATE] READY ---> RESETTING TASK
[9676:tracks-extra-v002-converter]: [18:51:36][STATE] RESETTING TASK ---> DEVICE READY
[9676:tracks-extra-v002-converter]: [18:51:36][STATE] DEVICE READY ---> RESETTING DEVICE
[9667:internal-dpl-aod-reader]: [18:51:36][STATE] READY ---> RESETTING TASK
[9667:internal-dpl-aod-reader]: [18:51:36][STATE] RESETTING TASK ---> DEVICE READY
[9667:internal-dpl-aod-reader]: [18:51:36][STATE] DEVICE READY ---> RESETTING DEVICE
[9682:internal-dpl-aod-global-analysis-file-sink]: [18:51:36][INFO] Received device shutdown request (signal 15).
[9682:internal-dpl-aod-global-analysis-file-sink]: [18:51:36][INFO] Waiting for graceful device shutdown. Hit Ctrl-C again to abort immediately.
[9682:internal-dpl-aod-global-analysis-file-sink]: [18:51:36][INFO] New state requested. No timeout set, quitting immediately as per --completion-policy
[9682:internal-dpl-aod-global-analysis-file-sink]: [18:51:36][STATE] RUNNING ---> READY
[9682:internal-dpl-aod-global-analysis-file-sink]: [18:51:36][STATE] READY ---> RESETTING TASK
[9682:internal-dpl-aod-global-analysis-file-sink]: [18:51:36][STATE] RESETTING TASK ---> DEVICE READY
[9682:internal-dpl-aod-global-analysis-file-sink]: [18:51:36][STATE] DEVICE READY ---> RESETTING DEVICE
[9682:internal-dpl-aod-global-analysis-file-sink]: [18:51:36][STATE] RESETTING DEVICE ---> IDLE
[9682:internal-dpl-aod-global-analysis-file-sink]: [18:51:36][STATE] IDLE ---> EXITING
[9682:internal-dpl-aod-global-analysis-file-sink]: [18:51:36][STATE] Exiting FairMQ state machine
[9676:tracks-extra-v002-converter]: [18:51:36][STATE] RESETTING DEVICE ---> IDLE
[9676:tracks-extra-v002-converter]: [18:51:36][STATE] IDLE ---> EXITING
[9676:tracks-extra-v002-converter]: [18:51:36][STATE] Exiting FairMQ state machine
[9667:internal-dpl-aod-reader]: [18:51:36][STATE] RESETTING DEVICE ---> IDLE
[9667:internal-dpl-aod-reader]: [18:51:36][STATE] IDLE ---> EXITING
[9667:internal-dpl-aod-reader]: [18:51:36][STATE] Exiting FairMQ state machine
[9671:timestamp-task]: [18:51:36][INFO] Received device shutdown request (signal 15).
[9671:timestamp-task]: [18:51:36][INFO] Waiting for graceful device shutdown. Hit Ctrl-C again to abort immediately.
[9671:timestamp-task]: [18:51:36][INFO] New state requested. No timeout set, quitting immediately as per --completion-policy
[9671:timestamp-task]: [18:51:36][STATE] RUNNING ---> READY
[9671:timestamp-task]: [18:51:36][STATE] READY ---> RESETTING TASK
[9671:timestamp-task]: [18:51:36][STATE] RESETTING TASK ---> DEVICE READY
[9683:internal-dpl-injected-dummy-sink]: [18:51:36][INFO] Received device shutdown request (signal 15).
[9683:internal-dpl-injected-dummy-sink]: [18:51:36][INFO] Waiting for graceful device shutdown. Hit Ctrl-C again to abort immediately.
[9671:timestamp-task]: [18:51:36][STATE] DEVICE READY ---> RESETTING DEVICE
[9683:internal-dpl-injected-dummy-sink]: [18:51:36][INFO] New state requested. No timeout set, quitting immediately as per --completion-policy
[9683:internal-dpl-injected-dummy-sink]: [18:51:36][STATE] RUNNING ---> READY
[9683:internal-dpl-injected-dummy-sink]: [18:51:36][STATE] READY ---> RESETTING TASK
[9683:internal-dpl-injected-dummy-sink]: [18:51:36][STATE] RESETTING TASK ---> DEVICE READY
[9683:internal-dpl-injected-dummy-sink]: [18:51:36][STATE] DEVICE READY ---> RESETTING DEVICE
[9683:internal-dpl-injected-dummy-sink]: [18:51:36][STATE] RESETTING DEVICE ---> IDLE
[9683:internal-dpl-injected-dummy-sink]: [18:51:36][STATE] IDLE ---> EXITING
[9683:internal-dpl-injected-dummy-sink]: [18:51:36][STATE] Exiting FairMQ state machine
[9671:timestamp-task]: [18:51:36][STATE] RESETTING DEVICE ---> IDLE
[9671:timestamp-task]: [18:51:36][STATE] IDLE ---> EXITING
[9671:timestamp-task]: [18:51:36][STATE] Exiting FairMQ state machine
[9672:printouttable1]: [18:51:36][INFO] Received device shutdown request (signal 15).
[9672:printouttable1]: [18:51:36][INFO] Waiting for graceful device shutdown. Hit Ctrl-C again to abort immediately.
[9672:printouttable1]: [18:51:36][INFO] New state requested. No timeout set, quitting immediately as per --completion-policy
[9672:printouttable1]: [18:51:36][STATE] RUNNING ---> READY
[9672:printouttable1]: [18:51:36][STATE] READY ---> RESETTING TASK
[9672:printouttable1]: [18:51:36][STATE] RESETTING TASK ---> DEVICE READY
[9672:printouttable1]: [18:51:36][STATE] DEVICE READY ---> RESETTING DEVICE
[9672:printouttable1]: [18:51:36][STATE] RESETTING DEVICE ---> IDLE
[9672:printouttable1]: [18:51:36][STATE] IDLE ---> EXITING
[9672:printouttable1]: [18:51:36][STATE] Exiting FairMQ state machine
[9678:track-propagation]: [18:51:36][INFO] Received device shutdown request (signal 15).
[9678:track-propagation]: [18:51:36][INFO] Waiting for graceful device shutdown. Hit Ctrl-C again to abort immediately.
[9678:track-propagation]: [18:51:36][INFO] New state requested. No timeout set, quitting immediately as per --completion-policy
[9678:track-propagation]: [18:51:36][STATE] RUNNING ---> READY
[9678:track-propagation]: [18:51:36][STATE] READY ---> RESETTING TASK
[9678:track-propagation]: [18:51:36][STATE] RESETTING TASK ---> DEVICE READY
[9678:track-propagation]: [18:51:36][STATE] DEVICE READY ---> RESETTING DEVICE
[9674:bc-selection-task]: [18:51:36][INFO] Received device shutdown request (signal 15).
[9674:bc-selection-task]: [18:51:36][INFO] Waiting for graceful device shutdown. Hit Ctrl-C again to abort immediately.
[9674:bc-selection-task]: [18:51:36][INFO] New state requested. No timeout set, quitting immediately as per --completion-policy
[9674:bc-selection-task]: [18:51:36][STATE] RUNNING ---> READY
[9674:bc-selection-task]: [18:51:36][STATE] READY ---> RESETTING TASK
[9674:bc-selection-task]: [18:51:36][STATE] RESETTING TASK ---> DEVICE READY
[9674:bc-selection-task]: [18:51:36][STATE] DEVICE READY ---> RESETTING DEVICE
[9674:bc-selection-task]: [18:51:36][STATE] RESETTING DEVICE ---> IDLE
[9674:bc-selection-task]: [18:51:36][STATE] IDLE ---> EXITING
[9674:bc-selection-task]: [18:51:36][STATE] Exiting FairMQ state machine
[9678:track-propagation]: [18:51:36][STATE] RESETTING DEVICE ---> IDLE
[9678:track-propagation]: [18:51:36][STATE] IDLE ---> EXITING
[9678:track-propagation]: [18:51:36][STATE] Exiting FairMQ state machine
[9673:printouttable2]: [18:51:36][INFO] Received device shutdown request (signal 15).
[9673:printouttable2]: [18:51:36][INFO] Waiting for graceful device shutdown. Hit Ctrl-C again to abort immediately.
[9673:printouttable2]: [18:51:36][INFO] New state requested. No timeout set, quitting immediately as per --completion-policy
[9673:printouttable2]: [18:51:36][STATE] RUNNING ---> READY
[9673:printouttable2]: [18:51:36][STATE] READY ---> RESETTING TASK
[9673:printouttable2]: [18:51:36][STATE] RESETTING TASK ---> DEVICE READY
[9673:printouttable2]: [18:51:36][STATE] DEVICE READY ---> RESETTING DEVICE
[9669:internal-dpl-aod-index-builder]: [18:51:36][INFO] Received device shutdown request (signal 15).
[9669:internal-dpl-aod-index-builder]: [18:51:36][INFO] Waiting for graceful device shutdown. Hit Ctrl-C again to abort immediately.
[9669:internal-dpl-aod-index-builder]: [18:51:36][INFO] New state requested. No timeout set, quitting immediately as per --completion-policy
[9669:internal-dpl-aod-index-builder]: [18:51:36][STATE] RUNNING ---> READY
[9669:internal-dpl-aod-index-builder]: [18:51:36][STATE] READY ---> RESETTING TASK
[9669:internal-dpl-aod-index-builder]: [18:51:36][STATE] RESETTING TASK ---> DEVICE READY
[9669:internal-dpl-aod-index-builder]: [18:51:36][STATE] DEVICE READY ---> RESETTING DEVICE
[9673:printouttable2]: [18:51:36][STATE] RESETTING DEVICE ---> IDLE
[9673:printouttable2]: [18:51:36][STATE] IDLE ---> EXITING
[9673:printouttable2]: [18:51:36][STATE] Exiting FairMQ state machine
[9669:internal-dpl-aod-index-builder]: [18:51:36][STATE] RESETTING DEVICE ---> IDLE
[9669:internal-dpl-aod-index-builder]: [18:51:36][STATE] IDLE ---> EXITING
[9669:internal-dpl-aod-index-builder]: [18:51:36][STATE] Exiting FairMQ state machine
[9675:filltable]: [18:51:36][INFO] Received device shutdown request (signal 15).
[9675:filltable]: [18:51:36][INFO] Waiting for graceful device shutdown. Hit Ctrl-C again to abort immediately.
[9675:filltable]: [18:51:36][INFO] New state requested. No timeout set, quitting immediately as per --completion-policy
[9675:filltable]: [18:51:36][STATE] RUNNING ---> READY
[9675:filltable]: [18:51:36][STATE] READY ---> RESETTING TASK
[9675:filltable]: [18:51:36][STATE] RESETTING TASK ---> DEVICE READY
[9675:filltable]: [18:51:36][STATE] DEVICE READY ---> RESETTING DEVICE
[9679:event-selection-task]: [18:51:36][INFO] Received device shutdown request (signal 15).
[9679:event-selection-task]: [18:51:36][INFO] Waiting for graceful device shutdown. Hit Ctrl-C again to abort immediately.
[9679:event-selection-task]: [18:51:36][INFO] New state requested. No timeout set, quitting immediately as per --completion-policy
[9679:event-selection-task]: [18:51:36][STATE] RUNNING ---> READY
[9679:event-selection-task]: [18:51:36][STATE] READY ---> RESETTING TASK
[9679:event-selection-task]: [18:51:36][STATE] RESETTING TASK ---> DEVICE READY
[9679:event-selection-task]: [18:51:36][STATE] DEVICE READY ---> RESETTING DEVICE
[9668:internal-dpl-aod-spawner]: [18:51:36][INFO] Received device shutdown request (signal 15).
[9668:internal-dpl-aod-spawner]: [18:51:36][INFO] Waiting for graceful device shutdown. Hit Ctrl-C again to abort immediately.
[9675:filltable]: [18:51:36][STATE] RESETTING DEVICE ---> IDLE
[9668:internal-dpl-aod-spawner]: [18:51:36][INFO] New state requested. No timeout set, quitting immediately as per --completion-policy
[9675:filltable]: [18:51:36][STATE] IDLE ---> EXITING
[9668:internal-dpl-aod-spawner]: [18:51:36][STATE] RUNNING ---> READY
[9668:internal-dpl-aod-spawner]: [18:51:36][STATE] READY ---> RESETTING TASK
[9668:internal-dpl-aod-spawner]: [18:51:36][STATE] RESETTING TASK ---> DEVICE READY
[9668:internal-dpl-aod-spawner]: [18:51:36][STATE] DEVICE READY ---> RESETTING DEVICE
[9679:event-selection-task]: [18:51:36][STATE] RESETTING DEVICE ---> IDLE
[9679:event-selection-task]: [18:51:36][STATE] IDLE ---> EXITING
[9679:event-selection-task]: [18:51:36][STATE] Exiting FairMQ state machine
[9675:filltable]: [18:51:36][STATE] Exiting FairMQ state machine
[9680:multiplicity-table]: [18:51:36][INFO] Received device shutdown request (signal 15).
[9680:multiplicity-table]: [18:51:36][INFO] Waiting for graceful device shutdown. Hit Ctrl-C again to abort immediately.
[9680:multiplicity-table]: [18:51:36][INFO] New state requested. No timeout set, quitting immediately as per --completion-policy
[9680:multiplicity-table]: [18:51:36][STATE] RUNNING ---> READY
[9680:multiplicity-table]: [18:51:36][STATE] READY ---> RESETTING TASK
[9680:multiplicity-table]: [18:51:36][STATE] RESETTING TASK ---> DEVICE READY
[9680:multiplicity-table]: [18:51:36][STATE] DEVICE READY ---> RESETTING DEVICE
[9680:multiplicity-table]: [18:51:36][INFO] Cleaning up for shared memory id 'b84f971c'...
[9680:multiplicity-table]: [18:51:36][INFO] Found 0 unmanaged regions...
[9680:multiplicity-table]: [18:51:36][INFO] Found 1 managed segments...
[9680:multiplicity-table]: [18:51:36][INFO] Successfully removed 'fmq_b84f971c_m_0'.
[9680:multiplicity-table]: [18:51:36][INFO] Successfully removed 'fmq_b84f971c_mng'.
[9668:internal-dpl-aod-spawner]: [18:51:36][STATE] RESETTING DEVICE ---> IDLE
[9668:internal-dpl-aod-spawner]: [18:51:36][STATE] IDLE ---> EXITING
[9668:internal-dpl-aod-spawner]: [18:51:36][STATE] Exiting FairMQ state machine
[9680:multiplicity-table]: [18:51:36][STATE] RESETTING DEVICE ---> IDLE
[9680:multiplicity-table]: [18:51:36][STATE] IDLE ---> EXITING
[9680:multiplicity-table]: [18:51:36][STATE] Exiting FairMQ state machine
[INFO] ## Processes completed. Run summary:
[INFO] ### Devices started: 18
[INFO]  - Device internal-dpl-clock: pid 9666 (exit 0)
[INFO]  - Device internal-dpl-aod-reader: pid 9667 (exit 0)
[INFO]  - Device internal-dpl-aod-spawner: pid 9668 (exit 0)
[INFO]  - Device internal-dpl-aod-index-builder: pid 9669 (exit 0)
[INFO]  - Device mc-collision-converter: pid 9670 (exit 0)
[INFO]  - Device timestamp-task: pid 9671 (exit 0)
[INFO]  - Device printouttable1: pid 9672 (exit 0)
[INFO]  - Device printouttable2: pid 9673 (exit 0)
[INFO]  - Device bc-selection-task: pid 9674 (exit 0)
[INFO]  - Device filltable: pid 9675 (exit 0)
[INFO]  - Device tracks-extra-v002-converter: pid 9676 (exit 0)
[INFO]  - Device tracks-extra-spawner: pid 9677 (exit 0)
[INFO]  - Device track-propagation: pid 9678 (exit 0)
[INFO]  - Device event-selection-task: pid 9679 (exit 0)
[INFO]  - Device multiplicity-table: pid 9680 (exit 0)
[INFO]  - Device internal-dpl-aod-writer: pid 9681 (exit 0)
[INFO]  - Device internal-dpl-aod-global-analysis-file-sink: pid 9682 (exit 0)
[INFO]  - Device internal-dpl-injected-dummy-sink: pid 9683 (exit 0)
[INFO] ## Analysis Run Summary ##
[INFO] ### Files read stats ###
[INFO] lfn=/Users/jinhyunpark/npl/Analysis/ALICE/data/ao2d/O2Tutorial4.0/MC/AO2D.root,size=1775705331,total_df=31,read_df=31,read_bytes=2929533157,read_calls=4236,io_time=7.6,wait_time=43.9,level=0
[INFO] Dumping used configuration in dpl-config.json
